teacher_call_fraction_requested,teacher_calls,teacher_call_fraction_actual,student_coverage,spearman,risk,recall_top_1_percent,recall_top_5_percent,recall_fixed_100,ndcg_top_1_percent,ndcg_top_5_percent,ndcg_fixed_100,replicate,aurc_risk_coverage
0.0,0,0.0,1.0,0.26191017193450705,0.738089828065493,0.010875658244192085,0.09493499333578921,0.014222222222222223,0.34683176722158043,0.41277833597756136,0.35345912172438604,0,0.3275322656758386
0.01,3558,0.010055392267691612,0.9899446077323084,0.2718652597897371,0.728134740210263,0.016252156454303425,0.09697310315591298,0.01955555555555556,0.4161716957373251,0.44051695019944986,0.41387774894606816,0,0.3275322656758386
0.05,17709,0.050048044313814155,0.9499519556861858,0.3116736281265337,0.6883263718734663,0.05125631323296756,0.10685484568027347,0.052222222222222225,0.5685522704934245,0.5024688191303923,0.5444576362345331,0,0.3275322656758386
0.1,35401,0.10004804431381416,0.8999519556861858,0.3592971033524798,0.6407028966475201,0.10082069489216464,0.1259404365650145,0.10355555555555555,0.681988818315082,0.5596540754917021,0.6590804699777035,0,0.3275322656758386
0.2,70783,0.20004239204160074,0.7999576079583992,0.4511690984826205,0.5488309015173795,0.19149321174288808,0.19818178838172712,0.19333333333333333,0.7911027647039699,0.6599366103360575,0.7739762045789138,0,0.3275322656758386
0.3,106173,0.30005934885824104,0.699940651141759,0.5378655498804084,0.4621344501195917,0.29188274907598977,0.2967835751545302,0.2964444444444444,0.8516057268232006,0.7449331614690089,0.8392157590175707,0,0.3275322656758386
0.5,176928,0.5000226090888538,0.49997739091114624,0.6958395944552536,0.3041604055447464,0.49146117865799616,0.49999068298439686,0.49266666666666664,0.9202684740814507,0.8558758226051696,0.9135079489515712,0,0.3275322656758386
0.75,265397,0.7500480443138141,0.2499519556861859,0.8642287031291782,0.13577129687082198,0.7414850540804928,0.7499750583089816,0.7451111111111112,0.9674082909633075,0.9414738031254051,0.9647997263261047,0,0.3275322656758386
1.0,353840,1.0,0.0,1.0,6.908054375445419e-17,1.0,1.0,1.0,1.0,1.0,1.0,0,0.3275322656758386
0.0,0,0.0,1.0,0.26191017193450705,0.738089828065493,0.010875658244192085,0.09493499333578921,0.014222222222222223,0.34683176722158043,0.41277833597756136,0.35345912172438604,1,0.3276322032249902
0.01,3558,0.010055392267691612,0.9899446077323084,0.2716510014077714,0.7283489985922286,0.01656375110827571,0.0980135927631466,0.021333333333333336,0.4197614770805302,0.4421317338580141,0.41691091513334144,1,0.3276322032249902
0.05,17709,0.050048044313814155,0.9499519556861858,0.3110887454411587,0.6889112545588414,0.04357858917287967,0.10802159860273648,0.04777777777777777,0.5685617089831116,0.5026718601912376,0.5448876493302626,1,0.3276322032249902
0.1,35401,0.10004804431381416,0.8999519556861858,0.35922340256885277,0.6407765974311472,0.09564122447610929,0.1265544152399702,0.09844444444444443,0.6841175409692888,0.5615185849558059,0.6615289070247248,1,0.3276322032249902
0.2,70783,0.20004239204160074,0.7999576079583992,0.45103747768645264,0.5489625223135474,0.20110766981057746,0.20258901137846003,0.20444444444444446,0.7966067388215532,0.6651610745654266,0.7796489099776794,1,0.3276322032249902
0.3,106173,0.30005934885824104,0.699940651141759,0.5380929374000983,0.46190706259990166,0.30387990036947615,0.3044745079822795,0.30600000000000005,0.8564584526755119,0.7505632132661485,0.843928163154843,1,0.3276322032249902
0.5,176928,0.5000226090888538,0.49997739091114624,0.6952099940623421,0.304790005937658,0.5103249038897972,0.5024898249619534,0.5135555555555555,0.9228105577657446,0.858336257731588,0.9162462436140462,1,0.3276322032249902
0.75,265397,0.7500480443138141,0.2499519556861859,0.8644606434346016,0.13553935656539848,0.7542359912011266,0.7502344025251663,0.7548888888888887,0.9704245708778406,0.9428505049550738,0.9675902650787658,1,0.3276322032249902
1.0,353840,1.0,0.0,1.0,6.908054375445419e-17,1.0,1.0,1.0,1.0,1.0,1.0,1,0.3276322032249902
0.0,0,0.0,1.0,0.26191017193450705,0.738089828065493,0.010875658244192085,0.09493499333578921,0.014222222222222223,0.34683176722158043,0.41277833597756136,0.35345912172438604,2,0.328342622772261
0.01,3558,0.010055392267691612,0.9899446077323084,0.2717872916794114,0.7282127083205885,0.016251821900410197,0.09795924413559615,0.018888888888888893,0.41689954241080585,0.441150745688456,0.41465640392261344,2,0.328342622772261
0.05,17709,0.050048044313814155,0.9499519556861858,0.3108205835122381,0.6891794164877618,0.05209764865390997,0.10812270364643177,0.05088888888888888,0.5699221433462283,0.5037295352786213,0.5453370846357134,2,0.328342622772261
0.1,35401,0.10004804431381416,0.8999519556861858,0.3585018994500022,0.6414981005499978,0.09708064913057532,0.125476870847377,0.09555555555555553,0.6797370647609084,0.5593114264489505,0.6569212515839532,2,0.328342622772261
0.2,70783,0.20004239204160074,0.7999576079583992,0.4504739359440675,0.5495260640559324,0.20285782547242048,0.2042979871233258,0.20177777777777778,0.7974047026493836,0.6642981636917313,0.7804835132841158,2,0.328342622772261
0.3,106173,0.30005934885824104,0.699940651141759,0.53709878661653,0.46290121338347,0.3026447613632653,0.30430865210414293,0.3022222222222223,0.8568383921668502,0.7503727562914624,0.8442937524668047,2,0.328342622772261
0.5,176928,0.5000226090888538,0.49997739091114624,0.6946202943455085,0.3053797056544915,0.5024897049876685,0.5001963682283551,0.5013333333333334,0.9191603824767305,0.8559849786200502,0.9130744343884735,2,0.328342622772261
0.75,265397,0.7500480443138141,0.2499519556861859,0.8632225721111553,0.13677742788884464,0.7417560106461613,0.750014268565654,0.7451111111111112,0.9663930878904918,0.9410519673206464,0.9639359550786286,2,0.328342622772261
1.0,353840,1.0,0.0,1.0,6.908054375445419e-17,1.0,1.0,1.0,1.0,1.0,1.0,2,0.328342622772261
0.0,0,0.0,1.0,0.26191017193450705,0.738089828065493,0.010875658244192085,0.09493499333578921,0.014222222222222223,0.34683176722158043,0.41277833597756136,0.35345912172438604,3,0.3270995578591075
0.01,3558,0.010055392267691612,0.9899446077323084,0.2717409362754007,0.7282590637245993,0.015401183268114078,0.09928997529454728,0.017777777777777778,0.4189114411432579,0.44212057483826894,0.4160792404680892,3,0.3270995578591075
0.05,17709,0.050048044313814155,0.9499519556861858,0.3110867383163058,0.6889132616836942,0.052253231883135076,0.11142054009652913,0.05177777777777777,0.5725480725149759,0.5047119564433652,0.5484649441819477,3,0.3270995578591075
0.1,35401,0.10004804431381416,0.8999519556861858,0.35909861427526213,0.6409013857247378,0.09855577474715164,0.12765070154263408,0.09844444444444442,0.6808315694087596,0.5604640465951635,0.6584996084727012,3,0.3270995578591075
0.2,70783,0.20004239204160074,0.7999576079583992,0.4516144200115536,0.5483855799884464,0.19271586181211342,0.19790847719779034,0.19066666666666662,0.7879988044250903,0.6597345879496593,0.7714711413381805,3,0.3270995578591075
0.3,106173,0.30005934885824104,0.699940651141759,0.5386396690794063,0.4613603309205938,0.2933491394746642,0.2982774422640171,0.2906666666666667,0.8477934312595866,0.7445053145707904,0.8357809607783759,3,0.3270995578591075
0.5,176928,0.5000226090888538,0.49997739091114624,0.6963822036665894,0.3036177963334106,0.5034694736096653,0.4975312309627239,0.4975555555555556,0.9173556909727156,0.8541669905158428,0.9109619202390996,3,0.3270995578591075
0.75,265397,0.7500480443138141,0.2499519556861859,0.8650062742814005,0.1349937257185995,0.7490032586076457,0.7481887353170852,0.7428888888888889,0.9658911603828073,0.9401736988140954,0.9631669426828217,3,0.3270995578591075
1.0,353840,1.0,0.0,1.0,6.908054375445419e-17,1.0,1.0,1.0,1.0,1.0,1.0,3,0.3270995578591075
0.0,0,0.0,1.0,0.26191017193450705,0.738089828065493,0.010875658244192085,0.09493499333578921,0.014222222222222223,0.34683176722158043,0.41277833597756136,0.35345912172438604,4,0.32751133318994663
0.01,3558,0.010055392267691612,0.9899446077323084,0.2720021050578151,0.727997894942185,0.01793370081383543,0.09767104098123489,0.021111111111111112,0.41910077465187223,0.44207123961649847,0.41617891743015273,4,0.32751133318994663
0.05,17709,0.050048044313814155,0.9499519556861858,0.31074244075748864,0.6892575592425114,0.04803042407872109,0.10649087424653894,0.049333333333333326,0.5668863943497501,0.5018885162308877,0.5428622818533633,4,0.32751133318994663
0.1,35401,0.10004804431381416,0.8999519556861858,0.35891236674298216,0.6410876332570176,0.09532640970545923,0.12491987283464286,0.09644444444444444,0.6807744137479104,0.5594592453238433,0.6578859171214849,4,0.32751133318994663
0.2,70783,0.20004239204160074,0.7999576079583992,0.4509057807248014,0.5490942192751986,0.1951837000794165,0.1963618863717347,0.1911111111111111,0.7900102071316324,0.659558365394432,0.7730818526775968,4,0.32751133318994663
0.3,106173,0.30005934885824104,0.699940651141759,0.5379774141829808,0.46202258581701916,0.2903408554883015,0.2968128910410526,0.28933333333333333,0.8485281511057862,0.7441868908634043,0.8364242053349844,4,0.32751133318994663
0.5,176928,0.5000226090888538,0.49997739091114624,0.6960737605631591,0.303926239436841,0.4868628855012842,0.4979863665724147,0.48800000000000004,0.9150900660858395,0.8533600581241934,0.9089379608637352,4,0.32751133318994663
0.75,265397,0.7500480443138141,0.2499519556861859,0.8644092349334838,0.13559076506651643,0.7401433232707201,0.7474629086611865,0.7395555555555556,0.965552209262586,0.9401568640605666,0.9629759509085323,4,0.32751133318994663
1.0,353840,1.0,0.0,1.0,6.908054375445419e-17,1.0,1.0,1.0,1.0,1.0,1.0,4,0.32751133318994663
0.0,0,0.0,1.0,0.26191017193450705,0.738089828065493,0.010875658244192085,0.09493499333578921,0.014222222222222223,0.34683176722158043,0.41277833597756136,0.35345912172438604,5,0.32750640132885467
0.01,3558,0.010055392267691612,0.9899446077323084,0.2719477544175048,0.7280522455824953,0.01634604225201753,0.09709912866061132,0.019111111111111113,0.4172521751655551,0.44077648407050957,0.4146842878394005,5,0.32750640132885467
0.05,17709,0.050048044313814155,0.9499519556861858,0.3114041561716891,0.688595843828311,0.053182160736840726,0.1079355903997379,0.051333333333333335,0.5718218820708378,0.5038315308854309,0.5473093550177175,5,0.32750640132885467
0.1,35401,0.10004804431381416,0.8999519556861858,0.3597343526593099,0.64026564734069,0.10218973635116543,0.12528438772763592,0.09977777777777776,0.6859868345729191,0.5614740479617912,0.6625848165999596,5,0.32750640132885467
0.2,70783,0.20004239204160074,0.7999576079583992,0.4517867400947915,0.5482132599052085,0.1990804182490123,0.199681225924988,0.19755555555555548,0.7971178343712817,0.663150716752612,0.7796419310223726,5,0.32750640132885467
0.3,106173,0.30005934885824104,0.699940651141759,0.5375878920126052,0.46241210798739474,0.313258412646389,0.3033680074600211,0.30955555555555553,0.8580702811055149,0.7493947086398987,0.8459853680634101,5,0.32750640132885467
0.5,176928,0.5000226090888538,0.49997739091114624,0.695601315400223,0.30439868459977704,0.5233626580683238,0.5036412396948992,0.5124444444444444,0.9247692222471126,0.8594610240741736,0.9181583811361699,5,0.32750640132885467
0.75,265397,0.7500480443138141,0.2499519556861859,0.8643751997824146,0.1356248002175851,0.7643079119052986,0.7534822744437741,0.7604444444444444,0.970168449902171,0.9436862691884762,0.9675898380506331,5,0.32750640132885467
1.0,353840,1.0,0.0,1.0,6.908054375445419e-17,1.0,1.0,1.0,1.0,1.0,1.0,5,0.32750640132885467
0.0,0,0.0,1.0,0.26191017193450705,0.738089828065493,0.010875658244192085,0.09493499333578921,0.014222222222222223,0.34683176722158043,0.41277833597756136,0.35345912172438604,6,0.3278464145145845
0.01,3558,0.010055392267691612,0.9899446077323084,0.2718883360289325,0.7281116639710676,0.01797457422583303,0.09673732044218183,0.019111111111111113,0.4169754826373694,0.44125341638994126,0.4147409830258567,6,0.3278464145145845
0.05,17709,0.050048044313814155,0.9499519556861858,0.3115253754304819,0.688474624569518,0.05310566059944439,0.1074465475621817,0.05333333333333332,0.5723449746129505,0.5039366945119328,0.5478975126428636,6,0.3278464145145845
0.1,35401,0.10004804431381416,0.8999519556861858,0.36029015912478973,0.6397098408752103,0.1050585040811413,0.12565622938143717,0.10355555555555555,0.6869196583264889,0.5623471103715159,0.6634079780955056,6,0.3278464145145845
0.2,70783,0.20004239204160074,0.7999576079583992,0.45122757591347606,0.5487724240865239,0.2047215966792878,0.20064491154193845,0.20711111111111108,0.7986054191565229,0.6642850199941492,0.7810053476743559,6,0.3278464145145845
0.3,106173,0.30005934885824104,0.699940651141759,0.5380770984265882,0.4619229015734118,0.3061078562950433,0.3015789590336666,0.3084444444444444,0.8576615183785598,0.7490223316713838,0.8448275214808054,6,0.3278464145145845
0.5,176928,0.5000226090888538,0.49997739091114624,0.6946431495194022,0.30535685048059785,0.4908566452577645,0.5025526216303587,0.49555555555555564,0.9215400330314473,0.856977160143097,0.9144749960434109,6,0.3278464145145845
0.75,265397,0.7500480443138141,0.2499519556861859,0.8636250087755581,0.1363749912244417,0.7513520235395786,0.7531631726668648,0.7522222222222221,0.9697493587425091,0.9427249968216526,0.966909554669538,6,0.3278464145145845
1.0,353840,1.0,0.0,1.0,6.908054375445419e-17,1.0,1.0,1.0,1.0,1.0,1.0,6,0.3278464145145845
0.0,0,0.0,1.0,0.26191017193450705,0.738089828065493,0.010875658244192085,0.09493499333578921,0.014222222222222223,0.34683176722158043,0.41277833597756136,0.35345912172438604,7,0.3273922294651448
0.01,3558,0.010055392267691612,0.9899446077323084,0.27196121275601526,0.7280387872439846,0.015453431060316087,0.09778805234517023,0.018000000000000002,0.41669920815765615,0.44109158289105366,0.4141660366278231,7,0.3273922294651448
0.05,17709,0.050048044313814155,0.9499519556861858,0.3114650105447315,0.6885349894552686,0.04930344772451496,0.10746764090276315,0.04822222222222221,0.5691212224672249,0.5029266350090462,0.5449084355981547,7,0.3273922294651448
0.1,35401,0.10004804431381416,0.8999519556861858,0.3600649498644952,0.6399350501355047,0.09752766431733711,0.12794654251671295,0.09555555555555553,0.685300530537602,0.5616101334637611,0.6623343690121545,7,0.3273922294651448
0.2,70783,0.20004239204160074,0.7999576079583992,0.45172130934714616,0.5482786906528538,0.1871706983318425,0.19796291035588112,0.18377777777777782,0.7888205102335487,0.6594221338228325,0.7722430178345634,7,0.3273922294651448
0.3,106173,0.30005934885824104,0.699940651141759,0.5386070664325585,0.4613929335674415,0.2923935267489704,0.2995965335669569,0.28977777777777775,0.8527882759937224,0.7466599944290212,0.8403211760794032,7,0.3273922294651448
0.5,176928,0.5000226090888538,0.49997739091114624,0.6958396567907992,0.30416034320920077,0.48404655933737184,0.49611212329580956,0.48399999999999993,0.9185238898019554,0.8547899772146582,0.9117380861182378,7,0.3273922294651448
0.75,265397,0.7500480443138141,0.2499519556861859,0.8639205988249786,0.1360794011750215,0.7391813733038346,0.7493786690756721,0.7397777777777778,0.9680157286939198,0.9408776056499266,0.9649881470791761,7,0.3273922294651448
1.0,353840,1.0,0.0,1.0,6.908054375445419e-17,1.0,1.0,1.0,1.0,1.0,1.0,7,0.3273922294651448
0.0,0,0.0,1.0,0.26191017193450705,0.738089828065493,0.010875658244192085,0.09493499333578921,0.014222222222222223,0.34683176722158043,0.41277833597756136,0.35345912172438604,8,0.32716187845809075
0.01,3558,0.010055392267691612,0.9899446077323084,0.27215786290192007,0.7278421370980801,0.019961900617115017,0.09912480173163415,0.022222222222222223,0.42520105630772276,0.4445755452373579,0.4218952905223279,8,0.32716187845809075
0.05,17709,0.050048044313814155,0.9499519556861858,0.3118069454269954,0.6881930545730046,0.053125055466404864,0.10961805720264381,0.051999999999999984,0.5762535248432586,0.5063476922612169,0.5514439576734199,8,0.32716187845809075
0.1,35401,0.10004804431381416,0.8999519556861858,0.3593165212496664,0.6406834787503335,0.10279055287674424,0.12703410525107703,0.10333333333333335,0.6874490404135981,0.5635252415680481,0.6649532258214792,8,0.32716187845809075
0.2,70783,0.20004239204160074,0.7999576079583992,0.45171039163460625,0.5482896083653939,0.20923965571424705,0.1964118614614529,0.206,0.7940515536396914,0.6622501407791174,0.7767789713221164,8,0.32716187845809075
0.3,106173,0.30005934885824104,0.699940651141759,0.5388508264689034,0.46114917353109663,0.30631856263079305,0.2999151850914368,0.30533333333333335,0.8529591434100905,0.7472762046967161,0.8406107164851234,8,0.32716187845809075
0.5,176928,0.5000226090888538,0.49997739091114624,0.695936262456127,0.304063737543873,0.4967885331729545,0.49611694352250557,0.49777777777777776,0.9202573024884193,0.8546232805376223,0.9131355716193926,8,0.32716187845809075
0.75,265397,0.7500480443138141,0.2499519556861859,0.8647565116512629,0.1352434883487371,0.7466427496974174,0.7456890076025049,0.7482222222222222,0.9687724773190826,0.9408436638469927,0.9658085735264998,8,0.32716187845809075
1.0,353840,1.0,0.0,1.0,6.908054375445419e-17,1.0,1.0,1.0,1.0,1.0,1.0,8,0.32716187845809075
0.0,0,0.0,1.0,0.26191017193450705,0.738089828065493,0.010875658244192085,0.09493499333578921,0.014222222222222223,0.34683176722158043,0.41277833597756136,0.35345912172438604,9,0.32744272659422147
0.01,3558,0.010055392267691612,0.9899446077323084,0.2721254540211027,0.7278745459788973,0.017946195069085052,0.09938346121870961,0.022222222222222227,0.42406711893900967,0.44415526210494527,0.4204800205299527,9,0.32744272659422147
0.05,17709,0.050048044313814155,0.9499519556861858,0.3113868026894241,0.6886131973105759,0.04718152804377233,0.10932176273176403,0.04999999999999998,0.5697505070733953,0.5039321448249886,0.546002971417811,9,0.32744272659422147
0.1,35401,0.10004804431381416,0.8999519556861858,0.3585185035010202,0.6414814964989798,0.0932554840428085,0.12490454562989009,0.09533333333333334,0.6798975457755956,0.5597738160845159,0.6577762213929846,9,0.32744272659422147
0.2,70783,0.20004239204160074,0.7999576079583992,0.4499793969969349,0.5500206030030651,0.18071448142649216,0.19799971361723084,0.18688888888888888,0.7864578741843099,0.659453828573197,0.7700718166575514,9,0.32744272659422147
0.3,106173,0.30005934885824104,0.699940651141759,0.5377296995532086,0.4622703004467914,0.28460672804818454,0.29588355746288914,0.2922222222222222,0.8470703419038385,0.7442827166111315,0.835144728834902,9,0.32744272659422147
0.5,176928,0.5000226090888538,0.49997739091114624,0.6961390176982695,0.3038609823017306,0.4791771033421154,0.49343314292876356,0.48866666666666664,0.9154067512496175,0.8526844307101099,0.9087274787068562,9,0.32744272659422147
0.75,265397,0.7500480443138141,0.2499519556861859,0.8651339896480429,0.1348660103519571,0.7505196522351129,0.7484592212388318,0.7519999999999999,0.9680998166563127,0.9416466044568335,0.9653287200185664,9,0.32744272659422147
1.0,353840,1.0,0.0,1.0,6.908054375445419e-17,1.0,1.0,1.0,1.0,1.0,1.0,9,0.32744272659422147
0.0,0,0.0,1.0,0.26191017193450705,0.738089828065493,0.010875658244192085,0.09493499333578921,0.014222222222222223,0.34683176722158043,0.41277833597756136,0.35345912172438604,10,0.32751486100224153
0.01,3558,0.010055392267691612,0.9899446077323084,0.2718494061950958,0.7281505938049043,0.01798588329818961,0.09780858378265114,0.020666666666666667,0.41901657942788395,0.44196099339740574,0.4159603866041451,10,0.32751486100224153
0.05,17709,0.050048044313814155,0.9499519556861858,0.3119305084133693,0.6880694915866308,0.04919700808136048,0.10774910041503773,0.04822222222222222,0.5699538577530076,0.5036723480233253,0.5459889550584529,10,0.32751486100224153
0.1,35401,0.10004804431381416,0.8999519556861858,0.3595570897054827,0.6404429102945173,0.10552494057301048,0.12761771210923856,0.10288888888888889,0.6858256406605164,0.5619637814493219,0.662336757946683,10,0.32751486100224153
0.2,70783,0.20004239204160074,0.7999576079583992,0.45187154689379655,0.5481284531062034,0.20503504529868266,0.20115410527822203,0.20200000000000004,0.7977401786994999,0.6632117097090063,0.7801457346443947,10,0.32751486100224153
0.3,106173,0.30005934885824104,0.699940651141759,0.5373430850728462,0.46265691492715383,0.30766011946180816,0.2997869022231764,0.30600000000000005,0.8559589598773196,0.7470170072475317,0.8436489345936066,10,0.32751486100224153
0.5,176928,0.5000226090888538,0.49997739091114624,0.6955200174055084,0.3044799825944916,0.5101661616581739,0.5045167903401864,0.5095555555555557,0.9205549316055431,0.8574763438580904,0.9141087762163502,10,0.32751486100224153
0.75,265397,0.7500480443138141,0.2499519556861859,0.8644957682251424,0.13550423177485757,0.7593800930216307,0.7547156634190538,0.7606666666666665,0.970539033502446,0.9436438537059052,0.9677618334385873,10,0.32751486100224153
1.0,353840,1.0,0.0,1.0,6.908054375445419e-17,1.0,1.0,1.0,1.0,1.0,1.0,10,0.32751486100224153
0.0,0,0.0,1.0,0.26191017193450705,0.738089828065493,0.010875658244192085,0.09493499333578921,0.014222222222222223,0.34683176722158043,0.41277833597756136,0.35345912172438604,11,0.32830315613961725
0.01,3558,0.010055392267691612,0.9899446077323084,0.27182103100173644,0.7281789689982637,0.017107400487344344,0.09721913870375912,0.018888888888888893,0.41782136113519003,0.4409772066198296,0.41493613982147154,11,0.32830315613961725
0.05,17709,0.050048044313814155,0.9499519556861858,0.3106938947901774,0.6893061052098226,0.05531707118973548,0.10826153432250568,0.05377777777777778,0.573297354044932,0.5043592501498925,0.548780626363772,11,0.32830315613961725
0.1,35401,0.10004804431381416,0.8999519556861858,0.3578026262264983,0.6421973737735016,0.11066451212899135,0.12734305102257754,0.10666666666666666,0.6859912548621955,0.5622452409043823,0.663040173348907,11,0.32830315613961725
0.2,70783,0.20004239204160074,0.7999576079583992,0.4496943615633459,0.550305638436654,0.21241936326322602,0.20183752130267463,0.2077777777777778,0.8008570452356025,0.6655258385542657,0.7828761615419615,11,0.32830315613961725
0.3,106173,0.30005934885824104,0.699940651141759,0.5366096142188966,0.4633903857811034,0.3079550960900076,0.29947042768003007,0.3048888888888889,0.8551230584353255,0.7475761486721613,0.8428365017828097,11,0.32830315613961725
0.5,176928,0.5000226090888538,0.49997739091114624,0.6947522987031872,0.3052477012968128,0.5102064710743838,0.4986341705901228,0.5022222222222221,0.921755736951006,0.8568538532052644,0.9150132250853147,11,0.32830315613961725
0.75,265397,0.7500480443138141,0.2499519556861859,0.8640962076663647,0.13590379233363514,0.7530495162077552,0.7487800328473218,0.7480000000000001,0.9685478802858468,0.9417332545390059,0.9657837375720607,11,0.32830315613961725
1.0,353840,1.0,0.0,1.0,6.908054375445419e-17,1.0,1.0,1.0,1.0,1.0,1.0,11,0.32830315613961725
0.0,0,0.0,1.0,0.26191017193450705,0.738089828065493,0.010875658244192085,0.09493499333578921,0.014222222222222223,0.34683176722158043,0.41277833597756136,0.35345912172438604,12,0.3278848774247749
0.01,3558,0.010055392267691612,0.9899446077323084,0.2721705514579942,0.7278294485420059,0.01660475391812427,0.09714634801708437,0.018666666666666668,0.4163684256281712,0.4410061722857028,0.41363630678347196,12,0.3278848774247749
0.05,17709,0.050048044313814155,0.9499519556861858,0.3111807648013181,0.6888192351986819,0.04806907020941002,0.10791078898312871,0.049333333333333326,0.5700768173223475,0.5035736349453623,0.5459069965297902,12,0.3278848774247749
0.1,35401,0.10004804431381416,0.8999519556861858,0.35905723441793574,0.6409427655820642,0.0986476800195888,0.12638694922093988,0.10177777777777777,0.6882519629465071,0.5633883810487131,0.6652609866754969,12,0.3278848774247749
0.2,70783,0.20004239204160074,0.7999576079583992,0.4506031106284304,0.5493968893715695,0.19909503096432551,0.20353122881858937,0.20244444444444448,0.8006916865536392,0.6653791974655541,0.7832815772858231,12,0.3278848774247749
0.3,106173,0.30005934885824104,0.699940651141759,0.5377581550790264,0.46224184492097364,0.302002339419278,0.3044167339008171,0.30622222222222223,0.8577504216253554,0.7496327894870041,0.845437936474084,12,0.3278848774247749
0.5,176928,0.5000226090888538,0.49997739091114624,0.6959165601763946,0.3040834398236055,0.5075501113298807,0.4985015524777155,0.5097777777777779,0.923251185810878,0.85744402988695,0.9168139615199749,12,0.3278848774247749
0.75,265397,0.7500480443138141,0.2499519556861859,0.8631698890390256,0.13683011096097455,0.7533555649403093,0.7470073373060688,0.7517777777777778,0.9698593550096913,0.9423511925041881,0.9669707334762536,12,0.3278848774247749
1.0,353840,1.0,0.0,1.0,6.908054375445419e-17,1.0,1.0,1.0,1.0,1.0,1.0,12,0.3278848774247749
0.0,0,0.0,1.0,0.26191017193450705,0.738089828065493,0.010875658244192085,0.09493499333578921,0.014222222222222223,0.34683176722158043,0.41277833597756136,0.35345912172438604,13,0.3274714557600312
0.01,3558,0.010055392267691612,0.9899446077323084,0.27164238119951967,0.7283576188004804,0.014563197054009476,0.09804036634715997,0.019111111111111113,0.419610543587678,0.4421094004863235,0.4168247555355544,13,0.3274714557600312
0.05,17709,0.050048044313814155,0.9499519556861858,0.3113347591368542,0.6886652408631457,0.05224689698631676,0.10929845041640768,0.053777777777777765,0.5769556240072143,0.5065820832975384,0.552228730594153,13,0.3274714557600312
0.1,35401,0.10004804431381416,0.8999519556861858,0.3596585152254457,0.6403414847745543,0.10008415235481904,0.12626241354640413,0.10044444444444443,0.6852828883646884,0.5627724638288397,0.6625766569244825,13,0.3274714557600312
0.2,70783,0.20004239204160074,0.7999576079583992,0.4512259408772558,0.5487740591227441,0.20666494484078438,0.20275045904763658,0.2046666666666667,0.7989890092019191,0.6643602385083196,0.7814275674894932,13,0.3274714557600312
0.3,106173,0.30005934885824104,0.699940651141759,0.5377855872944746,0.46221441270552543,0.3083572779592988,0.3006274002209812,0.3066666666666667,0.857573946469282,0.7484870947907953,0.8449065857095747,13,0.3274714557600312
0.5,176928,0.5000226090888538,0.49997739091114624,0.6958776051852427,0.30412239481475745,0.5064637531698287,0.5008062969954998,0.5017777777777778,0.9242912994256293,0.8573998312934223,0.9172381655991159,13,0.3274714557600312
0.75,265397,0.7500480443138141,0.2499519556861859,0.864437860834276,0.135562139165724,0.749085376723955,0.7508231236520767,0.7484444444444446,0.9689334004084248,0.94193155594241,0.9659153342455298,13,0.3274714557600312
1.0,353840,1.0,0.0,1.0,6.908054375445419e-17,1.0,1.0,1.0,1.0,1.0,1.0,13,0.3274714557600312
0.0,0,0.0,1.0,0.26191017193450705,0.738089828065493,0.010875658244192085,0.09493499333578921,0.014222222222222223,0.34683176722158043,0.41277833597756136,0.35345912172438604,14,0.3284339691152388
0.01,3558,0.010055392267691612,0.9899446077323084,0.27165585427852046,0.7283441457214795,0.016795837245642355,0.0976154346713347,0.01955555555555556,0.4150595960624336,0.43997647775003623,0.41309545852178753,14,0.3284339691152388
0.05,17709,0.050048044313814155,0.9499519556861858,0.3104851781185462,0.6895148218814539,0.04702489657309279,0.10695506411101838,0.04511111111111111,0.562678197489791,0.5004718798953594,0.5391288336134186,14,0.3284339691152388
0.1,35401,0.10004804431381416,0.8999519556861858,0.3583933930200299,0.64160660697997,0.09540592390922,0.12499604431799373,0.09444444444444443,0.678869892614187,0.5590893825350192,0.6565728886546047,14,0.3284339691152388
0.2,70783,0.20004239204160074,0.7999576079583992,0.45024857366227694,0.549751426337723,0.1924248993361777,0.1987239649406464,0.19311111111111115,0.7913725156184315,0.6608047186658367,0.7743680818341458,14,0.3284339691152388
0.3,106173,0.30005934885824104,0.699940651141759,0.5363298360860326,0.46367016391396737,0.2972875716174235,0.3009506240393552,0.298,0.8533354565209439,0.7474096470920913,0.8411802046991894,14,0.3284339691152388
0.5,176928,0.5000226090888538,0.49997739091114624,0.6946916269591253,0.30530837304087455,0.5074857918809084,0.4993419120052923,0.5044444444444445,0.9211091803260832,0.8564157044939856,0.9145332707509577,14,0.3284339691152388
0.75,265397,0.7500480443138141,0.2499519556861859,0.8634505643250552,0.13654943567494474,0.746754622615365,0.7453215024569272,0.7460000000000002,0.9678432948907443,0.9408572941825238,0.9650543095738824,14,0.3284339691152388
1.0,353840,1.0,0.0,1.0,6.908054375445419e-17,1.0,1.0,1.0,1.0,1.0,1.0,14,0.3284339691152388
0.0,0,0.0,1.0,0.26191017193450705,0.738089828065493,0.010875658244192085,0.09493499333578921,0.014222222222222223,0.34683176722158043,0.41277833597756136,0.35345912172438604,15,0.3273026142034201
0.01,3558,0.010055392267691612,0.9899446077323084,0.2718917794448793,0.7281082205551205,0.018296009705496354,0.09781642560280424,0.02066666666666667,0.41937540114956023,0.44204713440414706,0.41645792359328315,15,0.3273026142034201
0.05,17709,0.050048044313814155,0.9499519556861858,0.3111502388547254,0.6888497611452746,0.051730692768406084,0.10646830114378675,0.04955555555555555,0.5673893111999765,0.5026217520351954,0.5435426199442217,15,0.3273026142034201
0.1,35401,0.10004804431381416,0.8999519556861858,0.35896655497375124,0.6410334450262488,0.10121214764082295,0.12520124118089207,0.10022222222222221,0.6829414921062363,0.559875951280639,0.6596201989480613,15,0.3273026142034201
0.2,70783,0.20004239204160074,0.7999576079583992,0.45130834675806425,0.5486916532419357,0.19944679335796264,0.19700118526460686,0.19533333333333336,0.7934049269232716,0.6591130568277004,0.775852770852902,15,0.3273026142034201
0.3,106173,0.30005934885824104,0.699940651141759,0.5387694681630293,0.46123053183697077,0.2947696333145873,0.2956706132129696,0.29133333333333333,0.8543247139696997,0.7444464314830898,0.8412237880922142,15,0.3273026142034201
0.5,176928,0.5000226090888538,0.49997739091114624,0.6964691023070154,0.30353089769298447,0.49165564788904403,0.49874254725442907,0.49399999999999994,0.9200527070049415,0.8553874779402242,0.9132862732684389,15,0.3273026142034201
0.75,265397,0.7500480443138141,0.2499519556861859,0.864173454663362,0.1358265453366379,0.7461048484562661,0.7495109979240737,0.7433333333333333,0.9675232871813667,0.9409650806084694,0.9646974307147741,15,0.3273026142034201
1.0,353840,1.0,0.0,1.0,6.908054375445419e-17,1.0,1.0,1.0,1.0,1.0,1.0,15,0.3273026142034201
0.0,0,0.0,1.0,0.26191017193450705,0.738089828065493,0.010875658244192085,0.09493499333578921,0.014222222222222223,0.34683176722158043,0.41277833597756136,0.35345912172438604,16,0.3269972278851727
0.01,3558,0.010055392267691612,0.9899446077323084,0.2720006880715053,0.7279993119284948,0.017664729858318545,0.09756686979403513,0.021111111111111112,0.42199740824171883,0.4428339850587709,0.4189557069393539,16,0.3269972278851727
0.05,17709,0.050048044313814155,0.9499519556861858,0.3114843547704198,0.6885156452295801,0.04888987573341193,0.10868271690111227,0.050444444444444445,0.5722164204008994,0.5041028165196013,0.5480333564881704,16,0.3269972278851727
0.1,35401,0.10004804431381416,0.8999519556861858,0.35991727557830366,0.6400827244216962,0.1018371630130321,0.127786400834752,0.10155555555555554,0.6860950577973626,0.5628739566183055,0.6632935096715833,16,0.3269972278851727
0.2,70783,0.20004239204160074,0.7999576079583992,0.45125667990331275,0.5487433200966874,0.20090463613169748,0.19904943003574557,0.198,0.7946088375792469,0.6626663084201446,0.7774882422106602,16,0.3269972278851727
0.3,106173,0.30005934885824104,0.699940651141759,0.5390681812991193,0.46093181870088074,0.2992390828580044,0.296801443972417,0.2962222222222222,0.8531268895103072,0.7467214686422555,0.8403348544917808,16,0.3269972278851727
0.5,176928,0.5000226090888538,0.49997739091114624,0.6971938994352427,0.3028061005647572,0.4986431445400282,0.49496266457069305,0.49511111111111106,0.9209562465492624,0.8551692785764982,0.913911350897484,16,0.3269972278851727
0.75,265397,0.7500480443138141,0.2499519556861859,0.8642279105014526,0.13577208949854735,0.7423680581103425,0.7436222243369192,0.7375555555555553,0.9683216087460036,0.9399222836412695,0.9650396842087894,16,0.3269972278851727
1.0,353840,1.0,0.0,1.0,6.908054375445419e-17,1.0,1.0,1.0,1.0,1.0,1.0,16,0.3269972278851727
0.0,0,0.0,1.0,0.26191017193450705,0.738089828065493,0.010875658244192085,0.09493499333578921,0.014222222222222223,0.34683176722158043,0.41277833597756136,0.35345912172438604,17,0.32818940209775055
0.01,3558,0.010055392267691612,0.9899446077323084,0.2719041654253134,0.7280958345746864,0.015187930186177288,0.09789682753386157,0.01955555555555556,0.41900730638119743,0.442098801643829,0.41663718563815355,17,0.32818940209775055
0.05,17709,0.050048044313814155,0.9499519556861858,0.3100233891546146,0.6899766108453854,0.045079859471895786,0.1080031785774624,0.046,0.564696121299022,0.5015246800337639,0.5407832997774096,17,0.32818940209775055
0.1,35401,0.10004804431381416,0.8999519556861858,0.3579345045378851,0.642065495462115,0.10380079328317786,0.12608749513277456,0.10133333333333334,0.6841704033164541,0.56008358761433,0.6607817807336738,17,0.32818940209775055
0.2,70783,0.20004239204160074,0.7999576079583992,0.45018509769853293,0.549814902301467,0.20714106173414107,0.19862220870751585,0.20511111111111113,0.7962613029286966,0.6615064633206083,0.7786552782792131,17,0.32818940209775055
0.3,106173,0.30005934885824104,0.699940651141759,0.5362396267984333,0.46376037320156677,0.31421899956028265,0.298527145079222,0.30955555555555553,0.8568030012965457,0.7469062987409233,0.8442427642119965,17,0.32818940209775055
0.5,176928,0.5000226090888538,0.49997739091114624,0.6956378008406011,0.3043621991593988,0.5044010973491058,0.4986117305609175,0.5020000000000001,0.9201268360406931,0.8559049541760877,0.9138378666315733,17,0.32818940209775055
0.75,265397,0.7500480443138141,0.2499519556861859,0.8638527509135944,0.13614724908640563,0.7429120291719096,0.7478716586787855,0.7439999999999999,0.9678017622796615,0.9413372794705885,0.9650351372733111,17,0.32818940209775055
1.0,353840,1.0,0.0,1.0,6.908054375445419e-17,1.0,1.0,1.0,1.0,1.0,1.0,17,0.32818940209775055
0.0,0,0.0,1.0,0.26191017193450705,0.738089828065493,0.010875658244192085,0.09493499333578921,0.014222222222222223,0.34683176722158043,0.41277833597756136,0.35345912172438604,18,0.32770287499423933
0.01,3558,0.010055392267691612,0.9899446077323084,0.2715788623858835,0.7284211376141164,0.016548828153888733,0.09695120057799432,0.020000000000000004,0.4174282852983716,0.44113881030522417,0.41493197960908235,18,0.32770287499423933
0.05,17709,0.050048044313814155,0.9499519556861858,0.3114671839065186,0.6885328160934814,0.05160086207319647,0.1085537280540485,0.051333333333333314,0.570513116912574,0.503531986051061,0.5458956647524539,18,0.32770287499423933
0.1,35401,0.10004804431381416,0.8999519556861858,0.35933617467251594,0.640663825327484,0.09684643963558283,0.12602552592040386,0.10066666666666663,0.6838658326195259,0.5604980570024914,0.6608075621534305,18,0.32770287499423933
0.2,70783,0.20004239204160074,0.7999576079583992,0.4511511342148618,0.5488488657851383,0.19254701546906175,0.19630517994605146,0.1964444444444444,0.7930928825821177,0.6599223701007741,0.7755828574440343,18,0.32770287499423933
0.3,106173,0.30005934885824104,0.699940651141759,0.5383437823215207,0.46165621767847925,0.2964761859911903,0.29892599961781496,0.29866666666666664,0.8537281671742875,0.7461483082235099,0.8413392108248456,18,0.32770287499423933
0.5,176928,0.5000226090888538,0.49997739091114624,0.695948267577592,0.3040517324224079,0.5001096471063009,0.49977686033924323,0.5031111111111112,0.9198043587315783,0.8560747550130017,0.9134269853918854,18,0.32770287499423933
0.75,265397,0.7500480443138141,0.2499519556861859,0.8632227858183235,0.13677721418167657,0.747362726852599,0.7442296963542708,0.7468888888888887,0.9674523781984359,0.9402656714909587,0.9646365883343708,18,0.32770287499423933
1.0,353840,1.0,0.0,1.0,6.908054375445419e-17,1.0,1.0,1.0,1.0,1.0,1.0,18,0.32770287499423933
0.0,0,0.0,1.0,0.26191017193450705,0.738089828065493,0.010875658244192085,0.09493499333578921,0.014222222222222223,0.34683176722158043,0.41277833597756136,0.35345912172438604,19,0.32807705388430086
0.01,3558,0.010055392267691612,0.9899446077323084,0.2720929304417001,0.7279070695582999,0.017311840496966293,0.09781730415646375,0.01977777777777778,0.4180904773007527,0.4416830761733985,0.41536477216222345,19,0.32807705388430086
0.05,17709,0.050048044313814155,0.9499519556861858,0.3114914619739233,0.6885085380260767,0.04929816394113433,0.10806093875430349,0.05022222222222221,0.5674922368280234,0.5029880328439392,0.5431147976165238,19,0.32807705388430086
0.1,35401,0.10004804431381416,0.8999519556861858,0.35926058956920015,0.6407394104307997,0.10232397640513023,0.12598229742945682,0.10133333333333334,0.6878207097588487,0.5622463594278618,0.6641127254155748,19,0.32807705388430086
0.2,70783,0.20004239204160074,0.7999576079583992,0.45115909647997093,0.5488409035200291,0.20157205600381958,0.19706487293367075,0.19800000000000004,0.7952399995009395,0.6618304252747349,0.7773206205126352,19,0.32807705388430086
0.3,106173,0.30005934885824104,0.699940651141759,0.5380586491293478,0.4619413508706522,0.2991557837065798,0.2948358377592739,0.29888888888888887,0.8545738090047418,0.7461265578023395,0.8413872859009713,19,0.32807705388430086
0.5,176928,0.5000226090888538,0.49997739091114624,0.6946558865218346,0.3053441134781653,0.48146617262030794,0.4931573478966236,0.48266666666666663,0.9179210005188838,0.8529977939082416,0.9108270026252672,19,0.32807705388430086
0.75,265397,0.7500480443138141,0.2499519556861859,0.8630239073229846,0.13697609267701555,0.7403306383348078,0.7456993447332443,0.7431111111111112,0.9669396608607248,0.9401839935036117,0.9641833407812387,19,0.32807705388430086
1.0,353840,1.0,0.0,1.0,6.908054375445419e-17,1.0,1.0,1.0,1.0,1.0,1.0,19,0.32807705388430086
0.0,0,0.0,1.0,0.26191017193450705,0.738089828065493,0.010875658244192085,0.09493499333578921,0.014222222222222223,0.34683176722158043,0.41277833597756136,0.35345912172438604,20,0.32751026031259417
0.01,3558,0.010055392267691612,0.9899446077323084,0.27190869211766644,0.7280913078823334,0.018215872926054307,0.09785882732425541,0.020888888888888894,0.42404217524651566,0.443787268855179,0.4212596307090555,20,0.32751026031259417
0.05,17709,0.050048044313814155,0.9499519556861858,0.3112455038556765,0.6887544961443236,0.05272329999130746,0.10908417986991219,0.050888888888888886,0.5715670269113333,0.5043785050380217,0.5471807914908265,20,0.32751026031259417
0.1,35401,0.10004804431381416,0.8999519556861858,0.3593715579592071,0.640628442040793,0.1041242114073829,0.12860321339676392,0.10177777777777776,0.6898165561801736,0.5633494018500177,0.6662026969763908,20,0.32751026031259417
0.2,70783,0.20004239204160074,0.7999576079583992,0.45099845580708026,0.5490015441929198,0.19911775314800478,0.19941894691090947,0.19466666666666665,0.7942743465843786,0.6606495836722786,0.7770993310770494,20,0.32751026031259417
0.3,106173,0.30005934885824104,0.699940651141759,0.5377723665994344,0.46222763340056555,0.3088872935466751,0.3019919487545134,0.3022222222222223,0.8575663447108318,0.7477549547118596,0.8448799735357215,20,0.32751026031259417
0.5,176928,0.5000226090888538,0.49997739091114624,0.6962307278169678,0.3037692721830323,0.5160888798685032,0.502768425591499,0.5111111111111111,0.9252773753946795,0.8589743259451025,0.9181856929792109,20,0.32751026031259417
0.75,265397,0.7500480443138141,0.2499519556861859,0.864139249695447,0.13586075030455327,0.7595159782010795,0.7532392723064624,0.757777777777778,0.9707553996369771,0.943406630126524,0.9679436057439216,20,0.32751026031259417
1.0,353840,1.0,0.0,1.0,6.908054375445419e-17,1.0,1.0,1.0,1.0,1.0,1.0,20,0.32751026031259417
0.0,0,0.0,1.0,0.26191017193450705,0.738089828065493,0.010875658244192085,0.09493499333578921,0.014222222222222223,0.34683176722158043,0.41277833597756136,0.35345912172438604,21,0.32752780122981984
0.01,3558,0.010055392267691612,0.9899446077323084,0.27194863288420773,0.7280513671157922,0.018193362101078456,0.09802663626644247,0.02044444444444445,0.42162164966029403,0.4431984304247105,0.4185919613887662,21,0.32752780122981984
0.05,17709,0.050048044313814155,0.9499519556861858,0.31067236937776754,0.6893276306222325,0.05276605061517237,0.11008819104218642,0.05355555555555554,0.574883653641807,0.5055599024266021,0.5502613694822392,21,0.32752780122981984
0.1,35401,0.10004804431381416,0.8999519556861858,0.35810673594245335,0.6418932640575467,0.0967797029067921,0.12696470092149545,0.09933333333333333,0.6854041791170122,0.56144472547328,0.6622717703779738,21,0.32752780122981984
0.2,70783,0.20004239204160074,0.7999576079583992,0.45132242451516646,0.5486775754848333,0.19641142867919387,0.19743019541173337,0.19488888888888892,0.795516697099727,0.6612602840453092,0.7776963397950818,21,0.32752780122981984
0.3,106173,0.30005934885824104,0.699940651141759,0.5380762285378963,0.46192377146210367,0.29024544139349584,0.29399983242377087,0.2893333333333334,0.8525912445806207,0.7443788209203342,0.8401405634276644,21,0.32752780122981984
0.5,176928,0.5000226090888538,0.49997739091114624,0.6958497897588364,0.3041502102411636,0.49117192259144166,0.49525581703772653,0.48933333333333334,0.9195464235860921,0.8544908835967472,0.912797058066538,21,0.32752780122981984
0.75,265397,0.7500480443138141,0.2499519556861859,0.8645786317614541,0.13542136823854597,0.7544386187701448,0.7494980042414846,0.7544444444444445,0.9686727248710435,0.9423448132536261,0.9661190731320634,21,0.32752780122981984
1.0,353840,1.0,0.0,1.0,6.908054375445419e-17,1.0,1.0,1.0,1.0,1.0,1.0,21,0.32752780122981984
0.0,0,0.0,1.0,0.26191017193450705,0.738089828065493,0.010875658244192085,0.09493499333578921,0.014222222222222223,0.34683176722158043,0.41277833597756136,0.35345912172438604,22,0.32745206522315984
0.01,3558,0.010055392267691612,0.9899446077323084,0.2718886273771069,0.7281113726228929,0.017706816432443415,0.09836766983865843,0.021333333333333336,0.42219081542734566,0.4429692342392858,0.41945035222487764,22,0.32745206522315984
0.05,17709,0.050048044313814155,0.9499519556861858,0.31089398066040047,0.6891060193395996,0.05104103249537019,0.10989755202222459,0.05244444444444443,0.5739936348711734,0.5050086093789206,0.5492949431137163,22,0.32745206522315984
0.1,35401,0.10004804431381416,0.8999519556861858,0.35841797259092806,0.641582027409072,0.09665329570779498,0.12814921581443656,0.0993333333333333,0.6865398886217152,0.5624607088634855,0.6636302412141184,22,0.32745206522315984
0.2,70783,0.20004239204160074,0.7999576079583992,0.4508867905700809,0.549113209429919,0.19832901224047816,0.19924191304843172,0.20066666666666674,0.7973625475229936,0.6632698578990746,0.7797931800474442,22,0.32745206522315984
0.3,106173,0.30005934885824104,0.699940651141759,0.5383723012907582,0.4616276987092418,0.29837102459806675,0.30019872845195766,0.3033333333333333,0.8577467040188199,0.7498385340909561,0.8451004535669288,22,0.32745206522315984
0.5,176928,0.5000226090888538,0.49997739091114624,0.6964953736049089,0.3035046263950912,0.48632454525464647,0.5009166587752978,0.49444444444444446,0.9194314933062031,0.8563069426425776,0.912617053274372,22,0.32745206522315984
0.75,265397,0.7500480443138141,0.2499519556861859,0.8641699299982406,0.1358300700017594,0.745785259201237,0.7493038046419789,0.746888888888889,0.9685449058516709,0.9418234641626253,0.9656231782626605,22,0.32745206522315984
1.0,353840,1.0,0.0,1.0,6.908054375445419e-17,1.0,1.0,1.0,1.0,1.0,1.0,22,0.32745206522315984
0.0,0,0.0,1.0,0.26191017193450705,0.738089828065493,0.010875658244192085,0.09493499333578921,0.014222222222222223,0.34683176722158043,0.41277833597756136,0.35345912172438604,23,0.32751240347672095
0.01,3558,0.010055392267691612,0.9899446077323084,0.27184971527365975,0.7281502847263401,0.016871398272268526,0.0980982818492412,0.01977777777777778,0.41904716058333336,0.441847778065165,0.4164361582783839,23,0.32751240347672095
0.05,17709,0.050048044313814155,0.9499519556861858,0.3114098205994153,0.6885901794005848,0.04989532661550242,0.10736767099564515,0.04911111111111109,0.5711881221533026,0.5039908373331643,0.546555364570487,23,0.32751240347672095
0.1,35401,0.10004804431381416,0.8999519556861858,0.35905539027765954,0.6409446097223406,0.10313981947659176,0.12726150188103463,0.10488888888888886,0.688898631956523,0.5626431185474767,0.6649049550663009,23,0.32751240347672095
0.2,70783,0.20004239204160074,0.7999576079583992,0.45096493104050517,0.5490350689594947,0.20795586162087742,0.2015502577078407,0.2091111111111111,0.8019722864591282,0.6643772719413868,0.7839814216635276,23,0.32751240347672095
0.3,106173,0.30005934885824104,0.699940651141759,0.5379812493882544,0.4620187506117456,0.3065661074340029,0.29987308022357895,0.3057777777777778,0.8583349245362408,0.7478859016769639,0.8454636372846385,23,0.32751240347672095
0.5,176928,0.5000226090888538,0.49997739091114624,0.6957739612243656,0.3042260387756343,0.5035288455064475,0.49979631954244286,0.5024444444444445,0.9217719986899056,0.8561998859251211,0.9149866620617352,23,0.32751240347672095
0.75,265397,0.7500480443138141,0.2499519556861859,0.8645010377431884,0.13549896225681157,0.7547955991523692,0.752415422941132,0.7535555555555555,0.9677735454903591,0.9421845743740794,0.9652370107682914,23,0.32751240347672095
1.0,353840,1.0,0.0,1.0,6.908054375445419e-17,1.0,1.0,1.0,1.0,1.0,1.0,23,0.32751240347672095
0.0,0,0.0,1.0,0.26191017193450705,0.738089828065493,0.010875658244192085,0.09493499333578921,0.014222222222222223,0.34683176722158043,0.41277833597756136,0.35345912172438604,24,0.3275902799733083
0.01,3558,0.010055392267691612,0.9899446077323084,0.2720768865701624,0.7279231134298375,0.015674718375765236,0.09768124781170422,0.018666666666666668,0.4156044584037884,0.4406321897759585,0.41311103505767405,24,0.3275902799733083
0.05,17709,0.050048044313814155,0.9499519556861858,0.3112107397539183,0.6887892602460817,0.04927472629075422,0.10963004023093945,0.047999999999999994,0.5729186418769514,0.504674251983994,0.5481480377029104,24,0.3275902799733083
0.1,35401,0.10004804431381416,0.8999519556861858,0.3594576960936379,0.6405423039063621,0.09843866944604861,0.13045722239423022,0.09755555555555555,0.6888006095130655,0.5633100832763168,0.6654264546072098,24,0.3275902799733083
0.2,70783,0.20004239204160074,0.7999576079583992,0.45086983971844674,0.5491301602815534,0.2016536537584989,0.2033419512112519,0.20111111111111105,0.7994122007811963,0.6643387906548667,0.782121531801724,24,0.3275902799733083
0.3,106173,0.30005934885824104,0.699940651141759,0.5382852709795484,0.46171472902045163,0.29580105744458823,0.30420728176254924,0.2968888888888889,0.8552218226917432,0.7490632216989529,0.8428053059886177,24,0.3275902799733083
0.5,176928,0.5000226090888538,0.49997739091114624,0.6958753726025663,0.30412462739743373,0.5013236540369814,0.5045798692037723,0.5022222222222222,0.9225109971223989,0.858265517191504,0.9154157942491374,24,0.3275902799733083
0.75,265397,0.7500480443138141,0.2499519556861859,0.8638462774264514,0.13615372257354863,0.7450457619605543,0.7516296116272775,0.7464444444444445,0.9682851715401948,0.9417860500417441,0.9654233408494802,24,0.3275902799733083
1.0,353840,1.0,0.0,1.0,6.908054375445419e-17,1.0,1.0,1.0,1.0,1.0,1.0,24,0.3275902799733083
0.0,0,0.0,1.0,0.26191017193450705,0.738089828065493,0.010875658244192085,0.09493499333578921,0.014222222222222223,0.34683176722158043,0.41277833597756136,0.35345912172438604,25,0.3273080568483855
0.01,3558,0.010055392267691612,0.9899446077323084,0.2715318878284022,0.7284681121715977,0.01596425540756443,0.09708205316120784,0.01977777777777778,0.4187634604861117,0.44117021159067127,0.41603815487130813,25,0.3273080568483855
0.05,17709,0.050048044313814155,0.9499519556861858,0.3105038863870302,0.6894961136129699,0.05037694982477024,0.1089301597872281,0.05111111111111111,0.57165086099993,0.5043853176493034,0.5476421642447602,25,0.3273080568483855
0.1,35401,0.10004804431381416,0.8999519556861858,0.3583776318275277,0.6416223681724723,0.10040131759937418,0.12733840591032622,0.10200000000000002,0.6851801588732832,0.5624451041020544,0.6625887060138986,25,0.3273080568483855
0.2,70783,0.20004239204160074,0.7999576079583992,0.4509086788976271,0.5490913211023729,0.20015355847788488,0.2045605656942661,0.20288888888888895,0.7993188745766692,0.6662304702624403,0.7822208516304254,25,0.3273080568483855
0.3,106173,0.30005934885824104,0.699940651141759,0.5380356038730929,0.46196439612690704,0.3023825061319577,0.30119794789180726,0.3066666666666667,0.8571353063050137,0.7494034760482831,0.8442688395707872,25,0.3273080568483855
0.5,176928,0.5000226090888538,0.49997739091114624,0.6970168512623308,0.3029831487376694,0.5018506940399116,0.4992015070155577,0.5035555555555555,0.9222416409415326,0.8569846559461234,0.9151767770173507,25,0.3273080568483855
0.75,265397,0.7500480443138141,0.2499519556861859,0.8645879348430653,0.1354120651569347,0.7480025308280407,0.7506976768330346,0.7531111111111112,0.9696940968056821,0.9425448893885181,0.9667540836861087,25,0.3273080568483855
1.0,353840,1.0,0.0,1.0,6.908054375445419e-17,1.0,1.0,1.0,1.0,1.0,1.0,25,0.3273080568483855
0.0,0,0.0,1.0,0.26191017193450705,0.738089828065493,0.010875658244192085,0.09493499333578921,0.014222222222222223,0.34683176722158043,0.41277833597756136,0.35345912172438604,26,0.3275277493380817
0.01,3558,0.010055392267691612,0.9899446077323084,0.2720246278919733,0.7279753721080268,0.015706827211505694,0.09732494238237123,0.018444444444444447,0.41806680018737136,0.44131764440338206,0.41484409137156336,26,0.3275277493380817
0.05,17709,0.050048044313814155,0.9499519556861858,0.3115970798532234,0.6884029201467765,0.05204427544581807,0.1090340899451526,0.05155555555555554,0.5721132696655853,0.504394491934661,0.5473117164841019,26,0.3275277493380817
0.1,35401,0.10004804431381416,0.8999519556861858,0.3592623103606406,0.6407376896393595,0.10081063528760102,0.12532469060324838,0.09866666666666668,0.6826305956426344,0.5597792334307023,0.6595724178297383,26,0.3275277493380817
0.2,70783,0.20004239204160074,0.7999576079583992,0.45104707285374696,0.5489529271462531,0.19264546642655478,0.1938162590789389,0.19088888888888889,0.7879428362396161,0.6576390129260861,0.770915216279744,26,0.3275277493380817
0.3,106173,0.30005934885824104,0.699940651141759,0.5377884998711788,0.4622115001288212,0.29748697613260966,0.29552278493805084,0.29400000000000004,0.8520414419057264,0.7450300518948872,0.8394646434288049,26,0.3275277493380817
0.5,176928,0.5000226090888538,0.49997739091114624,0.6965209234482758,0.30347907655172424,0.48980348548974556,0.4991307717925532,0.490888888888889,0.9182544044762947,0.854734287465476,0.9116059771931693,26,0.3275277493380817
0.75,265397,0.7500480443138141,0.2499519556861859,0.8637368684630645,0.1362631315369355,0.737477037019882,0.7471847134859811,0.7424444444444446,0.967484065669296,0.9408296596717042,0.9646108033063184,26,0.3275277493380817
1.0,353840,1.0,0.0,1.0,6.908054375445419e-17,1.0,1.0,1.0,1.0,1.0,1.0,26,0.3275277493380817
0.0,0,0.0,1.0,0.26191017193450705,0.738089828065493,0.010875658244192085,0.09493499333578921,0.014222222222222223,0.34683176722158043,0.41277833597756136,0.35345912172438604,27,0.32838305468313267
0.01,3558,0.010055392267691612,0.9899446077323084,0.2718763544063118,0.728123645593688,0.01935796843816419,0.09778914253615775,0.022000000000000006,0.4215249395555729,0.44264292096676505,0.4183975456765735,27,0.32838305468313267
0.05,17709,0.050048044313814155,0.9499519556861858,0.31106946131228946,0.6889305386877105,0.05680268601286324,0.10701497766277096,0.05444444444444444,0.5757457578993885,0.5051558930991418,0.5508803858631887,27,0.32838305468313267
0.1,35401,0.10004804431381416,0.8999519556861858,0.3584532866714369,0.6415467133285631,0.09867124438972967,0.12369067584406171,0.09844444444444443,0.6822554844978753,0.5593551852294276,0.659264738177042,27,0.32838305468313267
0.2,70783,0.20004239204160074,0.7999576079583992,0.4502106865150931,0.5497893134849069,0.20443927672201473,0.19873795097720842,0.19977777777777775,0.7969993287528029,0.6619607103831685,0.7792099620359438,27,0.32838305468313267
0.3,106173,0.30005934885824104,0.699940651141759,0.5369568389907251,0.46304316100927495,0.30495613440929004,0.29864475496787224,0.3015555555555555,0.8549889024994921,0.7466738718506133,0.8421058422744614,27,0.32838305468313267
0.5,176928,0.5000226090888538,0.49997739091114624,0.6942633355480262,0.30573666445197384,0.4869207573105336,0.4926292749248186,0.48488888888888887,0.9163661953688893,0.8523120127888096,0.9096648146696142,27,0.32838305468313267
0.75,265397,0.7500480443138141,0.2499519556861859,0.8635334561620108,0.13646654383798928,0.7456348072325176,0.7459735133595673,0.7457777777777777,0.967145203348794,0.9404248214730216,0.9644985653582877,27,0.32838305468313267
1.0,353840,1.0,0.0,1.0,6.908054375445419e-17,1.0,1.0,1.0,1.0,1.0,1.0,27,0.32838305468313267
0.0,0,0.0,1.0,0.26191017193450705,0.738089828065493,0.010875658244192085,0.09493499333578921,0.014222222222222223,0.34683176722158043,0.41277833597756136,0.35345912172438604,28,0.32665812062980615
0.01,3558,0.010055392267691612,0.9899446077323084,0.2717276326083887,0.7282723673916113,0.015671945218181996,0.09773530995424802,0.018888888888888893,0.41590876543560756,0.4405578107286935,0.41320460319118724,28,0.32665812062980615
0.05,17709,0.050048044313814155,0.9499519556861858,0.31145188674931357,0.6885481132506863,0.048010576155568696,0.10773758803799158,0.048,0.56736765688389,0.5025702397055585,0.5432669057042853,28,0.32665812062980615
0.1,35401,0.10004804431381416,0.8999519556861858,0.35968472692341186,0.6403152730765881,0.09949930030396505,0.1279297876495485,0.10111111111111111,0.6859934509207952,0.5619353264285227,0.6625084129881896,28,0.32665812062980615
0.2,70783,0.20004239204160074,0.7999576079583992,0.45272513916464674,0.5472748608353533,0.2008359832195314,0.20328880130320376,0.20066666666666666,0.7963131521942686,0.6629731270121757,0.7793183848427573,28,0.32665812062980615
0.3,106173,0.30005934885824104,0.699940651141759,0.5394935425304908,0.4605064574695092,0.3036573549272299,0.3028099339270635,0.3042222222222222,0.8555898907135487,0.7486809284433507,0.8432966031775219,28,0.32665812062980615
0.5,176928,0.5000226090888538,0.49997739091114624,0.6972950822524676,0.3027049177475322,0.5053087223620939,0.49892399701069934,0.5055555555555554,0.9216165993131843,0.8569618703264514,0.9149930069860397,28,0.32665812062980615
0.75,265397,0.7500480443138141,0.2499519556861859,0.8647536217507914,0.13524637824920843,0.7464899135352608,0.7474973258793131,0.7473333333333334,0.9677056442842232,0.9412502038820096,0.9650384665489065,28,0.32665812062980615
1.0,353840,1.0,0.0,1.0,6.908054375445419e-17,1.0,1.0,1.0,1.0,1.0,1.0,28,0.32665812062980615
0.0,0,0.0,1.0,0.26191017193450705,0.738089828065493,0.010875658244192085,0.09493499333578921,0.014222222222222223,0.34683176722158043,0.41277833597756136,0.35345912172438604,29,0.3273370556236188
0.01,3558,0.010055392267691612,0.9899446077323084,0.27190714503632313,0.7280928549636768,0.016874250708153606,0.09789043758818992,0.018888888888888893,0.42005721282714503,0.44257911896301566,0.4172704304114215,29,0.3273370556236188
0.05,17709,0.050048044313814155,0.9499519556861858,0.31140118864759886,0.6885988113524012,0.04799176300818309,0.1059658055765243,0.048666666666666664,0.5702827180748264,0.5036139318336835,0.5456968475088235,29,0.3273370556236188
0.1,35401,0.10004804431381416,0.8999519556861858,0.3592459248867295,0.6407540751132704,0.09769610098922794,0.12249956430790127,0.09955555555555555,0.6834416015252327,0.5610207848982527,0.660366403925181,29,0.3273370556236188
0.2,70783,0.20004239204160074,0.7999576079583992,0.4515947939810023,0.5484052060189977,0.19738305520349558,0.2007212853646334,0.19911111111111118,0.7971509901799683,0.6649401539383302,0.7798791915666997,29,0.3273370556236188
0.3,106173,0.30005934885824104,0.699940651141759,0.538584011669537,0.46141598833046304,0.30414142146996237,0.30421043523259583,0.30622222222222223,0.8586109815896481,0.751740527909779,0.8461996894284839,29,0.3273370556236188
0.5,176928,0.5000226090888538,0.49997739091114624,0.6962127852711917,0.30378721472880843,0.503792219017606,0.5023789421072812,0.5077777777777778,0.9221577546526735,0.8585843388727604,0.9155421656236824,29,0.3273370556236188
0.75,265397,0.7500480443138141,0.2499519556861859,0.8641325347361162,0.135867465263884,0.7552079174031948,0.7541829771917907,0.7557777777777778,0.9692958491090963,0.9436015015204386,0.9665693713598776,29,0.3273370556236188
1.0,353840,1.0,0.0,1.0,6.908054375445419e-17,1.0,1.0,1.0,1.0,1.0,1.0,29,0.3273370556236188
0.0,0,0.0,1.0,0.26191017193450705,0.738089828065493,0.010875658244192085,0.09493499333578921,0.014222222222222223,0.34683176722158043,0.41277833597756136,0.35345912172438604,30,0.32759428403961055
0.01,3558,0.010055392267691612,0.9899446077323084,0.27186072980618836,0.7281392701938116,0.018835977843044097,0.09780395291032566,0.021111111111111115,0.4217936924949558,0.4427380493453449,0.41872687764367006,30,0.32759428403961055
0.05,17709,0.050048044313814155,0.9499519556861858,0.3109719682881997,0.6890280317118003,0.0477456618352354,0.10715627539172622,0.047777777777777766,0.5669744621343727,0.5014217621878322,0.5431354716816738,30,0.32759428403961055
0.1,35401,0.10004804431381416,0.8999519556861858,0.3582412285991157,0.6417587714008843,0.10649726838677565,0.12388031196061242,0.10311111111111108,0.6817769199211821,0.5588740334156781,0.658469041417532,30,0.32759428403961055
0.2,70783,0.20004239204160074,0.7999576079583992,0.4503921476360568,0.5496078523639432,0.20318833882472448,0.19490953546939294,0.19977777777777778,0.7913698941678501,0.6591776533065191,0.7738897565846805,30,0.32759428403961055
0.3,106173,0.30005934885824104,0.699940651141759,0.5378420856273449,0.4621579143726551,0.3007907141457199,0.2974696487817423,0.29755555555555563,0.8533535597730166,0.7461042184296184,0.8408401813322856,30,0.32759428403961055
0.5,176928,0.5000226090888538,0.49997739091114624,0.6959381200999436,0.30406187990005634,0.49700561949030386,0.4956005910072545,0.4962222222222222,0.9189668367415327,0.8547028762155069,0.9122170222489286,30,0.32759428403961055
0.75,265397,0.7500480443138141,0.2499519556861859,0.8646603462506219,0.13533965374937793,0.7535353266262669,0.7482999607494394,0.7533333333333333,0.969097339021933,0.9422330380372267,0.9663833111168961,30,0.32759428403961055
1.0,353840,1.0,0.0,1.0,6.908054375445419e-17,1.0,1.0,1.0,1.0,1.0,1.0,30,0.32759428403961055
0.0,0,0.0,1.0,0.26191017193450705,0.738089828065493,0.010875658244192085,0.09493499333578921,0.014222222222222223,0.34683176722158043,0.41277833597756136,0.35345912172438604,31,0.3275220430087504
0.01,3558,0.010055392267691612,0.9899446077323084,0.2720389353058886,0.7279610646941115,0.02160057392671564,0.09862460362820193,0.023333333333333338,0.42558459301564483,0.44445238653355607,0.4216827141044038,31,0.3275220430087504
0.05,17709,0.050048044313814155,0.9499519556861858,0.31104926804234595,0.688950731957654,0.05031505719179827,0.10958700486885062,0.05133333333333333,0.5713397092714645,0.5044875146497219,0.5470086346920867,31,0.3275220430087504
0.1,35401,0.10004804431381416,0.8999519556861858,0.3595999155928109,0.640400084407189,0.10333835294954752,0.12970519906924047,0.10466666666666669,0.6882083199590338,0.5627995276457014,0.664887863641541,31,0.3275220430087504
0.2,70783,0.20004239204160074,0.7999576079583992,0.45135569918826746,0.5486443008117325,0.20206179588512876,0.20434658822137544,0.20333333333333334,0.7963752953209877,0.6636570774666269,0.779694894879458,31,0.3275220430087504
0.3,106173,0.30005934885824104,0.699940651141759,0.5380548172008907,0.4619451827991093,0.29710434381493034,0.30487336491988365,0.30288888888888893,0.8545818299936564,0.7479770238757022,0.8423649170558036,31,0.3275220430087504
0.5,176928,0.5000226090888538,0.49997739091114624,0.6955375613771488,0.3044624386228511,0.4955746386211056,0.5038698533421753,0.4988888888888889,0.9190446087319332,0.8563290699592343,0.912504108236267,31,0.3275220430087504
0.75,265397,0.7500480443138141,0.2499519556861859,0.864357376303425,0.13564262369657484,0.7520493838684368,0.7532019495130476,0.7557777777777779,0.9693763716939255,0.9430014772135606,0.9666857785706987,31,0.3275220430087504
1.0,353840,1.0,0.0,1.0,6.908054375445419e-17,1.0,1.0,1.0,1.0,1.0,1.0,31,0.3275220430087504
0.0,0,0.0,1.0,0.26191017193450705,0.738089828065493,0.010875658244192085,0.09493499333578921,0.014222222222222223,0.34683176722158043,0.41277833597756136,0.35345912172438604,32,0.3279403969848932
0.01,3558,0.010055392267691612,0.9899446077323084,0.2718007480722413,0.7281992519277586,0.015155215135371618,0.09717951490517399,0.018888888888888893,0.417007871824057,0.4411384569997515,0.4149763022144006,32,0.3279403969848932
0.05,17709,0.050048044313814155,0.9499519556861858,0.3107168035637767,0.6892831964362233,0.052524108675406536,0.10839653833250833,0.05022222222222222,0.5665343931997705,0.5023469766700761,0.5421906082964013,32,0.3279403969848932
0.1,35401,0.10004804431381416,0.8999519556861858,0.3586886203557706,0.6413113796442294,0.10034958058640304,0.12751905511650122,0.09777777777777777,0.6842656300768427,0.5606603391774243,0.6608567832418925,32,0.3279403969848932
0.2,70783,0.20004239204160074,0.7999576079583992,0.45023828264886645,0.5497617173511335,0.20086675007780638,0.19651020504410027,0.19622222222222221,0.7934113501429245,0.6593054568474958,0.776025810873201,32,0.3279403969848932
0.3,106173,0.30005934885824104,0.699940651141759,0.5375950659521381,0.4624049340478619,0.29671219634855195,0.29420822266828,0.2937777777777778,0.8502032111831797,0.7430450741905699,0.837587335927077,32,0.3279403969848932
0.5,176928,0.5000226090888538,0.49997739091114624,0.6951758277436261,0.3048241722563741,0.49269264115329753,0.49820612296210676,0.4915555555555556,0.9192050618920118,0.8550266105748984,0.9122739975330256,32,0.3279403969848932
0.75,265397,0.7500480443138141,0.2499519556861859,0.8640893834107727,0.13591061658922746,0.7431985671667383,0.751210743909769,0.7444444444444445,0.9692120084888747,0.942156005744287,0.9661317511780504,32,0.3279403969848932
1.0,353840,1.0,0.0,1.0,6.908054375445419e-17,1.0,1.0,1.0,1.0,1.0,1.0,32,0.3279403969848932
0.0,0,0.0,1.0,0.26191017193450705,0.738089828065493,0.010875658244192085,0.09493499333578921,0.014222222222222223,0.34683176722158043,0.41277833597756136,0.35345912172438604,33,0.32715748210420326
0.01,3558,0.010055392267691612,0.9899446077323084,0.2718122384896723,0.7281877615103277,0.017057695166660967,0.09798041329504563,0.019111111111111113,0.41889774000570107,0.4417624541398564,0.4160872746302322,33,0.32715748210420326
0.05,17709,0.050048044313814155,0.9499519556861858,0.31079909486541585,0.6892009051345842,0.050554901331127354,0.10845029831503127,0.05044444444444444,0.5668502702372863,0.5019858035972782,0.5426721806482383,33,0.32715748210420326
0.1,35401,0.10004804431381416,0.8999519556861858,0.3585467267892155,0.6414532732107845,0.09996036499932709,0.12616443201022084,0.1013333333333333,0.6835866951178258,0.5601956922818941,0.660044480680773,33,0.32715748210420326
0.2,70783,0.20004239204160074,0.7999576079583992,0.4508831732859261,0.5491168267140739,0.20089695750847286,0.19941479623323646,0.2044444444444445,0.7956729719887472,0.6612053209923531,0.7784071202627016,33,0.32715748210420326
0.3,106173,0.30005934885824104,0.699940651141759,0.5382525953349454,0.4617474046650545,0.297654089365196,0.3044211914085778,0.3031111111111111,0.8537626579479352,0.7477582713824159,0.8418566659518905,33,0.32715748210420326
0.5,176928,0.5000226090888538,0.49997739091114624,0.696893098833107,0.3031069011668929,0.49313448771198315,0.5054516735419893,0.4955555555555556,0.9200566745823002,0.8575365585987283,0.9134519306430254,33,0.32715748210420326
0.75,265397,0.7500480443138141,0.2499519556861859,0.8650497238497594,0.1349502761502408,0.7516760897567422,0.7590639072510538,0.7528888888888889,0.9680335407261477,0.9434258497999395,0.9655250367373761,33,0.32715748210420326
1.0,353840,1.0,0.0,1.0,6.908054375445419e-17,1.0,1.0,1.0,1.0,1.0,1.0,33,0.32715748210420326
0.0,0,0.0,1.0,0.26191017193450705,0.738089828065493,0.010875658244192085,0.09493499333578921,0.014222222222222223,0.34683176722158043,0.41277833597756136,0.35345912172438604,34,0.32776931483968075
0.01,3558,0.010055392267691612,0.9899446077323084,0.27204703237968664,0.7279529676203135,0.016546693459894575,0.09808740042327131,0.02066666666666667,0.4194300366727037,0.44190391063062007,0.41740280828365683,34,0.32776931483968075
0.05,17709,0.050048044313814155,0.9499519556861858,0.31083692083496717,0.6891630791650327,0.04621125333877988,0.10860543949229062,0.04999999999999999,0.5706874630494436,0.5034749936208623,0.5468273778664868,34,0.32776931483968075
0.1,35401,0.10004804431381416,0.8999519556861858,0.358795760412685,0.641204239587315,0.0953516539502893,0.12587692775841733,0.10044444444444443,0.6843671520166426,0.5607264537336833,0.6612229016378404,34,0.32776931483968075
0.2,70783,0.20004239204160074,0.7999576079583992,0.4511469205105279,0.548853079489472,0.1953312185864862,0.19960145151750924,0.2033333333333333,0.7964670703718093,0.6620148476759631,0.7788396539262931,34,0.32776931483968075
0.3,106173,0.30005934885824104,0.699940651141759,0.5379246021944433,0.4620753978055567,0.2938397759133627,0.2985242818047892,0.30088888888888893,0.8549751312558267,0.7468556546999064,0.842297388383887,34,0.32776931483968075
0.5,176928,0.5000226090888538,0.49997739091114624,0.695516884214136,0.3044831157858639,0.4965885953424,0.49788443265434673,0.5031111111111112,0.9200146735321869,0.8553216293798226,0.9133850597450075,34,0.32776931483968075
0.75,265397,0.7500480443138141,0.2499519556861859,0.8638271603814174,0.1361728396185827,0.7626752598195486,0.7538756153366728,0.7633333333333334,0.9700449586768644,0.9437102064721165,0.9675611190307539,34,0.32776931483968075
1.0,353840,1.0,0.0,1.0,6.908054375445419e-17,1.0,1.0,1.0,1.0,1.0,1.0,34,0.32776931483968075
0.0,0,0.0,1.0,0.26191017193450705,0.738089828065493,0.010875658244192085,0.09493499333578921,0.014222222222222223,0.34683176722158043,0.41277833597756136,0.35345912172438604,35,0.3280628821669451
0.01,3558,0.010055392267691612,0.9899446077323084,0.2718367894761809,0.7281632105238192,0.015109734869499588,0.09777637041322639,0.019333333333333334,0.4141437953721041,0.44030969704616507,0.41221874492126237,35,0.3280628821669451
0.05,17709,0.050048044313814155,0.9499519556861858,0.31079616459604736,0.6892038354039526,0.05207075544805016,0.10905332073961849,0.05155555555555555,0.5700353954997446,0.5036219051143355,0.5461069940642119,35,0.3280628821669451
0.1,35401,0.10004804431381416,0.8999519556861858,0.35876969910446044,0.6412303008955393,0.10142098133256068,0.12753408095782184,0.10066666666666667,0.6827538483435327,0.5610715276993906,0.6602799421805015,35,0.3280628821669451
0.2,70783,0.20004239204160074,0.7999576079583992,0.4502295322083366,0.5497704677916634,0.20217195637610505,0.19926997355522352,0.20022222222222222,0.7940319092062429,0.6618492885238825,0.7771042374544741,35,0.3280628821669451
0.3,106173,0.30005934885824104,0.699940651141759,0.5367934193914772,0.4632065806085229,0.3012989624481125,0.2955911346199482,0.2971111111111111,0.8532356309002767,0.7450117081038521,0.8403511034686649,35,0.3280628821669451
0.5,176928,0.5000226090888538,0.49997739091114624,0.6954300148431564,0.30456998515684364,0.49785833256735545,0.500341215827086,0.49333333333333323,0.9182903093992258,0.8551605416038203,0.9117622300825586,35,0.3280628821669451
0.75,265397,0.7500480443138141,0.2499519556861859,0.8638129099997401,0.1361870900002597,0.744857208815642,0.753707930168743,0.7462222222222222,0.9678117566384968,0.9418819557752851,0.9650124032532219,35,0.3280628821669451
1.0,353840,1.0,0.0,1.0,6.908054375445419e-17,1.0,1.0,1.0,1.0,1.0,1.0,35,0.3280628821669451
0.0,0,0.0,1.0,0.26191017193450705,0.738089828065493,0.010875658244192085,0.09493499333578921,0.014222222222222223,0.34683176722158043,0.41277833597756136,0.35345912172438604,36,0.3268382247339903
0.01,3558,0.010055392267691612,0.9899446077323084,0.27179923960839913,0.728200760391601,0.015111457977537558,0.09781782584623369,0.020000000000000004,0.41896937023819836,0.4418581930971441,0.4164640393300342,36,0.3268382247339903
0.05,17709,0.050048044313814155,0.9499519556861858,0.31101800839323696,0.688981991606763,0.05080359852399699,0.10734277482702684,0.05133333333333333,0.5746379923132903,0.5050244731770984,0.5499222702822157,36,0.3268382247339903
0.1,35401,0.10004804431381416,0.8999519556861858,0.3594031732171055,0.6405968267828944,0.09576109438086272,0.12456240992824791,0.09777777777777778,0.6835587525257029,0.5609254615660194,0.6611009427743398,36,0.3268382247339903
0.2,70783,0.20004239204160074,0.7999576079583992,0.4514716203479515,0.5485283796520484,0.19568186131262533,0.1968406249231596,0.19488888888888892,0.7924229830300249,0.662582758988064,0.7753529974956744,36,0.3268382247339903
0.3,106173,0.30005934885824104,0.699940651141759,0.5390674730632699,0.46093252693673015,0.30642320993982575,0.2958551228496992,0.30266666666666664,0.8544599473014975,0.7483877425374815,0.8418895606217327,36,0.3268382247339903
0.5,176928,0.5000226090888538,0.49997739091114624,0.697158612277629,0.3028413877223711,0.498384773194257,0.495275710435011,0.4995555555555556,0.918520083462079,0.855328869346627,0.9118830516115413,36,0.3268382247339903
0.75,265397,0.7500480443138141,0.2499519556861859,0.8650684872299895,0.1349315127700104,0.7524407276641493,0.7486203398727045,0.7522222222222221,0.9692025620548191,0.9422386091785426,0.9663911974485452,36,0.3268382247339903
1.0,353840,1.0,0.0,1.0,6.908054375445419e-17,1.0,1.0,1.0,1.0,1.0,1.0,36,0.3268382247339903
0.0,0,0.0,1.0,0.26191017193450705,0.738089828065493,0.010875658244192085,0.09493499333578921,0.014222222222222223,0.34683176722158043,0.41277833597756136,0.35345912172438604,37,0.32763949049586194
0.01,3558,0.010055392267691612,0.9899446077323084,0.27223055754765013,0.7277694424523499,0.0159090210565519,0.09768395204753391,0.017777777777777778,0.41739642172126723,0.44130087077116203,0.41535982670697336,37,0.32763949049586194
0.05,17709,0.050048044313814155,0.9499519556861858,0.31121974674925573,0.6887802532507442,0.05427379013566547,0.11088418540688359,0.05266666666666666,0.574257071563995,0.5049486605203037,0.5495318896688091,37,0.32763949049586194
0.1,35401,0.10004804431381416,0.8999519556861858,0.3585339065299103,0.6414660934700896,0.1043609433428719,0.1283876798582667,0.10199999999999998,0.6883874915963213,0.5633010900306186,0.6653534566699513,37,0.32763949049586194
0.2,70783,0.20004239204160074,0.7999576079583992,0.45113041110549934,0.5488695888945008,0.1969388666803451,0.20071782785633085,0.19244444444444445,0.7944119752117673,0.6634690432209066,0.777455165649524,37,0.32763949049586194
0.3,106173,0.30005934885824104,0.699940651141759,0.5380349650247123,0.4619650349752877,0.2853058830211621,0.30046957494952065,0.2815555555555556,0.8495756735049519,0.7462061083340399,0.8376112906245992,37,0.32763949049586194
0.5,176928,0.5000226090888538,0.49997739091114624,0.695875810110115,0.30412418988988515,0.49601176896170035,0.49931107056247637,0.48866666666666664,0.9181185021437553,0.8551378478395685,0.911316418779048,37,0.32763949049586194
0.75,265397,0.7500480443138141,0.2499519556861859,0.8639551091692463,0.13604489083075366,0.7550361797526144,0.7500131442947724,0.753111111111111,0.9691696295536529,0.9424146485110496,0.9664532462100043,37,0.32763949049586194
1.0,353840,1.0,0.0,1.0,6.908054375445419e-17,1.0,1.0,1.0,1.0,1.0,1.0,37,0.32763949049586194
0.0,0,0.0,1.0,0.26191017193450705,0.738089828065493,0.010875658244192085,0.09493499333578921,0.014222222222222223,0.34683176722158043,0.41277833597756136,0.35345912172438604,38,0.32792641450399085
0.01,3558,0.010055392267691612,0.9899446077323084,0.27187226874798776,0.728127731252012,0.016224413735057848,0.0976889761352841,0.02066666666666667,0.4193033675386209,0.442150512989126,0.41696229426709785,38,0.32792641450399085
0.05,17709,0.050048044313814155,0.9499519556861858,0.3113805282457567,0.6886194717542433,0.05438223709524657,0.10953790638773281,0.055111111111111104,0.5763962778196853,0.5061468331472558,0.5513464397440005,38,0.32792641450399085
0.1,35401,0.10004804431381416,0.8999519556861858,0.3593974469543119,0.640602553045688,0.10251459164444833,0.12847011251324278,0.10266666666666667,0.6893908619376705,0.5631584451612629,0.6656090472814304,38,0.32792641450399085
0.2,70783,0.20004239204160074,0.7999576079583992,0.45119820570527236,0.5488017942947275,0.20114451936223032,0.20031730984126908,0.20711111111111116,0.7980259791931911,0.6633432231040653,0.7805000157798438,38,0.32792641450399085
0.3,106173,0.30005934885824104,0.699940651141759,0.537438305660445,0.4625616943395549,0.3048900167084012,0.2967454040085491,0.3108888888888889,0.8575120356626219,0.7476747124729104,0.844519153927788,38,0.32792641450399085
0.5,176928,0.5000226090888538,0.49997739091114624,0.6947271146686244,0.3052728853313757,0.5011781127766168,0.4970904219690013,0.5071111111111111,0.9213201686007546,0.8564871388582372,0.914834825518472,38,0.32792641450399085
0.75,265397,0.7500480443138141,0.2499519556861859,0.8639199367467066,0.1360800632532932,0.7488342514130824,0.7488370964930415,0.7517777777777778,0.9692222524862457,0.9422861103665334,0.9663894764532382,38,0.32792641450399085
1.0,353840,1.0,0.0,1.0,6.908054375445419e-17,1.0,1.0,1.0,1.0,1.0,1.0,38,0.32792641450399085
0.0,0,0.0,1.0,0.26191017193450705,0.738089828065493,0.010875658244192085,0.09493499333578921,0.014222222222222223,0.34683176722158043,0.41277833597756136,0.35345912172438604,39,0.327482272708882
0.01,3558,0.010055392267691612,0.9899446077323084,0.27196821692147033,0.7280317830785297,0.01603261026226708,0.09749206578848373,0.019333333333333334,0.4161784867351815,0.44054752136484193,0.413306673781616,39,0.327482272708882
0.05,17709,0.050048044313814155,0.9499519556861858,0.31153931269066487,0.6884606873093351,0.0525272476906582,0.1068592315124227,0.05244444444444445,0.5715149980567973,0.5040545505030016,0.5473541482482971,39,0.327482272708882
0.1,35401,0.10004804431381416,0.8999519556861858,0.3594537343336562,0.6405462656663439,0.10642589979456349,0.12874465671985783,0.10577777777777779,0.6896712309526835,0.5644537220640664,0.6665209506687854,39,0.327482272708882
0.2,70783,0.20004239204160074,0.7999576079583992,0.4512985488164181,0.5487014511835819,0.1990211433092764,0.20133133207905626,0.20311111111111113,0.7963093688271229,0.6637183833158848,0.7791760409077179,39,0.327482272708882
0.3,106173,0.30005934885824104,0.699940651141759,0.5379862580153174,0.46201374198468265,0.30173292058872775,0.300606369478622,0.304,0.8539583098499176,0.7472573175087625,0.8414552599554399,39,0.327482272708882
0.5,176928,0.5000226090888538,0.49997739091114624,0.6960792203101759,0.30392077968982406,0.4995996313707686,0.501572595907401,0.5044444444444444,0.9214852434113366,0.8571987156924543,0.9149398182785983,39,0.327482272708882
0.75,265397,0.7500480443138141,0.2499519556861859,0.8640556878312433,0.13594431216875666,0.757377289526399,0.7507983092142236,0.7599999999999999,0.9699152259049592,0.943538795354648,0.9672350418762957,39,0.327482272708882
1.0,353840,1.0,0.0,1.0,6.908054375445419e-17,1.0,1.0,1.0,1.0,1.0,1.0,39,0.327482272708882
0.0,0,0.0,1.0,0.26191017193450705,0.738089828065493,0.010875658244192085,0.09493499333578921,0.014222222222222223,0.34683176722158043,0.41277833597756136,0.35345912172438604,40,0.32804811074096984
0.01,3558,0.010055392267691612,0.9899446077323084,0.2721011990132811,0.7278988009867189,0.018446507796403312,0.09871913537930738,0.020222222222222225,0.41870016964381307,0.4420229792308894,0.41557642502295133,40,0.32804811074096984
0.05,17709,0.050048044313814155,0.9499519556861858,0.31071184402029395,0.689288155979706,0.04553621179488651,0.10965954503847171,0.046,0.5639720244007599,0.5012869498322284,0.5403268711065998,40,0.32804811074096984
0.1,35401,0.10004804431381416,0.8999519556861858,0.3587649593741227,0.6412350406258773,0.1002339722346044,0.12990799943100328,0.10000000000000002,0.6833393663878734,0.5613363827309447,0.6606425454553526,40,0.32804811074096984
0.2,70783,0.20004239204160074,0.7999576079583992,0.45030573660689077,0.5496942633931093,0.1972353395997784,0.20079857136107987,0.2,0.7943609429646281,0.6618371461889208,0.7775231121761983,40,0.32804811074096984
0.3,106173,0.30005934885824104,0.699940651141759,0.536159796199643,0.46384020380035695,0.2931989111478358,0.2979253655065825,0.2962222222222222,0.8529124454223793,0.7456388400345633,0.8405340600339662,40,0.32804811074096984
0.5,176928,0.5000226090888538,0.49997739091114624,0.6953790212232892,0.3046209787767108,0.5036169984141412,0.502203936406629,0.5028888888888889,0.9234438956804957,0.8580770142653679,0.9165189789070469,40,0.32804811074096984
0.75,265397,0.7500480443138141,0.2499519556861859,0.8642577062538995,0.13574229374610036,0.75245207498708,0.7544270212768572,0.753111111111111,0.970539358103978,0.9437174478449315,0.9676276598451703,40,0.32804811074096984
1.0,353840,1.0,0.0,1.0,6.908054375445419e-17,1.0,1.0,1.0,1.0,1.0,1.0,40,0.32804811074096984
0.0,0,0.0,1.0,0.26191017193450705,0.738089828065493,0.010875658244192085,0.09493499333578921,0.014222222222222223,0.34683176722158043,0.41277833597756136,0.35345912172438604,41,0.32692167260937277
0.01,3558,0.010055392267691612,0.9899446077323084,0.27202563834154253,0.7279743616584574,0.018497909763967476,0.09716870582318599,0.02066666666666667,0.4167405130099953,0.44117281407098125,0.41430653241273124,41,0.32692167260937277
0.05,17709,0.050048044313814155,0.9499519556861858,0.31135872032427114,0.6886412796757289,0.05419910868104611,0.1091747613954658,0.05422222222222222,0.5719155477106305,0.504624818242233,0.547603976684516,41,0.32692167260937277
0.1,35401,0.10004804431381416,0.8999519556861858,0.3595298346388226,0.6404701653611774,0.10075636147633026,0.12847853681307975,0.10266666666666666,0.6859348906242704,0.5630912576366056,0.6629622416285571,41,0.32692167260937277
0.2,70783,0.20004239204160074,0.7999576079583992,0.45169710912519967,0.5483028908748003,0.2012674780380335,0.19963959438628998,0.2033333333333334,0.7963394341071975,0.6634862706071487,0.7789390681788161,41,0.32692167260937277
0.3,106173,0.30005934885824104,0.699940651141759,0.5393587483167142,0.46064125168328585,0.3059981340300577,0.30255031400072,0.3075555555555555,0.8562715929121032,0.7498443665662349,0.8440494661054713,41,0.32692167260937277
0.5,176928,0.5000226090888538,0.49997739091114624,0.696673256899415,0.303326743100585,0.49474390071824254,0.49999458369706185,0.4955555555555554,0.9182788692838019,0.8554591888572819,0.9118243779985965,41,0.32692167260937277
0.75,265397,0.7500480443138141,0.2499519556861859,0.8647845557572149,0.1352154442427852,0.7566260520342765,0.7520184461885991,0.7566666666666666,0.9697560389586201,0.9430798671318363,0.9669016723287389,41,0.32692167260937277
1.0,353840,1.0,0.0,1.0,6.908054375445419e-17,1.0,1.0,1.0,1.0,1.0,1.0,41,0.32692167260937277
0.0,0,0.0,1.0,0.26191017193450705,0.738089828065493,0.010875658244192085,0.09493499333578921,0.014222222222222223,0.34683176722158043,0.41277833597756136,0.35345912172438604,42,0.3275738748975378
0.01,3558,0.010055392267691612,0.9899446077323084,0.27163484667340804,0.7283651533265918,0.015460741364511267,0.09862068006116949,0.018666666666666668,0.42098762119027644,0.4428367003015285,0.41745561384766344,42,0.3275738748975378
0.05,17709,0.050048044313814155,0.9499519556861858,0.31097515104818285,0.6890248489518173,0.05337746551725642,0.1101449464956877,0.0531111111111111,0.5739092227349252,0.5049170214676736,0.5492786683613354,42,0.3275738748975378
0.1,35401,0.10004804431381416,0.8999519556861858,0.3591430644862704,0.6408569355137295,0.10467063374035672,0.12776378639896901,0.10555555555555556,0.686395638826407,0.5617951863765805,0.6632845032869622,42,0.3275738748975378
0.2,70783,0.20004239204160074,0.7999576079583992,0.45126597874525726,0.5487340212547428,0.2065014016186405,0.1996547836213109,0.2088888888888889,0.7974266180040122,0.6628301532956495,0.7796042355609943,42,0.3275738748975378
0.3,106173,0.30005934885824104,0.699940651141759,0.5383527273585647,0.4616472726414353,0.31063828885981604,0.3014555888191569,0.3135555555555556,0.85566919771957,0.7485665395179064,0.8432000194854894,42,0.3275738748975378
0.5,176928,0.5000226090888538,0.49997739091114624,0.695931896577126,0.3040681034228741,0.5111345885394104,0.5012402896568422,0.5177777777777778,0.9247226577386616,0.8587886051719796,0.9177273035037239,42,0.3275738748975378
0.75,265397,0.7500480443138141,0.2499519556861859,0.8638431264573686,0.13615687354263137,0.7521710401833024,0.7496582169607416,0.7577777777777777,0.9700633203063614,0.9426844905031053,0.9672793611304503,42,0.3275738748975378
1.0,353840,1.0,0.0,1.0,6.908054375445419e-17,1.0,1.0,1.0,1.0,1.0,1.0,42,0.3275738748975378
0.0,0,0.0,1.0,0.26191017193450705,0.738089828065493,0.010875658244192085,0.09493499333578921,0.014222222222222223,0.34683176722158043,0.41277833597756136,0.35345912172438604,43,0.327782157910757
0.01,3558,0.010055392267691612,0.9899446077323084,0.2717527561602777,0.7282472438397224,0.017381139833838842,0.0983477200015537,0.02,0.4228141534945809,0.44294020470890366,0.41982329937556917,43,0.327782157910757
0.05,17709,0.050048044313814155,0.9499519556861858,0.3114478548582462,0.6885521451417537,0.04836256404374321,0.1089160329322307,0.04733333333333333,0.5692528593547959,0.5029719465180934,0.5453680703986532,43,0.327782157910757
0.1,35401,0.10004804431381416,0.8999519556861858,0.35953708048592536,0.6404629195140746,0.09643233543125886,0.1288932809896649,0.09533333333333334,0.6865392010176677,0.5621009801740069,0.6637721906474836,43,0.327782157910757
0.2,70783,0.20004239204160074,0.7999576079583992,0.45110674363806197,0.5488932563619381,0.1996580843784605,0.201954737730026,0.20022222222222222,0.7976128852220011,0.6657104544553877,0.7804234947394848,43,0.327782157910757
0.3,106173,0.30005934885824104,0.699940651141759,0.5379424912814257,0.4620575087185743,0.30275741545852247,0.29928712090716936,0.30044444444444446,0.8559639236931943,0.748993670623088,0.843253371747696,43,0.327782157910757
0.5,176928,0.5000226090888538,0.49997739091114624,0.6953598126279916,0.3046401873720085,0.48631477150918373,0.49846367490947896,0.4908888888888889,0.9197662155292482,0.8554248790724089,0.9127655382775752,43,0.327782157910757
0.75,265397,0.7500480443138141,0.2499519556861859,0.8636195876111845,0.13638041238881551,0.7420053637964538,0.7493900601435344,0.745111111111111,0.9691297532588595,0.9417281226895076,0.9661300342324494,43,0.327782157910757
1.0,353840,1.0,0.0,1.0,6.908054375445419e-17,1.0,1.0,1.0,1.0,1.0,1.0,43,0.327782157910757
0.0,0,0.0,1.0,0.26191017193450705,0.738089828065493,0.010875658244192085,0.09493499333578921,0.014222222222222223,0.34683176722158043,0.41277833597756136,0.35345912172438604,44,0.3283091621180301
0.01,3558,0.010055392267691612,0.9899446077323084,0.27177037138842147,0.7282296286115785,0.015406927047247176,0.09694863242617564,0.019555555555555555,0.41499399973513607,0.4399600273723258,0.41240633035852436,44,0.3283091621180301
0.05,17709,0.050048044313814155,0.9499519556861858,0.31048142070489076,0.6895185792951093,0.04872540056605975,0.10691767570308817,0.05133333333333333,0.5609753443254946,0.5004691271635648,0.5373435108143538,44,0.3283091621180301
0.1,35401,0.10004804431381416,0.8999519556861858,0.3582011224887052,0.6417988775112948,0.10073893469605232,0.12364153025183554,0.10177777777777774,0.680725528546411,0.5592122853728286,0.6577696558434223,44,0.3283091621180301
0.2,70783,0.20004239204160074,0.7999576079583992,0.45021739726854393,0.5497826027314561,0.20176702256248666,0.20013801776113138,0.20533333333333342,0.7973859779002933,0.6633153231296127,0.7799384132417877,44,0.3283091621180301
0.3,106173,0.30005934885824104,0.699940651141759,0.53632850211916,0.46367149788083994,0.3081761652949216,0.30466326964147844,0.3055555555555556,0.8580377865657578,0.7492130845252029,0.8455311085976727,44,0.3283091621180301
0.5,176928,0.5000226090888538,0.49997739091114624,0.6948313699771836,0.30516863002281636,0.4999571186063916,0.4995686736791203,0.49444444444444435,0.920790490461199,0.8555856475895038,0.9136274474154026,44,0.3283091621180301
0.75,265397,0.7500480443138141,0.2499519556861859,0.8638842105058213,0.13611578949417866,0.7535893229342243,0.7497056650815823,0.7484444444444445,0.9691720214716194,0.9417608511513764,0.9661195848001365,44,0.3283091621180301
1.0,353840,1.0,0.0,1.0,6.908054375445419e-17,1.0,1.0,1.0,1.0,1.0,1.0,44,0.3283091621180301
0.0,0,0.0,1.0,0.26191017193450705,0.738089828065493,0.010875658244192085,0.09493499333578921,0.014222222222222223,0.34683176722158043,0.41277833597756136,0.35345912172438604,45,0.3279741352316207
0.01,3558,0.010055392267691612,0.9899446077323084,0.27193965571755935,0.7280603442824408,0.01886118456722298,0.09785808306100492,0.021333333333333336,0.4188283572744987,0.4419338048473675,0.4159685089655859,45,0.3279741352316207
0.05,17709,0.050048044313814155,0.9499519556861858,0.3110234176882546,0.6889765823117453,0.05216957467511586,0.1078386431033925,0.05244444444444444,0.5716938817349615,0.5040697862445513,0.547471431354699,45,0.3279741352316207
0.1,35401,0.10004804431381416,0.8999519556861858,0.35893332537082195,0.6410666746291781,0.09676877585002452,0.12350160112439694,0.09644444444444442,0.6775307680934747,0.5583149740063762,0.655465233355446,45,0.3279741352316207
0.2,70783,0.20004239204160074,0.7999576079583992,0.4504960181587617,0.5495039818412383,0.19086013718274306,0.19737390311954084,0.19355555555555556,0.7906577115855467,0.6603970997412008,0.7737243889892572,45,0.3279741352316207
0.3,106173,0.30005934885824104,0.699940651141759,0.5372648155982079,0.46273518440179207,0.2986534226309446,0.2951743985129142,0.2977777777777778,0.8519274748859967,0.7449071583594961,0.8391295032411556,45,0.3279741352316207
0.5,176928,0.5000226090888538,0.49997739091114624,0.6956330498743205,0.30436695012567955,0.5018856265280702,0.4945529688725219,0.4991111111111112,0.9211221824052097,0.8552296148022236,0.9141977965993469,45,0.3279741352316207
0.75,265397,0.7500480443138141,0.2499519556861859,0.8634954522150611,0.136504547784939,0.7384206587143,0.7431837462225899,0.7331111111111112,0.9674517635995964,0.9397515261017189,0.9642979184335774,45,0.3279741352316207
1.0,353840,1.0,0.0,1.0,6.908054375445419e-17,1.0,1.0,1.0,1.0,1.0,1.0,45,0.3279741352316207
0.0,0,0.0,1.0,0.26191017193450705,0.738089828065493,0.010875658244192085,0.09493499333578921,0.014222222222222223,0.34683176722158043,0.41277833597756136,0.35345912172438604,46,0.32821903614887116
0.01,3558,0.010055392267691612,0.9899446077323084,0.27168406462548594,0.728315935374514,0.01573868382913626,0.09791730816433818,0.018444444444444447,0.4144325810940822,0.4407223163945011,0.41215532149555856,46,0.32821903614887116
0.05,17709,0.050048044313814155,0.9499519556861858,0.3108414675725143,0.6891585324274858,0.04847666384293941,0.10924786562727448,0.050666666666666665,0.567641948797921,0.5027334962495781,0.543654585246936,46,0.32821903614887116
0.1,35401,0.10004804431381416,0.8999519556861858,0.35829277636267587,0.641707223637324,0.09873374324026779,0.1269766635477423,0.09977777777777778,0.6810956402875818,0.559437626944919,0.6580131846958495,46,0.32821903614887116
0.2,70783,0.20004239204160074,0.7999576079583992,0.4502740920296104,0.5497259079703897,0.19066045774569268,0.19961408037591205,0.19333333333333336,0.7902175245040709,0.6595325436004046,0.7735766156973557,46,0.32821903614887116
0.3,106173,0.30005934885824104,0.699940651141759,0.5370331795861272,0.4629668204138727,0.28492917343458857,0.2979723458619802,0.288,0.8483965968693571,0.7437449083565427,0.8365215611078298,46,0.32821903614887116
0.5,176928,0.5000226090888538,0.49997739091114624,0.6947819387911016,0.3052180612088983,0.4953418493387062,0.5015981314200971,0.49377777777777776,0.9193388151749754,0.855957740914483,0.9127534820719597,46,0.32821903614887116
0.75,265397,0.7500480443138141,0.2499519556861859,0.8637600786324473,0.13623992136755275,0.7421502738679243,0.748883229474832,0.7455555555555555,0.9672569938684757,0.941104634488009,0.9644690163698516,46,0.32821903614887116
1.0,353840,1.0,0.0,1.0,6.908054375445419e-17,1.0,1.0,1.0,1.0,1.0,1.0,46,0.32821903614887116
0.0,0,0.0,1.0,0.26191017193450705,0.738089828065493,0.010875658244192085,0.09493499333578921,0.014222222222222223,0.34683176722158043,0.41277833597756136,0.35345912172438604,47,0.3274907982260936
0.01,3558,0.010055392267691612,0.9899446077323084,0.27212130914303473,0.7278786908569654,0.021034380561141906,0.09884088660023325,0.022666666666666672,0.4292020566629697,0.4455855711135609,0.4251194007543339,47,0.3274907982260936
0.05,17709,0.050048044313814155,0.9499519556861858,0.31145045617901806,0.6885495438209819,0.049687761001880444,0.1100122945448387,0.047999999999999994,0.5741148108162578,0.5047817396493778,0.5494698050969375,47,0.3274907982260936
0.1,35401,0.10004804431381416,0.8999519556861858,0.36069889926397974,0.6393011007360203,0.10749977845795725,0.13177140818388852,0.10155555555555557,0.6939167554893098,0.5661558742637091,0.6707251955020561,47,0.3274907982260936
0.2,70783,0.20004239204160074,0.7999576079583992,0.45183026963677736,0.5481697303632226,0.20808554972212556,0.20460775899880987,0.20200000000000004,0.8013498895920736,0.6662196174797128,0.7839486383418421,47,0.3274907982260936
0.3,106173,0.30005934885824104,0.699940651141759,0.5379735138669192,0.46202648613308084,0.31243224378111456,0.3073715851031805,0.3088888888888889,0.8593289444097207,0.7517478729287752,0.8471992526457645,47,0.3274907982260936
0.5,176928,0.5000226090888538,0.49997739091114624,0.6956611808638061,0.304338819136194,0.5075891681269189,0.505652707755644,0.5066666666666667,0.9222936078547066,0.8588249376535757,0.9156521508649781,47,0.3274907982260936
0.75,265397,0.7500480443138141,0.2499519556861859,0.8638198803154074,0.13618011968459257,0.7600975891772765,0.7555279904220561,0.7582222222222224,0.9693477505208127,0.9434261238949095,0.9668001774182593,47,0.3274907982260936
1.0,353840,1.0,0.0,1.0,6.908054375445419e-17,1.0,1.0,1.0,1.0,1.0,1.0,47,0.3274907982260936
0.0,0,0.0,1.0,0.26191017193450705,0.738089828065493,0.010875658244192085,0.09493499333578921,0.014222222222222223,0.34683176722158043,0.41277833597756136,0.35345912172438604,48,0.3277281303807797
0.01,3558,0.010055392267691612,0.9899446077323084,0.27191930818990984,0.7280806918100902,0.016535025254929732,0.09811199612225491,0.020000000000000004,0.41984343974307337,0.44235431330267694,0.4170033900570094,48,0.3277281303807797
0.05,17709,0.050048044313814155,0.9499519556861858,0.31096764612566064,0.6890323538743395,0.04715812992977513,0.10868889799011416,0.04755555555555556,0.5723260517187684,0.5045155016182546,0.5477772731588786,48,0.3277281303807797
0.1,35401,0.10004804431381416,0.8999519556861858,0.3588747847225419,0.641125215277458,0.09810206578738916,0.1284464277634329,0.0968888888888889,0.6866284121924361,0.5624441202819871,0.6637846181819428,48,0.3277281303807797
0.2,70783,0.20004239204160074,0.7999576079583992,0.45049148000086664,0.5495085199991334,0.19005263685114507,0.20245248422802203,0.19133333333333336,0.7930433353498013,0.662794068872744,0.776420695430681,48,0.3277281303807797
0.3,106173,0.30005934885824104,0.699940651141759,0.5371128478720758,0.46288715212792414,0.290096712963761,0.303812504611025,0.2928888888888889,0.8512261893678215,0.7474789560836518,0.8395472761133729,48,0.3277281303807797
0.5,176928,0.5000226090888538,0.49997739091114624,0.696163628195711,0.3038363718042889,0.49801259773051465,0.5092614405898452,0.5011111111111111,0.9201858603412131,0.8587948234738102,0.9137171928886735,48,0.3277281303807797
0.75,265397,0.7500480443138141,0.2499519556861859,0.8641246178657831,0.13587538213421682,0.745426473956628,0.7543463655089468,0.7475555555555554,0.9671256416450009,0.9418741751695625,0.9644446953111444,48,0.3277281303807797
1.0,353840,1.0,0.0,1.0,6.908054375445419e-17,1.0,1.0,1.0,1.0,1.0,1.0,48,0.3277281303807797
0.0,0,0.0,1.0,0.26191017193450705,0.738089828065493,0.010875658244192085,0.09493499333578921,0.014222222222222223,0.34683176722158043,0.41277833597756136,0.35345912172438604,49,0.3279530134310722
0.01,3558,0.010055392267691612,0.9899446077323084,0.27197730829556177,0.7280226917044383,0.016863379113568472,0.098065075416769,0.018666666666666668,0.4222840704953979,0.4431655429665037,0.41905473392920906,49,0.3279530134310722
0.05,17709,0.050048044313814155,0.9499519556861858,0.3112104052659264,0.6887895947340736,0.0485610667348582,0.10796171716530713,0.048444444444444436,0.5709353738984684,0.503739969707818,0.5465841134582086,49,0.3279530134310722
0.1,35401,0.10004804431381416,0.8999519556861858,0.3597028001540021,0.640297199845998,0.10102706242240915,0.12530993717170474,0.0993333333333333,0.6867801825278711,0.5618003017755748,0.6633895679864527,49,0.3279530134310722
0.2,70783,0.20004239204160074,0.7999576079583992,0.45059345986940413,0.5494065401305959,0.19208835715649583,0.19427241400310086,0.19044444444444444,0.7913250621445995,0.6591392157784902,0.7739440865886315,49,0.3279530134310722
0.3,106173,0.30005934885824104,0.699940651141759,0.5377532218158193,0.46224677818418075,0.2928277279128638,0.2971228977496984,0.29288888888888887,0.8531937964189229,0.7461003461061627,0.8405267457421611,49,0.3279530134310722
0.5,176928,0.5000226090888538,0.49997739091114624,0.6949251503007502,0.3050748496992498,0.49546349505546733,0.5004113804762385,0.49244444444444446,0.919377703006036,0.8555592380696886,0.9125635694509183,49,0.3279530134310722
0.75,265397,0.7500480443138141,0.2499519556861859,0.8636167775927529,0.136383222407247,0.7433511073070047,0.7544321673266488,0.7417777777777779,0.9691040748970399,0.9424636596049875,0.9660280712109269,49,0.3279530134310722
1.0,353840,1.0,0.0,1.0,6.908054375445419e-17,1.0,1.0,1.0,1.0,1.0,1.0,49,0.3279530134310722
0.0,0,0.0,1.0,0.26191017193450705,0.738089828065493,0.010875658244192085,0.09493499333578921,0.014222222222222223,0.34683176722158043,0.41277833597756136,0.35345912172438604,50,0.327186200893594
0.01,3558,0.010055392267691612,0.9899446077323084,0.2721613384575171,0.727838661542483,0.014873594363764057,0.09789240558342098,0.018444444444444447,0.41750659285980257,0.44169470956252915,0.41509111637523466,50,0.327186200893594
0.05,17709,0.050048044313814155,0.9499519556861858,0.3111460804090691,0.6888539195909309,0.05428355619146051,0.10978588503292591,0.053777777777777785,0.5756716222143563,0.5057337075521715,0.5510721433800685,50,0.327186200893594
0.1,35401,0.10004804431381416,0.8999519556861858,0.3590225844771642,0.6409774155228358,0.10296397279481444,0.128618263299165,0.10222222222222221,0.690315062630357,0.5647745646178873,0.6671480411244878,50,0.327186200893594
0.2,70783,0.20004239204160074,0.7999576079583992,0.45154937219208807,0.5484506278079119,0.20166336819861297,0.20316736216889247,0.20288888888888887,0.8003751906351078,0.6656849323637571,0.7828571448610347,50,0.327186200893594
0.3,106173,0.30005934885824104,0.699940651141759,0.53852585729735,0.4614741427026499,0.29622506027171985,0.3047605926531081,0.29999999999999993,0.8548770528302103,0.7491824832758042,0.8429219994878768,50,0.327186200893594
0.5,176928,0.5000226090888538,0.49997739091114624,0.6969291163868498,0.30307088361315015,0.508371747419377,0.5092349279327052,0.5086666666666667,0.9226621933962311,0.8596997732115903,0.9160056993604799,50,0.327186200893594
0.75,265397,0.7500480443138141,0.2499519556861859,0.8642318079663437,0.13576819203365645,0.7576073404858573,0.7544979842775262,0.7580000000000001,0.9703413907678312,0.9435926644477166,0.9675448678229597,50,0.327186200893594
1.0,353840,1.0,0.0,1.0,6.908054375445419e-17,1.0,1.0,1.0,1.0,1.0,1.0,50,0.327186200893594
0.0,0,0.0,1.0,0.26191017193450705,0.738089828065493,0.010875658244192085,0.09493499333578921,0.014222222222222223,0.34683176722158043,0.41277833597756136,0.35345912172438604,51,0.3278369967985742
0.01,3558,0.010055392267691612,0.9899446077323084,0.27206146063176617,0.7279385393682338,0.017044342717249916,0.09813238983225046,0.020666666666666667,0.42294536550715245,0.4433932785165849,0.4201773070690401,51,0.3278369967985742
0.05,17709,0.050048044313814155,0.9499519556861858,0.3115229027040267,0.6884770972959733,0.05769815501725021,0.11314675652352617,0.05822222222222222,0.5852192303801208,0.5096152736343411,0.5594064978923637,51,0.3278369967985742
0.1,35401,0.10004804431381416,0.8999519556861858,0.3588592353698921,0.6411407646301079,0.11571947995832371,0.13202837564488593,0.11311111111111113,0.6974042979576692,0.56707039777726,0.6737818914306429,51,0.3278369967985742
0.2,70783,0.20004239204160074,0.7999576079583992,0.4504648169653412,0.5495351830346588,0.21538502495655917,0.20281669327559929,0.21288888888888885,0.802606166314069,0.6662936362959511,0.7849296639186112,51,0.3278369967985742
0.3,106173,0.30005934885824104,0.699940651141759,0.5378130522444786,0.46218694775552144,0.3169622989869525,0.30265357195144715,0.312,0.8599279813530413,0.75117263443902,0.8473800244332319,51,0.3278369967985742
0.5,176928,0.5000226090888538,0.49997739091114624,0.6953023651641277,0.3046976348358722,0.5161451936432103,0.5017825742483749,0.5102222222222222,0.9231225308577282,0.8584727261727167,0.916459254204434,51,0.3278369967985742
0.75,265397,0.7500480443138141,0.2499519556861859,0.8639453299438913,0.13605467005610852,0.7582296143136893,0.7464138150131752,0.7537777777777778,0.9697329225710116,0.9422893040280869,0.9669416152303458,51,0.3278369967985742
1.0,353840,1.0,0.0,1.0,6.908054375445419e-17,1.0,1.0,1.0,1.0,1.0,1.0,51,0.3278369967985742
0.0,0,0.0,1.0,0.26191017193450705,0.738089828065493,0.010875658244192085,0.09493499333578921,0.014222222222222223,0.34683176722158043,0.41277833597756136,0.35345912172438604,52,0.32778032145504143
0.01,3558,0.010055392267691612,0.9899446077323084,0.27182340855320386,0.7281765914467964,0.016583566381824247,0.09703197937254567,0.019333333333333334,0.41598882800648795,0.4406470917885257,0.4129844600682842,52,0.32778032145504143
0.05,17709,0.050048044313814155,0.9499519556861858,0.31092411705222317,0.6890758829477768,0.045016169746986745,0.10675751665772573,0.044444444444444446,0.5611277991749406,0.500299563401155,0.5382078797712494,52,0.32778032145504143
0.1,35401,0.10004804431381416,0.8999519556861858,0.35871382765421833,0.6412861723457818,0.09691147216821686,0.12398587968330267,0.09666666666666666,0.679375009109351,0.5588716311467176,0.6569389886300725,52,0.32778032145504143
0.2,70783,0.20004239204160074,0.7999576079583992,0.4504602491319351,0.549539750868065,0.20097357073661323,0.20274220101136098,0.20022222222222222,0.7965675180939745,0.6638255419674286,0.7796528929569373,52,0.32778032145504143
0.3,106173,0.30005934885824104,0.699940651141759,0.5384900722399542,0.4615099277600458,0.3092161748977577,0.30335481192551705,0.3051111111111111,0.8571920643161391,0.7500741068075332,0.8446234455386807,52,0.32778032145504143
0.5,176928,0.5000226090888538,0.49997739091114624,0.6956164197444388,0.3043835802555612,0.5033173764796208,0.5029790288908532,0.5028888888888889,0.9219538451602176,0.8576829169763523,0.9150056588874519,52,0.32778032145504143
0.75,265397,0.7500480443138141,0.2499519556861859,0.8636602398017488,0.1363397601982513,0.745520218081516,0.7507048127610086,0.7433333333333333,0.9667242315367021,0.9406877185582624,0.9640410192947358,52,0.32778032145504143
1.0,353840,1.0,0.0,1.0,6.908054375445419e-17,1.0,1.0,1.0,1.0,1.0,1.0,52,0.32778032145504143
0.0,0,0.0,1.0,0.26191017193450705,0.738089828065493,0.010875658244192085,0.09493499333578921,0.014222222222222223,0.34683176722158043,0.41277833597756136,0.35345912172438604,53,0.32736206149493685
0.01,3558,0.010055392267691612,0.9899446077323084,0.2718451881619972,0.7281548118380029,0.015959526131428595,0.09885942528982938,0.01977777777777778,0.41789170264722303,0.44176417248670113,0.4153178755222142,53,0.32736206149493685
0.05,17709,0.050048044313814155,0.9499519556861858,0.31083359335774796,0.689166406642252,0.04711136103073248,0.10775078306788619,0.048666666666666664,0.5688199435353424,0.5030180267523443,0.544545392608399,53,0.32736206149493685
0.1,35401,0.10004804431381416,0.8999519556861858,0.35916561398106656,0.6408343860189334,0.1072574358839529,0.1261548182798823,0.10555555555555557,0.6861319551470272,0.5615962224042033,0.662772054496222,53,0.32736206149493685
0.2,70783,0.20004239204160074,0.7999576079583992,0.4514913570900086,0.5485086429099914,0.2056898887225711,0.20224552610286076,0.2035555555555556,0.7967628111162571,0.6638947089259232,0.7797754968581467,53,0.32736206149493685
0.3,106173,0.30005934885824104,0.699940651141759,0.5388500055673143,0.46114999443268573,0.298267049121432,0.3006976712139531,0.2982222222222222,0.8537130081240453,0.7476788284760385,0.8413162450530066,53,0.32736206149493685
0.5,176928,0.5000226090888538,0.49997739091114624,0.6959490394849066,0.30405096051509334,0.48494193009213,0.4965796749669159,0.484888888888889,0.9153064500659323,0.8531793858488896,0.9088857757818118,53,0.32736206149493685
0.75,265397,0.7500480443138141,0.2499519556861859,0.864284127446278,0.13571587255372192,0.740782580097651,0.747798953960515,0.7373333333333333,0.9667015362428155,0.9404457226202113,0.9639463471334349,53,0.32736206149493685
1.0,353840,1.0,0.0,1.0,6.908054375445419e-17,1.0,1.0,1.0,1.0,1.0,1.0,53,0.32736206149493685
0.0,0,0.0,1.0,0.26191017193450705,0.738089828065493,0.010875658244192085,0.09493499333578921,0.014222222222222223,0.34683176722158043,0.41277833597756136,0.35345912172438604,54,0.32762965357390333
0.01,3558,0.010055392267691612,0.9899446077323084,0.27216398968415023,0.7278360103158497,0.018235431129608785,0.09905505361183259,0.02244444444444445,0.42211136928687526,0.4433237655061383,0.4198214484933523,54,0.32762965357390333
0.05,17709,0.050048044313814155,0.9499519556861858,0.31136173944763385,0.6886382605523661,0.05087520832526789,0.10930935891228612,0.050888888888888886,0.5711018659883875,0.5040194801812385,0.5465604640969498,54,0.32762965357390333
0.1,35401,0.10004804431381416,0.8999519556861858,0.35909523153634454,0.6409047684636554,0.0961889855837437,0.12632149383777785,0.09533333333333334,0.6824906675362165,0.5611789169402356,0.6598034193466753,54,0.32762965357390333
0.2,70783,0.20004239204160074,0.7999576079583992,0.4502940417013436,0.5497059582986564,0.19172595142183319,0.19845588129414513,0.19266666666666665,0.7911221836370959,0.6599967390813847,0.7740723187658871,54,0.32762965357390333
0.3,106173,0.30005934885824104,0.699940651141759,0.5375931451771029,0.4624068548228972,0.28665404625303825,0.2992124798327771,0.28888888888888886,0.8500753945236493,0.7450867008730684,0.8378456207070156,54,0.32762965357390333
0.5,176928,0.5000226090888538,0.49997739091114624,0.6957951937251571,0.30420480627484303,0.4943568081630484,0.5030989511724087,0.4935555555555556,0.9173625024479872,0.8554990502772959,0.9109269750363029,54,0.32762965357390333
0.75,265397,0.7500480443138141,0.2499519556861859,0.8644793900140414,0.13552060998595872,0.7442144036449913,0.7510693231266633,0.7446666666666666,0.9659959334828907,0.9403204650834411,0.9632179137732965,54,0.32762965357390333
1.0,353840,1.0,0.0,1.0,6.908054375445419e-17,1.0,1.0,1.0,1.0,1.0,1.0,54,0.32762965357390333
0.0,0,0.0,1.0,0.26191017193450705,0.738089828065493,0.010875658244192085,0.09493499333578921,0.014222222222222223,0.34683176722158043,0.41277833597756136,0.35345912172438604,55,0.32775670662446965
0.01,3558,0.010055392267691612,0.9899446077323084,0.27182304758490555,0.7281769524150944,0.016577637550495954,0.09683320797293976,0.02044444444444445,0.4153456387386313,0.44040958852027906,0.4133689645064293,55,0.32775670662446965
0.05,17709,0.050048044313814155,0.9499519556861858,0.3109597982329108,0.6890402017670891,0.04647034578189066,0.10778254022699586,0.04533333333333334,0.5649577539686973,0.501466469236248,0.5413686034034796,55,0.32775670662446965
0.1,35401,0.10004804431381416,0.8999519556861858,0.35899843020786903,0.6410015697921309,0.0957781489412596,0.12676608231289027,0.09222222222222223,0.681967445507602,0.5599223353100646,0.6589528379247135,55,0.32775670662446965
0.2,70783,0.20004239204160074,0.7999576079583992,0.4506429754793747,0.5493570245206253,0.1926759843511983,0.1964743262395687,0.19044444444444442,0.7914025115850198,0.658964998836705,0.7742127263144954,55,0.32775670662446965
0.3,106173,0.30005934885824104,0.699940651141759,0.537664376321541,0.46233562367845915,0.2920690412559987,0.29514177012806997,0.29488888888888887,0.8506489098058676,0.7438257182635984,0.837866297672877,55,0.32775670662446965
0.5,176928,0.5000226090888538,0.49997739091114624,0.6955541148544997,0.3044458851455004,0.5012545905544469,0.49639948947894486,0.5031111111111112,0.9200326878829442,0.8548788649023685,0.9131711812055863,55,0.32775670662446965
0.75,265397,0.7500480443138141,0.2499519556861859,0.8641413205758746,0.13585867942412533,0.7560289862600126,0.7499178635999971,0.7582222222222221,0.9694448805599502,0.9423967908134243,0.9667212964767233,55,0.32775670662446965
1.0,353840,1.0,0.0,1.0,6.908054375445419e-17,1.0,1.0,1.0,1.0,1.0,1.0,55,0.32775670662446965
0.0,0,0.0,1.0,0.26191017193450705,0.738089828065493,0.010875658244192085,0.09493499333578921,0.014222222222222223,0.34683176722158043,0.41277833597756136,0.35345912172438604,56,0.3274198563512136
0.01,3558,0.010055392267691612,0.9899446077323084,0.272031870648048,0.727968129351952,0.018075416766099563,0.0976900836731916,0.020444444444444446,0.4181726224597632,0.44138082671876255,0.41555732847819277,56,0.3274198563512136
0.05,17709,0.050048044313814155,0.9499519556861858,0.311343143471697,0.6886568565283031,0.04946781332264819,0.10795436345683557,0.04955555555555555,0.5652634141110993,0.50240548979431,0.5413955203766925,56,0.3274198563512136
0.1,35401,0.10004804431381416,0.8999519556861858,0.3597482152407847,0.6402517847592153,0.09868103811630367,0.12505530486008315,0.09822222222222224,0.6806292837264598,0.560245705617096,0.6580779422050117,56,0.3274198563512136
0.2,70783,0.20004239204160074,0.7999576079583992,0.45197599170506336,0.5480240082949367,0.20072566332276867,0.20039048221751113,0.19977777777777778,0.7943997298477283,0.6625938607448028,0.7773980154969684,56,0.3274198563512136
0.3,106173,0.30005934885824104,0.699940651141759,0.5384856706148997,0.46151432938510034,0.29871746252654696,0.29984955187804324,0.3013333333333333,0.8539238360543369,0.7480270823838459,0.8413453420636232,56,0.3274198563512136
0.5,176928,0.5000226090888538,0.49997739091114624,0.6952404797805695,0.3047595202194306,0.49591700173510356,0.4959483966233035,0.4997777777777778,0.9204149859566292,0.8556442593091543,0.9134378893303836,56,0.3274198563512136
0.75,265397,0.7500480443138141,0.2499519556861859,0.8644301925822699,0.13556980741772987,0.759384405664937,0.7502118264741292,0.7595555555555555,0.9702705424559486,0.9432373335549719,0.967583371727251,56,0.3274198563512136
1.0,353840,1.0,0.0,1.0,6.908054375445419e-17,1.0,1.0,1.0,1.0,1.0,1.0,56,0.3274198563512136
0.0,0,0.0,1.0,0.26191017193450705,0.738089828065493,0.010875658244192085,0.09493499333578921,0.014222222222222223,0.34683176722158043,0.41277833597756136,0.35345912172438604,57,0.3274678637701085
0.01,3558,0.010055392267691612,0.9899446077323084,0.2718785088856933,0.7281214911143069,0.016256790048039947,0.09751870543088602,0.018888888888888893,0.4165372815909134,0.4411028116792031,0.4141553012226876,57,0.3274678637701085
0.05,17709,0.050048044313814155,0.9499519556861858,0.31085740267729467,0.6891425973227053,0.04798483455565128,0.10907512663080353,0.04777777777777777,0.5674022737207198,0.5023160980873702,0.5434801563072328,57,0.3274678637701085
0.1,35401,0.10004804431381416,0.8999519556861858,0.35854691906846736,0.6414530809315326,0.09717565237584876,0.1268235193615877,0.09644444444444444,0.682841711171624,0.560730137587849,0.659767970898268,57,0.3274678637701085
0.2,70783,0.20004239204160074,0.7999576079583992,0.4509271888425746,0.5490728111574253,0.19232236441470577,0.19605533207989637,0.1926666666666667,0.7900079560444201,0.6588795419312332,0.7726123584597429,57,0.3274678637701085
0.3,106173,0.30005934885824104,0.699940651141759,0.5382628963603733,0.4617371036396267,0.2941176366961293,0.29542780781650824,0.296,0.8501460527496225,0.7437500731169941,0.8376150884912088,57,0.3274678637701085
0.5,176928,0.5000226090888538,0.49997739091114624,0.696208331331138,0.30379166866886204,0.4972348425811578,0.49538018372162984,0.49666666666666665,0.9196097004127262,0.8541243386886245,0.9127325168806271,57,0.3274678637701085
0.75,265397,0.7500480443138141,0.2499519556861859,0.8643834692653376,0.13561653073466257,0.7501311693935241,0.7459661610156568,0.7466666666666667,0.9675793897097665,0.9408613122524838,0.9648667291977803,57,0.3274678637701085
1.0,353840,1.0,0.0,1.0,6.908054375445419e-17,1.0,1.0,1.0,1.0,1.0,1.0,57,0.3274678637701085
0.0,0,0.0,1.0,0.26191017193450705,0.738089828065493,0.010875658244192085,0.09493499333578921,0.014222222222222223,0.34683176722158043,0.41277833597756136,0.35345912172438604,58,0.32795386298765333
0.01,3558,0.010055392267691612,0.9899446077323084,0.27193657491059725,0.7280634250894028,0.017428609154878868,0.09939971309234845,0.020000000000000004,0.42530900349829964,0.4444378498290145,0.42201966179038064,58,0.32795386298765333
0.05,17709,0.050048044313814155,0.9499519556861858,0.31088875575137087,0.6891112442486294,0.04566787811440822,0.10770281297284562,0.046000000000000006,0.5688393727323857,0.5029529761053296,0.544676434549242,58,0.32795386298765333
0.1,35401,0.10004804431381416,0.8999519556861858,0.3593211271397638,0.6406788728602363,0.09838809559521937,0.12452611960139362,0.09688888888888887,0.684881037209864,0.5620867179358513,0.6622056835515238,58,0.32795386298765333
0.2,70783,0.20004239204160074,0.7999576079583992,0.4503379117579784,0.5496620882420216,0.19692041388085307,0.19466524008135144,0.19244444444444447,0.7914447477987336,0.6607615400747352,0.774184930317662,58,0.32795386298765333
0.3,106173,0.30005934885824104,0.699940651141759,0.5374404427099042,0.4625595572900958,0.287670038006,0.2956770975251839,0.2864444444444444,0.8491923475930201,0.7445758234390074,0.8369001653069261,58,0.32795386298765333
0.5,176928,0.5000226090888538,0.49997739091114624,0.695035935249775,0.3049640647502249,0.49384075325509524,0.49704776354979935,0.4924444444444443,0.9182299009319195,0.8547521205578484,0.9115042940335978,58,0.32795386298765333
0.75,265397,0.7500480443138141,0.2499519556861859,0.8639800389813432,0.13601996101865654,0.747063377524394,0.7487333629903214,0.7477777777777779,0.9683473809313161,0.9415554782614486,0.9655755523648024,58,0.32795386298765333
1.0,353840,1.0,0.0,1.0,6.908054375445419e-17,1.0,1.0,1.0,1.0,1.0,1.0,58,0.32795386298765333
0.0,0,0.0,1.0,0.26191017193450705,0.738089828065493,0.010875658244192085,0.09493499333578921,0.014222222222222223,0.34683176722158043,0.41277833597756136,0.35345912172438604,59,0.3273473132558469
0.01,3558,0.010055392267691612,0.9899446077323084,0.2721082952824657,0.7278917047175341,0.01794057539376761,0.09887941647625781,0.01977777777777778,0.42335203136705957,0.4437244533582444,0.4204034605537166,59,0.3273473132558469
0.05,17709,0.050048044313814155,0.9499519556861858,0.311096622479602,0.688903377520398,0.052656130875931774,0.10912382876558421,0.052222222222222205,0.5775936284368329,0.5063851825689519,0.5522876965689862,59,0.3273473132558469
0.1,35401,0.10004804431381416,0.8999519556861858,0.35928536167349484,0.6407146383265051,0.10543409589044218,0.12684009659545875,0.1068888888888889,0.6922098239210983,0.5643042232479052,0.6683413146897793,59,0.3273473132558469
0.2,70783,0.20004239204160074,0.7999576079583992,0.4517280952463239,0.548271904753676,0.19985188723431618,0.19773162806382064,0.20155555555555552,0.7979033263209163,0.6630837071986169,0.7800308633097462,59,0.3273473132558469
0.3,106173,0.30005934885824104,0.699940651141759,0.538810495137975,0.46118950486202503,0.29856533765731413,0.30009726914459195,0.3011111111111111,0.8573287888773982,0.7493282830581542,0.8449125089711572,59,0.3273473132558469
0.5,176928,0.5000226090888538,0.49997739091114624,0.6961874297811161,0.30381257021888375,0.49427023414292154,0.5001832084950258,0.4928888888888889,0.9222755507390633,0.8577371794822449,0.9156056968354498,59,0.3273473132558469
0.75,265397,0.7500480443138141,0.2499519556861859,0.8639479630803079,0.13605203691969184,0.7453233524192425,0.7524143002530725,0.7475555555555555,0.970716012275155,0.9432591497284559,0.9676125711903615,59,0.3273473132558469
1.0,353840,1.0,0.0,1.0,6.908054375445419e-17,1.0,1.0,1.0,1.0,1.0,1.0,59,0.3273473132558469
0.0,0,0.0,1.0,0.26191017193450705,0.738089828065493,0.010875658244192085,0.09493499333578921,0.014222222222222223,0.34683176722158043,0.41277833597756136,0.35345912172438604,60,0.3272029975924555
0.01,3558,0.010055392267691612,0.9899446077323084,0.27184205217597274,0.7281579478240273,0.01403915188456053,0.09737951049670994,0.017777777777777778,0.4168064189250264,0.44086138679980147,0.41420638934720144,60,0.3272029975924555
0.05,17709,0.050048044313814155,0.9499519556861858,0.31160949949437416,0.6883905005056259,0.04302958938306149,0.10798951174261323,0.042444444444444444,0.5701411610834817,0.5034737773933414,0.545841050769784,60,0.3272029975924555
0.1,35401,0.10004804431381416,0.8999519556861858,0.35948584468087075,0.6405141553191291,0.08977016577637784,0.12734448072012036,0.09022222222222223,0.6835660246718586,0.5612218790204992,0.6609662667429751,60,0.3272029975924555
0.2,70783,0.20004239204160074,0.7999576079583992,0.451696877637892,0.5483031223621081,0.20063730527778229,0.20083276118749108,0.1995555555555556,0.799064078558807,0.6639773948993437,0.7814246856099304,60,0.3272029975924555
0.3,106173,0.30005934885824104,0.699940651141759,0.5387067609945083,0.4612932390054917,0.29953364166401414,0.29925479062642907,0.2993333333333334,0.8549468122496451,0.7469770133756791,0.8427062945761303,60,0.3272029975924555
0.5,176928,0.5000226090888538,0.49997739091114624,0.69635608318547,0.30364391681453007,0.5009267179454344,0.4954802333337444,0.5008888888888888,0.9196062902823517,0.8551456190689204,0.9133375565685152,60,0.3272029975924555
0.75,265397,0.7500480443138141,0.2499519556861859,0.8643223794766759,0.13567762052332405,0.7528337437026463,0.7493874735888401,0.753111111111111,0.969636194129796,0.9425527247384571,0.9669842296305914,60,0.3272029975924555
1.0,353840,1.0,0.0,1.0,6.908054375445419e-17,1.0,1.0,1.0,1.0,1.0,1.0,60,0.3272029975924555
0.0,0,0.0,1.0,0.26191017193450705,0.738089828065493,0.010875658244192085,0.09493499333578921,0.014222222222222223,0.34683176722158043,0.41277833597756136,0.35345912172438604,61,0.3279213204691931
0.01,3558,0.010055392267691612,0.9899446077323084,0.27181625899676354,0.7281837410032365,0.01757543232910105,0.09836249266969725,0.020222222222222225,0.4195015180972475,0.4419998526062811,0.41660730194468953,61,0.3279213204691931
0.05,17709,0.050048044313814155,0.9499519556861858,0.3113517600724103,0.6886482399275897,0.055513201100445525,0.10892034278999897,0.05533333333333332,0.5753653585823962,0.505247260425464,0.5503206850531891,61,0.3279213204691931
0.1,35401,0.10004804431381416,0.8999519556861858,0.35911967751255747,0.6408803224874426,0.10261306054151778,0.12528021233480816,0.1048888888888889,0.6852641131292654,0.5609240120125717,0.6619565709570314,61,0.3279213204691931
0.2,70783,0.20004239204160074,0.7999576079583992,0.45064165706631776,0.5493583429336821,0.19806853607351166,0.20010781632909508,0.20333333333333334,0.7954415202490952,0.6627711683643043,0.7782302364783897,61,0.3279213204691931
0.3,106173,0.30005934885824104,0.699940651141759,0.537463399777853,0.46253660022214704,0.29850772612313436,0.2984606098758209,0.3002222222222223,0.853952948475657,0.7467737222354992,0.841344412123166,61,0.3279213204691931
0.5,176928,0.5000226090888538,0.49997739091114624,0.6956181263838478,0.3043818736161521,0.4999689953544308,0.4987217826853223,0.5000000000000001,0.9202457733929422,0.8560279589704757,0.9133870582166299,61,0.3279213204691931
0.75,265397,0.7500480443138141,0.2499519556861859,0.8634400892483165,0.1365599107516837,0.7607248762832783,0.7485925401201328,0.7566666666666667,0.9712319302460662,0.9430109277523591,0.968320643783883,61,0.3279213204691931
1.0,353840,1.0,0.0,1.0,6.908054375445419e-17,1.0,1.0,1.0,1.0,1.0,1.0,61,0.3279213204691931
0.0,0,0.0,1.0,0.26191017193450705,0.738089828065493,0.010875658244192085,0.09493499333578921,0.014222222222222223,0.34683176722158043,0.41277833597756136,0.35345912172438604,62,0.32764937701596575
0.01,3558,0.010055392267691612,0.9899446077323084,0.2716302973969889,0.728369702603011,0.017439957980281497,0.09775952150433266,0.02,0.419950615928405,0.44183724313590783,0.41713581937316135,62,0.32764937701596575
0.05,17709,0.050048044313814155,0.9499519556861858,0.3113932724994966,0.6886067275005034,0.05061437021156922,0.10960734258956221,0.04999999999999999,0.5726369592232523,0.5051989152232584,0.5482812767360745,62,0.32764937701596575
0.1,35401,0.10004804431381416,0.8999519556861858,0.35871803252295115,0.6412819674770488,0.09761825256585735,0.12466288558241116,0.09888888888888886,0.6826486046951876,0.5609383578747036,0.6597366543430301,62,0.32764937701596575
0.2,70783,0.20004239204160074,0.7999576079583992,0.451302573382135,0.548697426617865,0.1907572111022284,0.19457453813518516,0.19422222222222224,0.7907159577890228,0.6592166520771391,0.7733189882795528,62,0.32764937701596575
0.3,106173,0.30005934885824104,0.699940651141759,0.5380377664056772,0.46196223359432276,0.2976182401768343,0.29408926314288414,0.29511111111111116,0.8524526403804477,0.744950427201135,0.8395564315757796,62,0.32764937701596575
0.5,176928,0.5000226090888538,0.49997739091114624,0.6954499841670047,0.3045500158329953,0.49138846694556926,0.4916971420857996,0.49111111111111116,0.9176514942251638,0.8529054630186053,0.9107585641298414,62,0.32764937701596575
0.75,265397,0.7500480443138141,0.2499519556861859,0.8642018743394022,0.13579812566059776,0.7511374865521169,0.7464644835642512,0.7535555555555555,0.9687228589164303,0.9416653873172934,0.9660176650988902,62,0.32764937701596575
1.0,353840,1.0,0.0,1.0,6.908054375445419e-17,1.0,1.0,1.0,1.0,1.0,1.0,62,0.32764937701596575
0.0,0,0.0,1.0,0.26191017193450705,0.738089828065493,0.010875658244192085,0.09493499333578921,0.014222222222222223,0.34683176722158043,0.41277833597756136,0.35345912172438604,63,0.3284322335994597
0.01,3558,0.010055392267691612,0.9899446077323084,0.27189541221491015,0.7281045877850897,0.014263693635009095,0.09801405421172167,0.01688888888888889,0.41864268247461545,0.44163753273496614,0.4160409229746764,63,0.3284322335994597
0.05,17709,0.050048044313814155,0.9499519556861858,0.31075799306630625,0.6892420069336939,0.04836648216252905,0.10946298374083566,0.04577777777777777,0.5691026226985354,0.503000851157331,0.544624269425685,63,0.3284322335994597
0.1,35401,0.10004804431381416,0.8999519556861858,0.35781863567477346,0.6421813643252265,0.09521179367357235,0.1278894911560711,0.09555555555555555,0.6846145722218864,0.5608515229812616,0.6613886556050835,63,0.3284322335994597
0.2,70783,0.20004239204160074,0.7999576079583992,0.44974019761324413,0.5502598023867559,0.19946134842573573,0.2026634475498881,0.20022222222222222,0.7989970450619492,0.6638107300021401,0.7814838276598626,63,0.3284322335994597
0.3,106173,0.30005934885824104,0.699940651141759,0.5371430403894232,0.4628569596105768,0.3067055318492115,0.3027689064723956,0.30288888888888893,0.8591530516769073,0.7497489784504364,0.8459420084300108,63,0.3284322335994597
0.5,176928,0.5000226090888538,0.49997739091114624,0.6948234202296298,0.3051765797703702,0.4986987924643089,0.5005599671200451,0.492,0.9204756492303336,0.8554986178162491,0.9133848731187543,63,0.3284322335994597
0.75,265397,0.7500480443138141,0.2499519556861859,0.8631536927195546,0.13684630728044547,0.7491056779384062,0.7506201447247094,0.7506666666666665,0.9692372253069703,0.9420960365051623,0.9663599767195723,63,0.3284322335994597
1.0,353840,1.0,0.0,1.0,6.908054375445419e-17,1.0,1.0,1.0,1.0,1.0,1.0,63,0.3284322335994597
0.0,0,0.0,1.0,0.26191017193450705,0.738089828065493,0.010875658244192085,0.09493499333578921,0.014222222222222223,0.34683176722158043,0.41277833597756136,0.35345912172438604,64,0.32773107692895714
0.01,3558,0.010055392267691612,0.9899446077323084,0.2716902444244419,0.7283097555755581,0.014328333389558393,0.09719915249471496,0.018222222222222223,0.41576186071533344,0.4405958073392196,0.41378837209608615,64,0.32773107692895714
0.05,17709,0.050048044313814155,0.9499519556861858,0.3100106297941207,0.6899893702058792,0.04327818259059681,0.10624230131850428,0.044444444444444446,0.5620123398410993,0.4999132387084006,0.5388930115933452,64,0.32773107692895714
0.1,35401,0.10004804431381416,0.8999519556861858,0.3583828345769375,0.6416171654230627,0.0917887102656781,0.12546474080859407,0.09533333333333334,0.6794787604948871,0.5589679411093113,0.6567167233888317,64,0.32773107692895714
0.2,70783,0.20004239204160074,0.7999576079583992,0.4502935573440647,0.5497064426559354,0.19070275080079915,0.1969843025607663,0.19044444444444444,0.7923090201923362,0.6590780577161391,0.7749143325191304,64,0.32773107692895714
0.3,106173,0.30005934885824104,0.699940651141759,0.5375157891572969,0.462484210842703,0.2904851545810655,0.29474090649548884,0.2857777777777778,0.8493585007562839,0.7431910849216868,0.8369202683894418,64,0.32773107692895714
0.5,176928,0.5000226090888538,0.49997739091114624,0.6964076755369866,0.3035923244630135,0.4888011473244454,0.49891267382262533,0.48777777777777775,0.9180900792766283,0.8546985677694756,0.9115674126406792,64,0.32773107692895714
0.75,265397,0.7500480443138141,0.2499519556861859,0.8640733737204547,0.13592662627954527,0.7410797107805838,0.7506689753801824,0.7422222222222223,0.9672221139334247,0.9409783752011879,0.9643323422102117,64,0.32773107692895714
1.0,353840,1.0,0.0,1.0,6.908054375445419e-17,1.0,1.0,1.0,1.0,1.0,1.0,64,0.32773107692895714
0.0,0,0.0,1.0,0.26191017193450705,0.738089828065493,0.010875658244192085,0.09493499333578921,0.014222222222222223,0.34683176722158043,0.41277833597756136,0.35345912172438604,65,0.3277610238219995
0.01,3558,0.010055392267691612,0.9899446077323084,0.2720496964524052,0.7279503035475947,0.017679166294140725,0.09896282570138562,0.022000000000000002,0.42394491615485735,0.44383718447558074,0.42040918501034236,65,0.3277610238219995
0.05,17709,0.050048044313814155,0.9499519556861858,0.3111945528271612,0.6888054471728388,0.0471038008002893,0.10842321430382074,0.04777777777777779,0.5684168611004055,0.5029739076411777,0.5440033249241837,65,0.3277610238219995
0.1,35401,0.10004804431381416,0.8999519556861858,0.35932315118763164,0.6406768488123683,0.10024117525414208,0.12781013852583825,0.10111111111111108,0.689517583908777,0.5629279668460416,0.6660972658631888,65,0.3277610238219995
0.2,70783,0.20004239204160074,0.7999576079583992,0.45107082426447803,0.548929175735522,0.1988417123843169,0.20087413771752116,0.19955555555555557,0.7980998474648543,0.6642009998538937,0.7806010048966712,65,0.3277610238219995
0.3,106173,0.30005934885824104,0.699940651141759,0.5376556105395276,0.4623443894604724,0.3009267333235478,0.29879289205508763,0.29999999999999993,0.856892426753897,0.7477626318671711,0.8441441737524177,65,0.3277610238219995
0.5,176928,0.5000226090888538,0.49997739091114624,0.6952718871074872,0.3047281128925128,0.5019740093589339,0.4988986155862112,0.49799999999999983,0.9217670506786686,0.855843433668388,0.9145626282453859,65,0.3277610238219995
0.75,265397,0.7500480443138141,0.2499519556861859,0.8640498045087658,0.13595019549123413,0.7509470118603908,0.7547633923020627,0.7500000000000001,0.9685187521061033,0.9426852169089935,0.9658364071196298,65,0.3277610238219995
1.0,353840,1.0,0.0,1.0,6.908054375445419e-17,1.0,1.0,1.0,1.0,1.0,1.0,65,0.3277610238219995
0.0,0,0.0,1.0,0.26191017193450705,0.738089828065493,0.010875658244192085,0.09493499333578921,0.014222222222222223,0.34683176722158043,0.41277833597756136,0.35345912172438604,66,0.3275972930164375
0.01,3558,0.010055392267691612,0.9899446077323084,0.2717617383471249,0.728238261652875,0.017906462415721715,0.09782418045897817,0.020888888888888894,0.42223875169787584,0.4428587765263365,0.41848722764566,66,0.3275972930164375
0.05,17709,0.050048044313814155,0.9499519556861858,0.311360022264465,0.6886399777355349,0.05219061795954415,0.10739299461506352,0.051333333333333335,0.5733892181079192,0.5042516513935135,0.5489094866060756,66,0.3275972930164375
0.1,35401,0.10004804431381416,0.8999519556861858,0.35983604767521576,0.6401639523247841,0.09933545292545236,0.1272534860248371,0.10022222222222221,0.686593500169367,0.5629290191774321,0.6636034795680213,66,0.3275972930164375
0.2,70783,0.20004239204160074,0.7999576079583992,0.4516290826146913,0.5483709173853086,0.20002018298396437,0.19967861249964158,0.20066666666666666,0.7949948082143035,0.6637752148641254,0.7778821871710395,66,0.3275972930164375
0.3,106173,0.30005934885824104,0.699940651141759,0.5376682869407061,0.4623317130592939,0.29302446591788217,0.29633404415844866,0.2986666666666667,0.8506578367576013,0.7452535035657866,0.8384884407365075,66,0.3275972930164375
0.5,176928,0.5000226090888538,0.49997739091114624,0.6955890028610269,0.3044109971389731,0.4849577791288558,0.4902368066823562,0.4897777777777778,0.9158115400921911,0.8522480274017165,0.9089551692679535,66,0.3275972930164375
0.75,265397,0.7500480443138141,0.2499519556861859,0.8640335869530683,0.1359664130469316,0.7492712527984046,0.7500195766780855,0.7502222222222221,0.9687950300848998,0.9417124696503337,0.9659775388001788,66,0.3275972930164375
1.0,353840,1.0,0.0,1.0,6.908054375445419e-17,1.0,1.0,1.0,1.0,1.0,1.0,66,0.3275972930164375
0.0,0,0.0,1.0,0.26191017193450705,0.738089828065493,0.010875658244192085,0.09493499333578921,0.014222222222222223,0.34683176722158043,0.41277833597756136,0.35345912172438604,67,0.32790589498808853
0.01,3558,0.010055392267691612,0.9899446077323084,0.2721640084713336,0.7278359915286665,0.016269553989131106,0.09673633121913713,0.020000000000000004,0.4179772360270418,0.4414854766974915,0.41566422966264205,67,0.32790589498808853
0.05,17709,0.050048044313814155,0.9499519556861858,0.31101858519320275,0.6889814148067974,0.05061234143345294,0.1064394103578065,0.05111111111111111,0.5674565627689813,0.5032455057039126,0.5433512954369267,67,0.32790589498808853
0.1,35401,0.10004804431381416,0.8999519556861858,0.3582223648724833,0.6417776351275167,0.09807677152807667,0.1228623767749121,0.098,0.6792635581867889,0.5583553001179995,0.6564253707071181,67,0.32790589498808853
0.2,70783,0.20004239204160074,0.7999576079583992,0.4500374087671507,0.5499625912328493,0.19842451512202092,0.19254612018696785,0.20022222222222222,0.7936884426084269,0.6594976709597538,0.775987981748361,67,0.32790589498808853
0.3,106173,0.30005934885824104,0.699940651141759,0.5372161644106106,0.4627838355893894,0.3006826040931664,0.2918462891191509,0.2993333333333333,0.8540331053860061,0.7441955095508329,0.8406421469988635,67,0.32790589498808853
0.5,176928,0.5000226090888538,0.49997739091114624,0.6961241084294105,0.3038758915705894,0.5024590574246305,0.49474865091915443,0.4986666666666667,0.9189049832758823,0.8543896028268694,0.9123286628998724,67,0.32790589498808853
0.75,265397,0.7500480443138141,0.2499519556861859,0.8637308182052141,0.13626918179478592,0.7415745875689556,0.7442524410019835,0.7426666666666667,0.966973889704814,0.9399170349520233,0.9641058103089907,67,0.32790589498808853
1.0,353840,1.0,0.0,1.0,6.908054375445419e-17,1.0,1.0,1.0,1.0,1.0,1.0,67,0.32790589498808853
0.0,0,0.0,1.0,0.26191017193450705,0.738089828065493,0.010875658244192085,0.09493499333578921,0.014222222222222223,0.34683176722158043,0.41277833597756136,0.35345912172438604,68,0.3272634684726339
0.01,3558,0.010055392267691612,0.9899446077323084,0.27203720410752025,0.7279627958924799,0.01980672060232735,0.09919048449764192,0.022666666666666672,0.42071251623185885,0.4429156378157397,0.4176900499181004,68,0.3272634684726339
0.05,17709,0.050048044313814155,0.9499519556861858,0.3116557174118638,0.6883442825881362,0.0554945539661929,0.10840214383786535,0.05488888888888889,0.5751309463239933,0.5053367303530205,0.5503529546116538,68,0.3272634684726339
0.1,35401,0.10004804431381416,0.8999519556861858,0.3595909812342069,0.640409018765793,0.09953769713485351,0.12970889911232947,0.102,0.6858155633148185,0.5633635849002475,0.663543134193961,68,0.3272634684726339
0.2,70783,0.20004239204160074,0.7999576079583992,0.45172343121388514,0.548276568786115,0.19971775566437755,0.20489277501348424,0.19977777777777778,0.7932338002520285,0.6636311220982111,0.7768424784372425,68,0.3272634684726339
0.3,106173,0.30005934885824104,0.699940651141759,0.538772285925082,0.46122771407491797,0.30054450432886715,0.3079876466670188,0.302,0.8528092163172443,0.7491796084919162,0.8410747711184565,68,0.3272634684726339
0.5,176928,0.5000226090888538,0.49997739091114624,0.6965613256182024,0.30343867438179767,0.5001538249289343,0.5093571683603316,0.4995555555555555,0.9176346912112693,0.8567715766097806,0.911228873547177,68,0.3272634684726339
0.75,265397,0.7500480443138141,0.2499519556861859,0.8637864315072671,0.13621356849273297,0.7517074345566092,0.7519695156348887,0.7535555555555555,0.9687537898762623,0.9417797996631355,0.9659165094848721,68,0.3272634684726339
1.0,353840,1.0,0.0,1.0,6.908054375445419e-17,1.0,1.0,1.0,1.0,1.0,1.0,68,0.3272634684726339
0.0,0,0.0,1.0,0.26191017193450705,0.738089828065493,0.010875658244192085,0.09493499333578921,0.014222222222222223,0.34683176722158043,0.41277833597756136,0.35345912172438604,69,0.32775709457030666
0.01,3558,0.010055392267691612,0.9899446077323084,0.27196229001317823,0.7280377099868217,0.013441815278310822,0.09691715313243057,0.017777777777777778,0.4100595260670544,0.43856415426646395,0.40875995793724623,69,0.32775709457030666
0.05,17709,0.050048044313814155,0.9499519556861858,0.31151888902730734,0.6884811109726927,0.0459992368160323,0.10858637530974878,0.04777777777777777,0.563267769416658,0.5013874601156747,0.5396714302594292,69,0.32775709457030666
0.1,35401,0.10004804431381416,0.8999519556861858,0.3596111074344758,0.6403888925655242,0.09703107823438056,0.12511486580513861,0.098,0.6792534618325446,0.5587109204037244,0.6565910885712882,69,0.32775709457030666
0.2,70783,0.20004239204160074,0.7999576079583992,0.45116323873168734,0.5488367612683127,0.18912119372797073,0.1971147909363773,0.18933333333333333,0.7885287112052981,0.6582357821108153,0.7717431262426413,69,0.32775709457030666
0.3,106173,0.30005934885824104,0.699940651141759,0.5371439156794776,0.4628560843205224,0.29721896763703143,0.2993419982943816,0.29555555555555557,0.8524602750717252,0.745955113447568,0.8401516734364946,69,0.32775709457030666
0.5,176928,0.5000226090888538,0.49997739091114624,0.6958955237964087,0.30410447620359116,0.5062088373962119,0.5009168807980707,0.5035555555555555,0.9217833910837891,0.8572107469001489,0.9150426376071612,69,0.32775709457030666
0.75,265397,0.7500480443138141,0.2499519556861859,0.8636382624544894,0.1363617375455106,0.7545818265972161,0.7484073402568114,0.7526666666666668,0.9691982724541229,0.9422285745266372,0.9664961620560556,69,0.32775709457030666
1.0,353840,1.0,0.0,1.0,6.908054375445419e-17,1.0,1.0,1.0,1.0,1.0,1.0,69,0.32775709457030666
0.0,0,0.0,1.0,0.26191017193450705,0.738089828065493,0.010875658244192085,0.09493499333578921,0.014222222222222223,0.34683176722158043,0.41277833597756136,0.35345912172438604,70,0.32782133936065094
0.01,3558,0.010055392267691612,0.9899446077323084,0.2719215079309829,0.7280784920690171,0.016307105685047254,0.09794213037246001,0.02044444444444445,0.41711494708586655,0.44135933866255395,0.41405283082368327,70,0.32782133936065094
0.05,17709,0.050048044313814155,0.9499519556861858,0.31067151287811806,0.689328487121882,0.05228637286937094,0.10959027738539125,0.05444444444444444,0.5736122166395604,0.5046083617948159,0.5487859850551621,70,0.32782133936065094
0.1,35401,0.10004804431381416,0.8999519556861858,0.35863680748752763,0.6413631925124724,0.10477212555601056,0.12943709177957055,0.1048888888888889,0.6900311539602757,0.5639533099618073,0.666557603977397,70,0.32782133936065094
0.2,70783,0.20004239204160074,0.7999576079583992,0.45067692350117045,0.5493230764988296,0.19794273399071266,0.20003186603865974,0.19888888888888887,0.7952929177121233,0.6625601128707459,0.7777881870864745,70,0.32782133936065094
0.3,106173,0.30005934885824104,0.699940651141759,0.5378206255472329,0.4621793744527672,0.30665602144380144,0.2999875803164854,0.3046666666666667,0.8555171028530986,0.7478207869774737,0.8428271310386999,70,0.32782133936065094
0.5,176928,0.5000226090888538,0.49997739091114624,0.6954177959496416,0.3045822040503584,0.5106696092396109,0.4986238341486021,0.5093333333333333,0.9229466295658477,0.8573501204979918,0.9160847168242998,70,0.32782133936065094
0.75,265397,0.7500480443138141,0.2499519556861859,0.8640486604038691,0.13595133959613095,0.7544720985548442,0.7492914491608451,0.7537777777777778,0.9682445684338357,0.941760837124279,0.96554281198737,70,0.32782133936065094
1.0,353840,1.0,0.0,1.0,6.908054375445419e-17,1.0,1.0,1.0,1.0,1.0,1.0,70,0.32782133936065094
0.0,0,0.0,1.0,0.26191017193450705,0.738089828065493,0.010875658244192085,0.09493499333578921,0.014222222222222223,0.34683176722158043,0.41277833597756136,0.35345912172438604,71,0.3275963875632624
0.01,3558,0.010055392267691612,0.9899446077323084,0.2716775961737801,0.7283224038262198,0.02021239494690757,0.09665424552678499,0.023333333333333334,0.4180483432907638,0.44127516064557487,0.4152927927886628,71,0.3275963875632624
0.05,17709,0.050048044313814155,0.9499519556861858,0.31062828871809034,0.6893717112819095,0.05227644258123675,0.10929636480956827,0.052888888888888874,0.5741332717019595,0.5046667467947484,0.5497226512779346,71,0.3275963875632624
0.1,35401,0.10004804431381416,0.8999519556861858,0.35869531846083924,0.6413046815391609,0.10023993133691383,0.12762215869649818,0.10177777777777777,0.6845480976623206,0.5617465653444909,0.6616776950568215,71,0.3275963875632624
0.2,70783,0.20004239204160074,0.7999576079583992,0.4516391123250066,0.5483608876749934,0.19400404209937241,0.19986212062291003,0.19711111111111118,0.7923538327741986,0.6609110930090705,0.7751914072449545,71,0.3275963875632624
0.3,106173,0.30005934885824104,0.699940651141759,0.538685793565458,0.461314206434542,0.30026819536230204,0.3002477595792389,0.30288888888888893,0.8520969525929865,0.7458733300300244,0.8401005869486338,71,0.3275963875632624
0.5,176928,0.5000226090888538,0.49997739091114624,0.6954047531533278,0.3045952468466723,0.48967693236650595,0.4985616948681555,0.49244444444444446,0.9182672000458071,0.8542032322579389,0.9114713254350286,71,0.3275963875632624
0.75,265397,0.7500480443138141,0.2499519556861859,0.864070884652533,0.1359291153474669,0.7517546223127812,0.7494707273378596,0.7495555555555556,0.9691118691512037,0.9417085526880593,0.9661606682134841,71,0.3275963875632624
1.0,353840,1.0,0.0,1.0,6.908054375445419e-17,1.0,1.0,1.0,1.0,1.0,1.0,71,0.3275963875632624
0.0,0,0.0,1.0,0.26191017193450705,0.738089828065493,0.010875658244192085,0.09493499333578921,0.014222222222222223,0.34683176722158043,0.41277833597756136,0.35345912172438604,72,0.3282712821065089
0.01,3558,0.010055392267691612,0.9899446077323084,0.27165193533605037,0.7283480646639495,0.015995963254847496,0.09730755291117912,0.018888888888888893,0.41367206914745247,0.43974123174092705,0.4115253254892929,72,0.3282712821065089
0.05,17709,0.050048044313814155,0.9499519556861858,0.3107448820645779,0.689255117935422,0.04562330466329262,0.10964183402240894,0.047555555555555545,0.5661433783941389,0.5025389667128912,0.5419539600316758,72,0.3282712821065089
0.1,35401,0.10004804431381416,0.8999519556861858,0.3580756317366433,0.6419243682633566,0.09954525969065808,0.1262700158989909,0.09999999999999998,0.6793610418845838,0.558735865973527,0.6566709360620767,72,0.3282712821065089
0.2,70783,0.20004239204160074,0.7999576079583992,0.4499075706880342,0.5500924293119659,0.20394481816885515,0.19932218906295743,0.20244444444444443,0.796354782003834,0.6611697080638941,0.7787211680068912,72,0.3282712821065089
0.3,106173,0.30005934885824104,0.699940651141759,0.53744472602526,0.46255527397474006,0.29971620432896284,0.2990161507494701,0.3000000000000001,0.8555946900132271,0.7464434948605193,0.8428044973971217,72,0.3282712821065089
0.5,176928,0.5000226090888538,0.49997739091114624,0.6948111841652929,0.30518881583470714,0.48695534522774325,0.49374952553476725,0.4848888888888888,0.9171785481446406,0.8530229645588043,0.9104233172202527,72,0.3282712821065089
0.75,265397,0.7500480443138141,0.2499519556861859,0.8635102094920885,0.13648979050791132,0.7430940652804477,0.7457835032701695,0.7473333333333335,0.9666110654379464,0.9405570819772764,0.9641086598815417,72,0.3282712821065089
1.0,353840,1.0,0.0,1.0,6.908054375445419e-17,1.0,1.0,1.0,1.0,1.0,1.0,72,0.3282712821065089
0.0,0,0.0,1.0,0.26191017193450705,0.738089828065493,0.010875658244192085,0.09493499333578921,0.014222222222222223,0.34683176722158043,0.41277833597756136,0.35345912172438604,73,0.3275885934625318
0.01,3558,0.010055392267691612,0.9899446077323084,0.2720633436511898,0.7279366563488101,0.020464821767089615,0.09885784735830155,0.022222222222222223,0.42272609493625746,0.4433773104712017,0.4190439362160194,73,0.3275885934625318
0.05,17709,0.050048044313814155,0.9499519556861858,0.3115856523551187,0.6884143476448814,0.05343564330290804,0.10946952294687846,0.05333333333333332,0.5715425356338307,0.5044759779631901,0.5469316819554564,73,0.3275885934625318
0.1,35401,0.10004804431381416,0.8999519556861858,0.3597833353913496,0.6402166646086503,0.09475412163148328,0.12507369662674733,0.09622222222222221,0.6787339441017455,0.5586280985915499,0.656157338117166,73,0.3275885934625318
0.2,70783,0.20004239204160074,0.7999576079583992,0.4506635880355895,0.5493364119644105,0.20043229395153253,0.20109267405249717,0.19955555555555557,0.794662888969849,0.6615446361116926,0.7777172355259059,73,0.3275885934625318
0.3,106173,0.30005934885824104,0.699940651141759,0.5375456142516093,0.4624543857483907,0.3069515770543314,0.30077475732117903,0.3042222222222222,0.8542252344079931,0.7476021880930804,0.8415835782247543,73,0.3275885934625318
0.5,176928,0.5000226090888538,0.49997739091114624,0.6957474332743795,0.3042525667256206,0.5064982991941774,0.5007913596779677,0.5035555555555555,0.9220005141170196,0.856524855548453,0.9147336599395101,73,0.3275885934625318
0.75,265397,0.7500480443138141,0.2499519556861859,0.8643306467090841,0.13566935329091584,0.7622600925092022,0.7522930251784369,0.7626666666666668,0.9708456839053649,0.9431511160739524,0.9680674432098724,73,0.3275885934625318
1.0,353840,1.0,0.0,1.0,6.908054375445419e-17,1.0,1.0,1.0,1.0,1.0,1.0,73,0.3275885934625318
0.0,0,0.0,1.0,0.26191017193450705,0.738089828065493,0.010875658244192085,0.09493499333578921,0.014222222222222223,0.34683176722158043,0.41277833597756136,0.35345912172438604,74,0.32773175174584845
0.01,3558,0.010055392267691612,0.9899446077323084,0.27226841865161167,0.7277315813483882,0.017073307963909545,0.0975242267415759,0.019111111111111113,0.41713235740375393,0.4411554904314487,0.41439068675274515,74,0.32773175174584845
0.05,17709,0.050048044313814155,0.9499519556861858,0.3114353733461769,0.6885646266538232,0.04913759676881286,0.10829860709493089,0.049333333333333326,0.5720040377467599,0.5040013084434892,0.547141293271578,74,0.32773175174584845
0.1,35401,0.10004804431381416,0.8999519556861858,0.3584200827377118,0.6415799172622882,0.09309391787017837,0.123918438033344,0.09422222222222221,0.679683484681831,0.5599469898443034,0.6574929343931228,74,0.32773175174584845
0.2,70783,0.20004239204160074,0.7999576079583992,0.45105448992448316,0.5489455100755168,0.19212935485898355,0.19635498344885996,0.19377777777777774,0.7906958396669738,0.6612682867440284,0.7736181071848183,74,0.32773175174584845
0.3,106173,0.30005934885824104,0.699940651141759,0.5376345777652811,0.46236542223471905,0.28787635347896096,0.29322275258095787,0.292,0.849002472551837,0.7446478853253481,0.8366486343122557,74,0.32773175174584845
0.5,176928,0.5000226090888538,0.49997739091114624,0.6960754864236909,0.3039245135763092,0.47886534593679636,0.49492439442902375,0.4855555555555556,0.9160946526253995,0.8526065572716984,0.9093139923171409,74,0.32773175174584845
0.75,265397,0.7500480443138141,0.2499519556861859,0.8636684802275312,0.13633151977246893,0.7347421167051778,0.7500503458282338,0.7424444444444444,0.9662475043415014,0.9407156970667206,0.9635587616370423,74,0.32773175174584845
1.0,353840,1.0,0.0,1.0,6.908054375445419e-17,1.0,1.0,1.0,1.0,1.0,1.0,74,0.32773175174584845
0.0,0,0.0,1.0,0.26191017193450705,0.738089828065493,0.010875658244192085,0.09493499333578921,0.014222222222222223,0.34683176722158043,0.41277833597756136,0.35345912172438604,75,0.3276016762864631
0.01,3558,0.010055392267691612,0.9899446077323084,0.2717935861646436,0.7282064138353563,0.016757745012541306,0.09697198046411179,0.021111111111111115,0.418250860362117,0.44141855303741956,0.415356037316443,75,0.3276016762864631
0.05,17709,0.050048044313814155,0.9499519556861858,0.3112794127979364,0.6887205872020635,0.05160509570598967,0.10824288178907349,0.05222222222222221,0.5696807668893178,0.503525418012819,0.5456417611726838,75,0.3276016762864631
0.1,35401,0.10004804431381416,0.8999519556861858,0.3592031049107092,0.6407968950892908,0.10166773651314559,0.12520537779518676,0.10133333333333334,0.6845555649111966,0.5604467563425182,0.66132043252744,75,0.3276016762864631
0.2,70783,0.20004239204160074,0.7999576079583992,0.4505583950063099,0.5494416049936902,0.21172558468524327,0.19912392265785803,0.20955555555555555,0.8003672101570026,0.6638219167338545,0.7822945023712548,75,0.3276016762864631
0.3,106173,0.30005934885824104,0.699940651141759,0.5375289506200019,0.46247104937999806,0.3109579669417429,0.3021424143166178,0.31111111111111117,0.8589698492883372,0.7505624665873705,0.846414940429858,75,0.3276016762864631
0.5,176928,0.5000226090888538,0.49997739091114624,0.6957133807203761,0.30428661927962397,0.5086863302401002,0.501145113527504,0.5055555555555556,0.9226489874939466,0.8577371594132271,0.9157705802017656,75,0.3276016762864631
0.75,265397,0.7500480443138141,0.2499519556861859,0.8646172348848,0.13538276511520025,0.7517628178452743,0.7511374135632404,0.7502222222222221,0.9676369949468943,0.9414330468491359,0.964961371109765,75,0.3276016762864631
1.0,353840,1.0,0.0,1.0,6.908054375445419e-17,1.0,1.0,1.0,1.0,1.0,1.0,75,0.3276016762864631
0.0,0,0.0,1.0,0.26191017193450705,0.738089828065493,0.010875658244192085,0.09493499333578921,0.014222222222222223,0.34683176722158043,0.41277833597756136,0.35345912172438604,76,0.32742036155662224
0.01,3558,0.010055392267691612,0.9899446077323084,0.2715379475346107,0.7284620524653893,0.01635866954921396,0.09755378696001474,0.018666666666666668,0.4173619596281393,0.44098628648495314,0.41511871359750036,76,0.32742036155662224
0.05,17709,0.050048044313814155,0.9499519556861858,0.3104562689175182,0.6895437310824818,0.045583993563659796,0.10798131657750007,0.04622222222222223,0.5658509995011056,0.5009774175706587,0.5424355791367713,76,0.32742036155662224
0.1,35401,0.10004804431381416,0.8999519556861858,0.3592294991252878,0.6407705008747122,0.09665767486267299,0.1271541670056947,0.09733333333333333,0.6820463928659405,0.560713549589932,0.6598623099477565,76,0.32742036155662224
0.2,70783,0.20004239204160074,0.7999576079583992,0.4501555307056609,0.5498444692943392,0.19841737284061495,0.1970223544301687,0.20022222222222225,0.7903713955612346,0.6593892062202595,0.7733388025948946,76,0.32742036155662224
0.3,106173,0.30005934885824104,0.699940651141759,0.5376204375314699,0.46237956246853,0.29924658363331724,0.2964646169193887,0.3002222222222222,0.8517426564053086,0.7458398982097658,0.8393620728207507,76,0.32742036155662224
0.5,176928,0.5000226090888538,0.49997739091114624,0.6968733637254496,0.30312663627455044,0.5075080939710079,0.49683476021146444,0.5024444444444445,0.9208674061808051,0.8562982439103348,0.9141614726103946,76,0.32742036155662224
0.75,265397,0.7500480443138141,0.2499519556861859,0.8645706237822207,0.13542937621777917,0.7577820088174722,0.7497437096744044,0.7564444444444443,0.9691892633301458,0.9429527693462997,0.9665326121019748,76,0.32742036155662224
1.0,353840,1.0,0.0,1.0,6.908054375445419e-17,1.0,1.0,1.0,1.0,1.0,1.0,76,0.32742036155662224
0.0,0,0.0,1.0,0.26191017193450705,0.738089828065493,0.010875658244192085,0.09493499333578921,0.014222222222222223,0.34683176722158043,0.41277833597756136,0.35345912172438604,77,0.32758308295798727
0.01,3558,0.010055392267691612,0.9899446077323084,0.27203021898760177,0.7279697810123982,0.019077272736641237,0.09763879320406292,0.021111111111111112,0.42221486340337666,0.4429304887086429,0.41887057622812124,77,0.32758308295798727
0.05,17709,0.050048044313814155,0.9499519556861858,0.31150464386933757,0.6884953561306625,0.0573713540987331,0.11042130590127278,0.05466666666666667,0.5730141120132421,0.5043972081516441,0.5479237818997849,77,0.32758308295798727
0.1,35401,0.10004804431381416,0.8999519556861858,0.35893614238549143,0.6410638576145087,0.10848592861582917,0.12790965957967543,0.1051111111111111,0.6877991518644732,0.5618736490375171,0.6644560529393102,77,0.32758308295798727
0.2,70783,0.20004239204160074,0.7999576079583992,0.4511115314207939,0.548888468579206,0.20878530233722337,0.19992044507221626,0.20355555555555555,0.7977795995209782,0.6624837039890336,0.780125046159121,77,0.32758308295798727
0.3,106173,0.30005934885824104,0.699940651141759,0.5380326601905191,0.46196733980948096,0.30197855717398736,0.29923923272295094,0.3004444444444444,0.8534024190450002,0.746675118786498,0.8412900586875345,77,0.32758308295798727
0.5,176928,0.5000226090888538,0.49997739091114624,0.6956050928015135,0.30439490719848655,0.5013431534343359,0.497937504856772,0.49911111111111106,0.9195458246426365,0.8552289735736209,0.9128570816741094,77,0.32758308295798727
0.75,265397,0.7500480443138141,0.2499519556861859,0.8642814382457666,0.1357185617542336,0.7452905646783814,0.7468287099813644,0.7464444444444445,0.9663037139972915,0.9404469303926118,0.9637697232475378,77,0.32758308295798727
1.0,353840,1.0,0.0,1.0,6.908054375445419e-17,1.0,1.0,1.0,1.0,1.0,1.0,77,0.32758308295798727
0.0,0,0.0,1.0,0.26191017193450705,0.738089828065493,0.010875658244192085,0.09493499333578921,0.014222222222222223,0.34683176722158043,0.41277833597756136,0.35345912172438604,78,0.32706242295606514
0.01,3558,0.010055392267691612,0.9899446077323084,0.2719764365698723,0.7280235634301278,0.017653247965424262,0.09764266959582471,0.02066666666666667,0.41889041399741267,0.44187028312623994,0.4162188153968933,78,0.32706242295606514
0.05,17709,0.050048044313814155,0.9499519556861858,0.31172854731317506,0.688271452686825,0.0538191929648496,0.10927031049747259,0.05377777777777778,0.574676223771925,0.5054390230044579,0.5500781285718348,78,0.32706242295606514
0.1,35401,0.10004804431381416,0.8999519556861858,0.36021075192743607,0.639789248072564,0.10107692796910091,0.13022225734973245,0.1017777777777778,0.6882708955573401,0.5641815016925539,0.6653712704973949,78,0.32706242295606514
0.2,70783,0.20004239204160074,0.7999576079583992,0.45151308580388794,0.548486914196112,0.1998131978152922,0.2025016202593421,0.1973333333333333,0.7972623789485217,0.6646273769367679,0.7801863857211979,78,0.32706242295606514
0.3,106173,0.30005934885824104,0.699940651141759,0.5384764200975138,0.4615235799024861,0.3002224684653417,0.30296753759298894,0.2951111111111111,0.8549444794969787,0.7483399034180016,0.8425396118024524,78,0.32706242295606514
0.5,176928,0.5000226090888538,0.49997739091114624,0.6968814917356143,0.30311850826438563,0.49251558437496307,0.5027447165984819,0.4946666666666667,0.9202214294756473,0.8568495433642598,0.9134908406308135,78,0.32706242295606514
0.75,265397,0.7500480443138141,0.2499519556861859,0.864371198537849,0.1356288014621509,0.7513967651776645,0.7506655224673074,0.7524444444444445,0.9686560601266134,0.9422018676751756,0.9659564313625221,78,0.32706242295606514
1.0,353840,1.0,0.0,1.0,6.908054375445419e-17,1.0,1.0,1.0,1.0,1.0,1.0,78,0.32706242295606514
0.0,0,0.0,1.0,0.26191017193450705,0.738089828065493,0.010875658244192085,0.09493499333578921,0.014222222222222223,0.34683176722158043,0.41277833597756136,0.35345912172438604,79,0.3283898169406483
0.01,3558,0.010055392267691612,0.9899446077323084,0.2717006558739925,0.7282993441260075,0.019457217663945793,0.09757733447618909,0.02177777777777778,0.42037060780306545,0.44260489690800325,0.41772395149939073,79,0.3283898169406483
0.05,17709,0.050048044313814155,0.9499519556861858,0.31106953305330176,0.6889304669466983,0.05103229897399135,0.10711029525987087,0.05044444444444444,0.5688164955336686,0.5028255499840133,0.5449617871942685,79,0.3283898169406483
0.1,35401,0.10004804431381416,0.8999519556861858,0.35892258619569595,0.6410774138043039,0.10410826383651478,0.12415121079871685,0.10199999999999998,0.6837935422089005,0.5607514569724763,0.6612318915390117,79,0.3283898169406483
0.2,70783,0.20004239204160074,0.7999576079583992,0.45056324933746716,0.5494367506625328,0.20048584306846984,0.19959682048241578,0.2002222222222222,0.7950843622899436,0.662248083352126,0.7778890320316876,79,0.3283898169406483
0.3,106173,0.30005934885824104,0.699940651141759,0.5367601766680038,0.46323982333199615,0.3005688417166739,0.29445845549698874,0.2995555555555556,0.8539532972461871,0.7458247142293187,0.840933378214817,79,0.3283898169406483
0.5,176928,0.5000226090888538,0.49997739091114624,0.6942758352759225,0.30572416472407743,0.49627919025275197,0.4958980972409939,0.49777777777777765,0.9208311903477727,0.8550511978296647,0.9138524630831735,79,0.3283898169406483
0.75,265397,0.7500480443138141,0.2499519556861859,0.8633488950978446,0.13665110490215543,0.7469032315081623,0.7468664599042886,0.7506666666666667,0.9685064330944504,0.9414679552577998,0.9657506127849882,79,0.3283898169406483
1.0,353840,1.0,0.0,1.0,6.908054375445419e-17,1.0,1.0,1.0,1.0,1.0,1.0,79,0.3283898169406483
0.0,0,0.0,1.0,0.26191017193450705,0.738089828065493,0.010875658244192085,0.09493499333578921,0.014222222222222223,0.34683176722158043,0.41277833597756136,0.35345912172438604,80,0.3282761941666485
0.01,3558,0.010055392267691612,0.9899446077323084,0.2720220415352369,0.7279779584647632,0.01728774340445891,0.09862373129822262,0.02044444444444445,0.4214127280335431,0.4424609947782682,0.4177009694269553,80,0.3282761941666485
0.05,17709,0.050048044313814155,0.9499519556861858,0.31147508364755033,0.6885249163524496,0.049218456116174224,0.11074613635573953,0.04977777777777778,0.5756553736945602,0.5056289523570118,0.5508953020515712,80,0.3282761941666485
0.1,35401,0.10004804431381416,0.8999519556861858,0.35847371590704236,0.6415262840929576,0.10126647351528675,0.13221779081547383,0.10177777777777777,0.6921487531853188,0.5650963453522548,0.6687176706465873,80,0.3282761941666485
0.2,70783,0.20004239204160074,0.7999576079583992,0.4502256597579084,0.5497743402420916,0.20203154695994519,0.20659622205717332,0.20377777777777778,0.7990218700987413,0.6648032003298415,0.7819207302857127,80,0.3282761941666485
0.3,106173,0.30005934885824104,0.699940651141759,0.5374351974520802,0.46256480254791976,0.3016238446026132,0.30624165568119266,0.3024444444444444,0.8558549780130675,0.749214359876474,0.8436146027805844,80,0.3282761941666485
0.5,176928,0.5000226090888538,0.49997739091114624,0.6945267156333399,0.30547328436666,0.49741675419191467,0.5065065128866217,0.4986666666666666,0.9188949650689315,0.8566661268649168,0.912597735694569,80,0.3282761941666485
0.75,265397,0.7500480443138141,0.2499519556861859,0.8633371501326971,0.13666284986730273,0.7409699789928685,0.7558592288357573,0.7488888888888889,0.9663947499489427,0.9420492818801224,0.963969477829438,80,0.3282761941666485
1.0,353840,1.0,0.0,1.0,6.908054375445419e-17,1.0,1.0,1.0,1.0,1.0,1.0,80,0.3282761941666485
0.0,0,0.0,1.0,0.26191017193450705,0.738089828065493,0.010875658244192085,0.09493499333578921,0.014222222222222223,0.34683176722158043,0.41277833597756136,0.35345912172438604,81,0.32730779235331636
0.01,3558,0.010055392267691612,0.9899446077323084,0.2716349016595238,0.7283650983404761,0.016557199099472536,0.09814860768242271,0.018222222222222223,0.4174622450788885,0.4412282609536762,0.41479428626510306,81,0.32730779235331636
0.05,17709,0.050048044313814155,0.9499519556861858,0.31111737848970716,0.6888826215102928,0.050892330567501094,0.11009208616113558,0.049333333333333326,0.5733385373024897,0.5047635815860403,0.5483936643469342,81,0.32730779235331636
0.1,35401,0.10004804431381416,0.8999519556861858,0.35935353940295056,0.6406464605970495,0.10205278389015532,0.12822194964547504,0.09999999999999998,0.6887770526468059,0.5633668782296837,0.6655451772625783,81,0.32730779235331636
0.2,70783,0.20004239204160074,0.7999576079583992,0.4519458231929048,0.5480541768070952,0.19867573686216564,0.19759447390767193,0.19511111111111112,0.7946647182864587,0.6613427500196665,0.7773058035370142,81,0.32730779235331636
0.3,106173,0.30005934885824104,0.699940651141759,0.5388597356360169,0.46114026436398314,0.30332324099763397,0.2958878601533986,0.296,0.8535710403176623,0.7454079531041577,0.8408357591669896,81,0.32730779235331636
0.5,176928,0.5000226090888538,0.49997739091114624,0.6958189188241662,0.3041810811758336,0.5006908958638113,0.49612961982492865,0.4957777777777778,0.9199045569522207,0.8551251207556009,0.9132166959374012,81,0.32730779235331636
0.75,265397,0.7500480443138141,0.2499519556861859,0.8643442742137408,0.1356557257862591,0.7468348793007804,0.7484021327281554,0.7415555555555556,0.9683008951938775,0.941442885981129,0.9653651362177642,81,0.32730779235331636
1.0,353840,1.0,0.0,1.0,6.908054375445419e-17,1.0,1.0,1.0,1.0,1.0,1.0,81,0.32730779235331636
0.0,0,0.0,1.0,0.26191017193450705,0.738089828065493,0.010875658244192085,0.09493499333578921,0.014222222222222223,0.34683176722158043,0.41277833597756136,0.35345912172438604,82,0.32744084624905967
0.01,3558,0.010055392267691612,0.9899446077323084,0.2716707755358518,0.728329224464148,0.012809141667674297,0.09777366412393171,0.01711111111111111,0.41312208001971523,0.43970612492523176,0.41141278192602326,82,0.32744084624905967
0.05,17709,0.050048044313814155,0.9499519556861858,0.3110474627759259,0.6889525372240741,0.04876626815816264,0.10979137370423897,0.04911111111111112,0.5684874708549928,0.5032172450445979,0.5446845721706023,82,0.32744084624905967
0.1,35401,0.10004804431381416,0.8999519556861858,0.3595455065081937,0.6404544934918062,0.09854205838115888,0.12882770957309944,0.09666666666666664,0.6830227741303414,0.561033749470003,0.6602050985671822,82,0.32744084624905967
0.2,70783,0.20004239204160074,0.7999576079583992,0.4512674653664962,0.5487325346335038,0.1959411129272212,0.19861652837866098,0.19511111111111112,0.793658093818686,0.6608930251302033,0.7765113365647306,82,0.32744084624905967
0.3,106173,0.30005934885824104,0.699940651141759,0.5376491998076773,0.4623508001923226,0.29827723083612034,0.29709276567861015,0.2971111111111111,0.8530841174631443,0.7457291178183462,0.840659084269952,82,0.32744084624905967
0.5,176928,0.5000226090888538,0.49997739091114624,0.6963638920465026,0.3036361079534972,0.49820576945669504,0.4946911995578942,0.49977777777777777,0.9195251661029966,0.8546594183836294,0.9128807359785982,82,0.32744084624905967
0.75,265397,0.7500480443138141,0.2499519556861859,0.8642706287954038,0.13572937120459633,0.7377987493209076,0.7448119298146179,0.7435555555555555,0.9677319762888089,0.940471492861136,0.9648614303851489,82,0.32744084624905967
1.0,353840,1.0,0.0,1.0,6.908054375445419e-17,1.0,1.0,1.0,1.0,1.0,1.0,82,0.32744084624905967
0.0,0,0.0,1.0,0.26191017193450705,0.738089828065493,0.010875658244192085,0.09493499333578921,0.014222222222222223,0.34683176722158043,0.41277833597756136,0.35345912172438604,83,0.3274458712098475
0.01,3558,0.010055392267691612,0.9899446077323084,0.2716739829145157,0.7283260170854844,0.01684011909900334,0.09734637575864859,0.018222222222222223,0.4133092313093874,0.43947871379675696,0.41086973862710463,83,0.3274458712098475
0.05,17709,0.050048044313814155,0.9499519556861858,0.3107983714707113,0.6892016285292887,0.04689581393580908,0.10752802147210061,0.04400000000000001,0.5613633001153797,0.5005627534922418,0.5382622546041098,83,0.3274458712098475
0.1,35401,0.10004804431381416,0.8999519556861858,0.3594343203127914,0.6405656796872087,0.09885920380937478,0.12478152686307169,0.09400000000000001,0.6766724286359471,0.5579316746992616,0.654417728971661,83,0.3274458712098475
0.2,70783,0.20004239204160074,0.7999576079583992,0.45121359083378937,0.5487864091662106,0.1977783838222181,0.20039665106618038,0.19466666666666665,0.7908513544583264,0.6613127677286538,0.7744538276979607,83,0.3274458712098475
0.3,106173,0.30005934885824104,0.699940651141759,0.5379909748978722,0.4620090251021278,0.298672279761415,0.30432420215244316,0.2975555555555556,0.8502120093089218,0.7474635427105184,0.8382609858106282,83,0.3274458712098475
0.5,176928,0.5000226090888538,0.49997739091114624,0.6962235394113971,0.3037764605886028,0.4964403391134736,0.5041536404988121,0.4993333333333333,0.9185704071298902,0.8567519961262877,0.9121613040326773,83,0.3274458712098475
0.75,265397,0.7500480443138141,0.2499519556861859,0.8642712090064676,0.13572879099353266,0.7599330353066768,0.7580483534981312,0.7604444444444444,0.9689940372326229,0.9435090691201015,0.9663630442016687,83,0.3274458712098475
1.0,353840,1.0,0.0,1.0,6.908054375445419e-17,1.0,1.0,1.0,1.0,1.0,1.0,83,0.3274458712098475
0.0,0,0.0,1.0,0.26191017193450705,0.738089828065493,0.010875658244192085,0.09493499333578921,0.014222222222222223,0.34683176722158043,0.41277833597756136,0.35345912172438604,84,0.3277205404577794
0.01,3558,0.010055392267691612,0.9899446077323084,0.27207429579419246,0.7279257042058076,0.02168842841391879,0.09792736679392584,0.02288888888888889,0.4238183142427243,0.4438918146987526,0.42055888821348714,84,0.3277205404577794
0.05,17709,0.050048044313814155,0.9499519556861858,0.3106473852564011,0.6893526147435989,0.053718057779401494,0.10674072423729214,0.05066666666666665,0.5673870172741708,0.5022918322816919,0.5438462596084045,84,0.3277205404577794
0.1,35401,0.10004804431381416,0.8999519556861858,0.35907956842590705,0.6409204315740928,0.10302181765134853,0.12559067843336674,0.09777777777777778,0.6811522378491769,0.5600241589825575,0.658325487297453,84,0.3277205404577794
0.2,70783,0.20004239204160074,0.7999576079583992,0.4507138495974275,0.5492861504025724,0.20164152733962865,0.19863763835161177,0.19733333333333336,0.7939154036432285,0.6618635614334951,0.7765697058500429,84,0.3277205404577794
0.3,106173,0.30005934885824104,0.699940651141759,0.5377255863097041,0.4622744136902959,0.298777117792142,0.2994055029496592,0.29711111111111116,0.8512869778498309,0.7461671046308949,0.8390430359121349,84,0.3277205404577794
0.5,176928,0.5000226090888538,0.49997739091114624,0.6960311600056222,0.3039688399943778,0.4996436721900138,0.5005407826906172,0.5013333333333334,0.9189733275317937,0.8553865194694351,0.9121721193603965,84,0.3277205404577794
0.75,265397,0.7500480443138141,0.2499519556861859,0.8637983052943403,0.13620169470565963,0.7560665818283065,0.7500751712329358,0.7533333333333333,0.9681290390530296,0.9415820693751006,0.9654880331942173,84,0.3277205404577794
1.0,353840,1.0,0.0,1.0,6.908054375445419e-17,1.0,1.0,1.0,1.0,1.0,1.0,84,0.3277205404577794
0.0,0,0.0,1.0,0.26191017193450705,0.738089828065493,0.010875658244192085,0.09493499333578921,0.014222222222222223,0.34683176722158043,0.41277833597756136,0.35345912172438604,85,0.327239139895117
0.01,3558,0.010055392267691612,0.9899446077323084,0.2720316280283266,0.7279683719716734,0.018803084668272643,0.09708748109783497,0.020888888888888894,0.4171054886858876,0.44106944806302806,0.4140374548866091,85,0.327239139895117
0.05,17709,0.050048044313814155,0.9499519556861858,0.3106540703599588,0.6893459296400413,0.053938574363715325,0.11043214114103259,0.05333333333333331,0.5761617867739154,0.5058475970528502,0.5513463368510493,85,0.327239139895117
0.1,35401,0.10004804431381416,0.8999519556861858,0.35907955888065013,0.6409204411193499,0.10103716483448745,0.13014982279497173,0.10066666666666667,0.6871088827007281,0.5633085346271326,0.664438680761723,85,0.327239139895117
0.2,70783,0.20004239204160074,0.7999576079583992,0.4514861900889917,0.5485138099110083,0.2076002546093873,0.2029249629956865,0.20511111111111108,0.7983033204533693,0.6645673068479591,0.7811486185033145,85,0.327239139895117
0.3,106173,0.30005934885824104,0.699940651141759,0.5383214700618749,0.4616785299381252,0.30770236036635906,0.30175407290232603,0.3048888888888889,0.855876211093167,0.7481473319726553,0.8437246693738136,85,0.327239139895117
0.5,176928,0.5000226090888538,0.49997739091114624,0.6966531195256983,0.30334688047430175,0.5035200845708567,0.5007334068438325,0.5040000000000001,0.9209571787364753,0.8566962460230968,0.9142866987030683,85,0.327239139895117
0.75,265397,0.7500480443138141,0.2499519556861859,0.8645007999907729,0.1354992000092269,0.7535257557303298,0.7486805389560556,0.7535555555555556,0.9689814037797858,0.9423261667800424,0.9662907767318304,85,0.327239139895117
1.0,353840,1.0,0.0,1.0,6.908054375445419e-17,1.0,1.0,1.0,1.0,1.0,1.0,85,0.327239139895117
0.0,0,0.0,1.0,0.26191017193450705,0.738089828065493,0.010875658244192085,0.09493499333578921,0.014222222222222223,0.34683176722158043,0.41277833597756136,0.35345912172438604,86,0.326961811624731
0.01,3558,0.010055392267691612,0.9899446077323084,0.2719201118525092,0.7280798881474907,0.01570010186935931,0.09740744606989002,0.01955555555555556,0.41637258304343655,0.4412697568550289,0.41445345721210436,86,0.326961811624731
0.05,17709,0.050048044313814155,0.9499519556861858,0.3112640280320849,0.6887359719679149,0.05511488239526072,0.11030623521127725,0.05444444444444444,0.5749526037809297,0.5057488673228745,0.5507353905877711,86,0.326961811624731
0.1,35401,0.10004804431381416,0.8999519556861858,0.3596030193921871,0.6403969806078129,0.10141210722953983,0.12786497901277205,0.1022222222222222,0.6842072482799528,0.5618118965606751,0.6614687926401298,86,0.326961811624731
0.2,70783,0.20004239204160074,0.7999576079583992,0.4519549488531378,0.5480450511468622,0.20709236894209537,0.2062760571420833,0.20911111111111116,0.7983701429351444,0.6653494534520983,0.7815681487037327,86,0.326961811624731
0.3,106173,0.30005934885824104,0.699940651141759,0.5382597959817209,0.46174020401827903,0.3016235170256673,0.30545095630074487,0.30577777777777776,0.8548358792623206,0.7491514238895722,0.8427267778567702,86,0.326961811624731
0.5,176928,0.5000226090888538,0.49997739091114624,0.6967795044883218,0.3032204955116781,0.5034868848040396,0.5033280638794989,0.5055555555555555,0.9210118801025967,0.8571945794712971,0.9143320909820671,86,0.326961811624731
0.75,265397,0.7500480443138141,0.2499519556861859,0.8650902307003598,0.13490976929964,0.741582189370621,0.7538973962175316,0.7444444444444441,0.9663338044208057,0.941046707345421,0.9636632352279529,86,0.326961811624731
1.0,353840,1.0,0.0,1.0,6.908054375445419e-17,1.0,1.0,1.0,1.0,1.0,1.0,86,0.326961811624731
0.0,0,0.0,1.0,0.26191017193450705,0.738089828065493,0.010875658244192085,0.09493499333578921,0.014222222222222223,0.34683176722158043,0.41277833597756136,0.35345912172438604,87,0.3270111568511498
0.01,3558,0.010055392267691612,0.9899446077323084,0.2721162368354259,0.7278837631645741,0.01874474932959239,0.09818274291575554,0.02155555555555556,0.4201085420551985,0.4423321827351177,0.4177241468959628,87,0.3270111568511498
0.05,17709,0.050048044313814155,0.9499519556861858,0.31108800471935466,0.6889119952806453,0.05183646423121855,0.11040719768467054,0.04999999999999999,0.5696774629181607,0.5038887887721968,0.545529941234288,87,0.3270111568511498
0.1,35401,0.10004804431381416,0.8999519556861858,0.35973180407258026,0.6402681959274198,0.10241143388406923,0.12860907267029437,0.1028888888888889,0.6862926903950353,0.5616975412375049,0.6630875021289362,87,0.3270111568511498
0.2,70783,0.20004239204160074,0.7999576079583992,0.4514594648690258,0.5485405351309742,0.20099304882373403,0.2029110343341679,0.20222222222222222,0.796161618319063,0.6644570702915688,0.779229128973986,87,0.3270111568511498
0.3,106173,0.30005934885824104,0.699940651141759,0.5391033189560166,0.46089668104398346,0.30060098603521207,0.3082478668929193,0.3028888888888889,0.8546320203291106,0.7505968694584227,0.8430456837556081,87,0.3270111568511498
0.5,176928,0.5000226090888538,0.49997739091114624,0.6968039891579911,0.3031960108420089,0.5001601859673818,0.503721865569561,0.5031111111111111,0.9211090319179999,0.857016395491794,0.9143727722004548,87,0.3270111568511498
0.75,265397,0.7500480443138141,0.2499519556861859,0.86453632980296,0.13546367019704006,0.7590063112276675,0.7548014487211214,0.7582222222222221,0.968849334228448,0.9426213835886047,0.9661706099471797,87,0.3270111568511498
1.0,353840,1.0,0.0,1.0,6.908054375445419e-17,1.0,1.0,1.0,1.0,1.0,1.0,87,0.3270111568511498
0.0,0,0.0,1.0,0.26191017193450705,0.738089828065493,0.010875658244192085,0.09493499333578921,0.014222222222222223,0.34683176722158043,0.41277833597756136,0.35345912172438604,88,0.3272699837772143
0.01,3558,0.010055392267691612,0.9899446077323084,0.2719640360842559,0.728035963915744,0.01676720150529199,0.09726542417583828,0.020444444444444446,0.4178982047107953,0.4411296533937365,0.4160160495163125,88,0.3272699837772143
0.05,17709,0.050048044313814155,0.9499519556861858,0.3112695830334912,0.6887304169665089,0.04817720538092116,0.107318706393103,0.04755555555555556,0.5681347990503044,0.5027705077604622,0.544502197372678,88,0.3272699837772143
0.1,35401,0.10004804431381416,0.8999519556861858,0.3587906293894242,0.6412093706105758,0.09794189040904827,0.12697749773713482,0.09511111111111109,0.6872830106930643,0.5623683289472432,0.664016391282315,88,0.3272699837772143
0.2,70783,0.20004239204160074,0.7999576079583992,0.45122902800577236,0.5487709719942276,0.20210519870002633,0.2042898923013764,0.20177777777777778,0.7993640458805796,0.6654634526079306,0.7822018901595033,88,0.3272699837772143
0.3,106173,0.30005934885824104,0.699940651141759,0.5379570569173319,0.4620429430826682,0.30148863762140454,0.3037173653798546,0.3011111111111111,0.8558802580507711,0.7491181501749414,0.8433887352532801,88,0.3272699837772143
0.5,176928,0.5000226090888538,0.49997739091114624,0.6963811727766036,0.3036188272233965,0.5009904278731594,0.5094217278702894,0.5002222222222221,0.9207089291627203,0.8588097700146332,0.9142418644602017,88,0.3272699837772143
0.75,265397,0.7500480443138141,0.2499519556861859,0.8649263517813127,0.1350736482186874,0.7505670419505897,0.7554741427939232,0.7495555555555555,0.9688461865269415,0.9428492534492575,0.9660588527788194,88,0.3272699837772143
1.0,353840,1.0,0.0,1.0,6.908054375445419e-17,1.0,1.0,1.0,1.0,1.0,1.0,88,0.3272699837772143
0.0,0,0.0,1.0,0.26191017193450705,0.738089828065493,0.010875658244192085,0.09493499333578921,0.014222222222222223,0.34683176722158043,0.41277833597756136,0.35345912172438604,89,0.32777838653107066
0.01,3558,0.010055392267691612,0.9899446077323084,0.27227160430952,0.7277283956904801,0.015651853537336308,0.09685588293703502,0.017777777777777778,0.4136886843024405,0.4398900783325524,0.41160927048823764,89,0.32777838653107066
0.05,17709,0.050048044313814155,0.9499519556861858,0.31172032811588285,0.6882796718841171,0.05163830037682769,0.10591481430738904,0.05088888888888888,0.5699130348453475,0.5034673431438689,0.545728733887211,89,0.32777838653107066
0.1,35401,0.10004804431381416,0.8999519556861858,0.3593603742621972,0.6406396257378029,0.09967917609843635,0.12359291324510327,0.09844444444444446,0.6816723296304409,0.5598769557390647,0.6588418624506561,89,0.32777838653107066
0.2,70783,0.20004239204160074,0.7999576079583992,0.45047419515764775,0.5495258048423521,0.19598163919330722,0.19759804474103906,0.1971111111111111,0.7924097711698911,0.6614873493507131,0.7750587902983106,89,0.32777838653107066
0.3,106173,0.30005934885824104,0.699940651141759,0.5370357410696419,0.46296425893035803,0.2969152783773699,0.29917478502545286,0.2995555555555556,0.8538559777017203,0.7466365684176364,0.8412113961108547,89,0.32777838653107066
0.5,176928,0.5000226090888538,0.49997739091114624,0.6954481181405731,0.30455188185942705,0.5061759734014809,0.4993407721548449,0.5042222222222222,0.921325486879083,0.8563088451138186,0.9145969248100572,89,0.32777838653107066
0.75,265397,0.7500480443138141,0.2499519556861859,0.8643043130884109,0.1356956869115891,0.7541925588895283,0.7551212656288008,0.7533333333333334,0.9699315975926665,0.9435775618171358,0.9672126909481509,89,0.32777838653107066
1.0,353840,1.0,0.0,1.0,6.908054375445419e-17,1.0,1.0,1.0,1.0,1.0,1.0,89,0.32777838653107066
0.0,0,0.0,1.0,0.26191017193450705,0.738089828065493,0.010875658244192085,0.09493499333578921,0.014222222222222223,0.34683176722158043,0.41277833597756136,0.35345912172438604,90,0.32754263664698074
0.01,3558,0.010055392267691612,0.9899446077323084,0.27177637347731104,0.728223626522689,0.016496449136354542,0.09890425222136535,0.020000000000000004,0.4206324189578122,0.4423593686951324,0.41716032130049063,90,0.32754263664698074
0.05,17709,0.050048044313814155,0.9499519556861858,0.3111006988934744,0.6888993011065256,0.05335929088632406,0.11175967590238801,0.05177777777777778,0.5688096948615671,0.5033320548956122,0.5445122419472677,90,0.32754263664698074
0.1,35401,0.10004804431381416,0.8999519556861858,0.35897002035076114,0.6410299796492389,0.09979393075383683,0.12815501236176652,0.098,0.6825023893218197,0.5598358737638985,0.6590899453079768,90,0.32754263664698074
0.2,70783,0.20004239204160074,0.7999576079583992,0.45185046672388945,0.5481495332761106,0.19311838867613812,0.19684790799450205,0.19355555555555556,0.7886810206187843,0.6583931927134095,0.7718934602290237,90,0.32754263664698074
0.3,106173,0.30005934885824104,0.699940651141759,0.5374838636580253,0.46251613634197475,0.2766205872032925,0.29008080915869716,0.2797777777777778,0.8443482833076454,0.7401704725706231,0.8319577582846386,90,0.32754263664698074
0.5,176928,0.5000226090888538,0.49997739091114624,0.6960003719004604,0.3039996280995397,0.47243319830500835,0.48452957222461557,0.4728888888888889,0.9137231246206745,0.8493372094855197,0.906805036356237,90,0.32754263664698074
0.75,265397,0.7500480443138141,0.2499519556861859,0.8642090934397199,0.13579090656028014,0.730828576950226,0.7439568131099503,0.7304444444444446,0.9636441617306447,0.9382017868308756,0.960860737637286,90,0.32754263664698074
1.0,353840,1.0,0.0,1.0,6.908054375445419e-17,1.0,1.0,1.0,1.0,1.0,1.0,90,0.32754263664698074
0.0,0,0.0,1.0,0.26191017193450705,0.738089828065493,0.010875658244192085,0.09493499333578921,0.014222222222222223,0.34683176722158043,0.41277833597756136,0.35345912172438604,91,0.32868932772425297
0.01,3558,0.010055392267691612,0.9899446077323084,0.2719870641380332,0.7280129358619669,0.016772805562243934,0.09733601520915121,0.020222222222222225,0.42068261427595627,0.4425050573811124,0.41815514882145377,91,0.32868932772425297
0.05,17709,0.050048044313814155,0.9499519556861858,0.31110516886345935,0.6888948311365407,0.05142013930474237,0.10843664882687346,0.05288888888888889,0.5713575109982804,0.504401186412676,0.5471327029319293,91,0.32868932772425297
0.1,35401,0.10004804431381416,0.8999519556861858,0.359211813248749,0.640788186751251,0.1025522977198411,0.12319476136667216,0.10155555555555558,0.6832860090788996,0.5610575304807932,0.660493614422712,91,0.32868932772425297
0.2,70783,0.20004239204160074,0.7999576079583992,0.45018173082556995,0.54981826917443,0.20491880358675302,0.2001382232517915,0.20733333333333337,0.7977570134115425,0.6633361433947245,0.7803932121646472,91,0.32868932772425297
0.3,106173,0.30005934885824104,0.699940651141759,0.5362332896440959,0.46376671035590405,0.30261647207433834,0.30228074987254866,0.3051111111111111,0.8566108961856589,0.7492008337643793,0.8442490512989608,91,0.32868932772425297
0.5,176928,0.5000226090888538,0.49997739091114624,0.6934161845113767,0.3065838154886234,0.5134933469830328,0.500452422064398,0.5082222222222222,0.9229111625017319,0.8576060990559802,0.915951337401944,91,0.32868932772425297
0.75,265397,0.7500480443138141,0.2499519556861859,0.8632713949938661,0.1367286050061341,0.7614696303856637,0.755452031439049,0.7631111111111111,0.9701844533056424,0.9438117454483743,0.9674532620497079,91,0.32868932772425297
1.0,353840,1.0,0.0,1.0,6.908054375445419e-17,1.0,1.0,1.0,1.0,1.0,1.0,91,0.32868932772425297
0.0,0,0.0,1.0,0.26191017193450705,0.738089828065493,0.010875658244192085,0.09493499333578921,0.014222222222222223,0.34683176722158043,0.41277833597756136,0.35345912172438604,92,0.32752532304886595
0.01,3558,0.010055392267691612,0.9899446077323084,0.2717095544261284,0.7282904455738718,0.01707347366141371,0.09666085368525307,0.019111111111111113,0.4145205973137538,0.4400347722658269,0.41230151623293465,92,0.32752532304886595
0.05,17709,0.050048044313814155,0.9499519556861858,0.3114528907874392,0.6885471092125608,0.04553034435826946,0.1067142275964617,0.0448888888888889,0.5631871037786707,0.5004918167196537,0.5397529199925519,92,0.32752532304886595
0.1,35401,0.10004804431381416,0.8999519556861858,0.35976674757649624,0.6402332524235037,0.09793686780354788,0.12651978999101526,0.09622222222222222,0.6812955897529137,0.5588219962042982,0.6583657884746767,92,0.32752532304886595
0.2,70783,0.20004239204160074,0.7999576079583992,0.4515760668142145,0.5484239331857855,0.19487408076806562,0.19562068868786062,0.19244444444444445,0.7927201888792358,0.6593935818906357,0.7752965099156836,92,0.32752532304886595
0.3,106173,0.30005934885824104,0.699940651141759,0.5380743745667196,0.46192562543328053,0.2907877637067951,0.29596155014746967,0.28644444444444445,0.8511882130803292,0.7446508506080927,0.8389275544980926,92,0.32752532304886595
0.5,176928,0.5000226090888538,0.49997739091114624,0.6957088859650246,0.30429111403497555,0.4972082406524306,0.49749424715746415,0.49377777777777776,0.9191819804776619,0.8552393440037835,0.9124848910562584,92,0.32752532304886595
0.75,265397,0.7500480443138141,0.2499519556861859,0.8640004419351363,0.13599955806486366,0.7526671017875611,0.7464697165880237,0.7484444444444442,0.9680314134649776,0.9409368434487372,0.96519571947499,92,0.32752532304886595
1.0,353840,1.0,0.0,1.0,6.908054375445419e-17,1.0,1.0,1.0,1.0,1.0,1.0,92,0.32752532304886595
0.0,0,0.0,1.0,0.26191017193450705,0.738089828065493,0.010875658244192085,0.09493499333578921,0.014222222222222223,0.34683176722158043,0.41277833597756136,0.35345912172438604,93,0.32752975208290924
0.01,3558,0.010055392267691612,0.9899446077323084,0.27163068452816835,0.7283693154718317,0.01628840754793452,0.09815286972315869,0.020222222222222225,0.41949479988585536,0.4423529650039945,0.4172790057493664,93,0.32752975208290924
0.05,17709,0.050048044313814155,0.9499519556861858,0.3113245957509151,0.6886754042490848,0.04968912771076381,0.1082170857791039,0.05066666666666667,0.5699629678876719,0.5035822477060351,0.5453550502134794,93,0.32752975208290924
0.1,35401,0.10004804431381416,0.8999519556861858,0.35941187571091615,0.6405881242890838,0.09485146323096867,0.12623128750663415,0.09888888888888889,0.6836186021276462,0.5617249139466833,0.6611715131768066,93,0.32752975208290924
0.2,70783,0.20004239204160074,0.7999576079583992,0.4513874159100173,0.5486125840899827,0.19316800612929916,0.1993855266903215,0.20088888888888895,0.7950772521205168,0.6623433185323964,0.7775895086689627,93,0.32752975208290924
0.3,106173,0.30005934885824104,0.699940651141759,0.5379737289598923,0.46202627104010774,0.2939827413668321,0.3010961984699596,0.3013333333333333,0.8550425609493044,0.7483849128704569,0.8428720842742412,93,0.32752975208290924
0.5,176928,0.5000226090888538,0.49997739091114624,0.6957395939341371,0.30426040606586285,0.4981120908387737,0.49988976867826534,0.5011111111111112,0.920631519350328,0.8565317183416558,0.9138435691510525,93,0.32752975208290924
0.75,265397,0.7500480443138141,0.2499519556861859,0.8642283909748146,0.13577160902518542,0.7371664165104183,0.7479728502896238,0.7424444444444444,0.9668811052076077,0.9404903144093798,0.9641138933808766,93,0.32752975208290924
1.0,353840,1.0,0.0,1.0,6.908054375445419e-17,1.0,1.0,1.0,1.0,1.0,1.0,93,0.32752975208290924
0.0,0,0.0,1.0,0.26191017193450705,0.738089828065493,0.010875658244192085,0.09493499333578921,0.014222222222222223,0.34683176722158043,0.41277833597756136,0.35345912172438604,94,0.3279847396421832
0.01,3558,0.010055392267691612,0.9899446077323084,0.2721242079901233,0.7278757920098766,0.014559402727014488,0.09695022134829934,0.017777777777777778,0.4145263630621914,0.4402030962315276,0.4124318181124524,94,0.3279847396421832
0.05,17709,0.050048044313814155,0.9499519556861858,0.3110502595943895,0.6889497404056104,0.044340528784526496,0.10800624231862203,0.04555555555555555,0.5677557181677456,0.5024993326469921,0.5440018960305736,94,0.3279847396421832
0.1,35401,0.10004804431381416,0.8999519556861858,0.3587120783545278,0.6412879216454723,0.09301754714117588,0.1241130779101217,0.09466666666666666,0.6807947351537023,0.559144609854295,0.6579381635555452,94,0.3279847396421832
0.2,70783,0.20004239204160074,0.7999576079583992,0.4509795904072267,0.5490204095927733,0.18823310341912722,0.1980561207626248,0.18911111111111115,0.791339062815851,0.6604464401223213,0.774240780469138,94,0.3279847396421832
0.3,106173,0.30005934885824104,0.699940651141759,0.5372759989163868,0.4627240010836132,0.28077577426175365,0.29610236058451367,0.28155555555555556,0.8495998684514758,0.744176088191987,0.8369899363958553,94,0.3279847396421832
0.5,176928,0.5000226090888538,0.49997739091114624,0.6952803834031561,0.30471961659684393,0.4913944724674524,0.4982959972994094,0.4875555555555555,0.9195434369207831,0.8549317152964785,0.9125741315976116,94,0.3279847396421832
0.75,265397,0.7500480443138141,0.2499519556861859,0.8636133498680877,0.13638665013191237,0.754775351957244,0.7523907356388132,0.7522222222222222,0.9700641187225486,0.943042709870042,0.9670193854708924,94,0.3279847396421832
1.0,353840,1.0,0.0,1.0,6.908054375445419e-17,1.0,1.0,1.0,1.0,1.0,1.0,94,0.3279847396421832
0.0,0,0.0,1.0,0.26191017193450705,0.738089828065493,0.010875658244192085,0.09493499333578921,0.014222222222222223,0.34683176722158043,0.41277833597756136,0.35345912172438604,95,0.3272033734087759
0.01,3558,0.010055392267691612,0.9899446077323084,0.27201606669412154,0.7279839333058785,0.017710044514791877,0.09671078744846634,0.01955555555555556,0.41465879798228605,0.4402005590371067,0.41221785821396867,95,0.3272033734087759
0.05,17709,0.050048044313814155,0.9499519556861858,0.31090938985211675,0.6890906101478833,0.05430371092704611,0.10577325812906149,0.050888888888888886,0.567811223908137,0.5025826603177224,0.5437215295558934,95,0.3272033734087759
0.1,35401,0.10004804431381416,0.8999519556861858,0.3590441397467738,0.6409558602532263,0.10428904336829325,0.12502745178410563,0.09888888888888889,0.6857149498408057,0.561920517380748,0.662746498604146,95,0.3272033734087759
0.2,70783,0.20004239204160074,0.7999576079583992,0.4519950305407316,0.5480049694592684,0.198948696162169,0.200338373888736,0.19311111111111115,0.7967660654782868,0.6640770272196865,0.7795142718893784,95,0.3272033734087759
0.3,106173,0.30005934885824104,0.699940651141759,0.5382926538066402,0.46170734619335996,0.29338831689239675,0.29954873125011283,0.2877777777777778,0.8513016173037442,0.7465496871420849,0.839030463316466,95,0.3272033734087759
0.5,176928,0.5000226090888538,0.49997739091114624,0.6967017013540062,0.3032982986459936,0.5046412442507755,0.5049587449688892,0.5035555555555555,0.9213613651204612,0.8576374855632698,0.9145605701600088,95,0.3272033734087759
0.75,265397,0.7500480443138141,0.2499519556861859,0.8643801080714837,0.13561989192851634,0.7568085998573693,0.749846649180627,0.7564444444444445,0.9699619550299589,0.9425892741216153,0.9670720329619987,95,0.3272033734087759
1.0,353840,1.0,0.0,1.0,6.908054375445419e-17,1.0,1.0,1.0,1.0,1.0,1.0,95,0.3272033734087759
0.0,0,0.0,1.0,0.26191017193450705,0.738089828065493,0.010875658244192085,0.09493499333578921,0.014222222222222223,0.34683176722158043,0.41277833597756136,0.35345912172438604,96,0.32754127117873066
0.01,3558,0.010055392267691612,0.9899446077323084,0.272104423873217,0.727895576126783,0.018735509236348643,0.09749888515623852,0.02155555555555556,0.42029134459486583,0.4424948214565495,0.418077539561652,96,0.32754127117873066
0.05,17709,0.050048044313814155,0.9499519556861858,0.31165570359180317,0.6883442964081969,0.05382441712765667,0.1094619816981617,0.053999999999999986,0.5766195817836712,0.5062616128180017,0.5518720765963125,96,0.32754127117873066
0.1,35401,0.10004804431381416,0.8999519556861858,0.35977250881553086,0.6402274911844692,0.10164664959436927,0.126500705339332,0.10266666666666667,0.6855173511356166,0.5622021870787701,0.6626864029810781,96,0.32754127117873066
0.2,70783,0.20004239204160074,0.7999576079583992,0.45169591682796245,0.5483040831720376,0.20229170434799745,0.19988418709066177,0.20377777777777772,0.7961616304380205,0.6621811595981967,0.7784542035618123,96,0.32754127117873066
0.3,106173,0.30005934885824104,0.699940651141759,0.5377578759560558,0.4622421240439442,0.3015106580683893,0.29843882144143397,0.3015555555555555,0.852165049448945,0.745460932128383,0.8398679883218937,96,0.32754127117873066
0.5,176928,0.5000226090888538,0.49997739091114624,0.6956524684158135,0.3043475315841865,0.5024398678079354,0.4977015627531052,0.5026666666666668,0.9174637869409116,0.8545571028774489,0.9110892755009462,96,0.32754127117873066
0.75,265397,0.7500480443138141,0.2499519556861859,0.8640516136589335,0.13594838634106643,0.761025509737959,0.7473451468133003,0.7633333333333334,0.9664122188144655,0.9411233956419411,0.9642874983293747,96,0.32754127117873066
1.0,353840,1.0,0.0,1.0,6.908054375445419e-17,1.0,1.0,1.0,1.0,1.0,1.0,96,0.32754127117873066
0.0,0,0.0,1.0,0.26191017193450705,0.738089828065493,0.010875658244192085,0.09493499333578921,0.014222222222222223,0.34683176722158043,0.41277833597756136,0.35345912172438604,97,0.32785321760556074
0.01,3558,0.010055392267691612,0.9899446077323084,0.27198845814411005,0.7280115418558899,0.015735517356529657,0.09848881621694693,0.018222222222222223,0.417518792783585,0.44135969484121984,0.4140545782158567,97,0.32785321760556074
0.05,17709,0.050048044313814155,0.9499519556861858,0.3114000219396168,0.6885999780603832,0.048607333062651165,0.10736815079058447,0.04666666666666666,0.5679215449644796,0.5025897645670241,0.5438103930180969,97,0.32785321760556074
0.1,35401,0.10004804431381416,0.8999519556861858,0.35928226672976493,0.6407177332702351,0.10057600445722213,0.12557088926663737,0.09866666666666665,0.6849887951046709,0.561361718116616,0.6618366548089856,97,0.32785321760556074
0.2,70783,0.20004239204160074,0.7999576079583992,0.45058933810051144,0.5494106618994886,0.20753901358924196,0.20098015530958083,0.20355555555555552,0.7986067146411642,0.6645563582303117,0.7810958639082767,97,0.32785321760556074
0.3,106173,0.30005934885824104,0.699940651141759,0.5376554818325968,0.4623445181674032,0.3007193477146387,0.30042758493397187,0.2982222222222222,0.8540376891246598,0.747774468286173,0.8419929700979856,97,0.32785321760556074
0.5,176928,0.5000226090888538,0.49997739091114624,0.6958198504609133,0.3041801495390866,0.49538499270782066,0.5027635276260086,0.4955555555555556,0.9187004980494374,0.8568709703958016,0.9124687760596779,97,0.32785321760556074
0.75,265397,0.7500480443138141,0.2499519556861859,0.8633619393816254,0.1366380606183744,0.7410860356328368,0.7522670073674314,0.7442222222222225,0.9675619547208641,0.9419136735527148,0.9648106065298858,97,0.32785321760556074
1.0,353840,1.0,0.0,1.0,6.908054375445419e-17,1.0,1.0,1.0,1.0,1.0,1.0,97,0.32785321760556074
0.0,0,0.0,1.0,0.26191017193450705,0.738089828065493,0.010875658244192085,0.09493499333578921,0.014222222222222223,0.34683176722158043,0.41277833597756136,0.35345912172438604,98,0.32780434563469374
0.01,3558,0.010055392267691612,0.9899446077323084,0.27175116434759106,0.728248835652409,0.017072280490652788,0.09836207458641878,0.018666666666666668,0.41835931898569967,0.44155736144244934,0.4151299043810772,98,0.32780434563469374
0.05,17709,0.050048044313814155,0.9499519556861858,0.3108022980971492,0.6891977019028507,0.04630937554361335,0.10919646485383809,0.04822222222222222,0.5667200214500838,0.5019104225174087,0.5426005226865793,98,0.32780434563469374
0.1,35401,0.10004804431381416,0.8999519556861858,0.3579929988253432,0.6420070011746567,0.09186025510697937,0.1255685694268937,0.09399999999999999,0.6789374191016165,0.5585986626029024,0.6565233340023603,98,0.32780434563469374
0.2,70783,0.20004239204160074,0.7999576079583992,0.4503062495874537,0.5496937504125464,0.18825357101414622,0.19898668654422316,0.1926666666666667,0.7892538381865456,0.6598352101481503,0.7725956032258224,98,0.32780434563469374
0.3,106173,0.30005934885824104,0.699940651141759,0.5374424723595486,0.46255752764045155,0.2970422230908162,0.30043936418567624,0.3002222222222222,0.8521814983627195,0.746618049671899,0.8398606370910623,98,0.32780434563469374
0.5,176928,0.5000226090888538,0.49997739091114624,0.6957859382784386,0.3042140617215613,0.5094444273535217,0.5008101905555725,0.5115555555555555,0.9222596320677776,0.8574119839178183,0.9156466738723904,98,0.32780434563469374
0.75,265397,0.7500480443138141,0.2499519556861859,0.8643471305578367,0.1356528694421633,0.7546746675326984,0.7467887095763374,0.7504444444444444,0.9680917196073906,0.9409934569987064,0.9653623154699676,98,0.32780434563469374
1.0,353840,1.0,0.0,1.0,6.908054375445419e-17,1.0,1.0,1.0,1.0,1.0,1.0,98,0.32780434563469374
0.0,0,0.0,1.0,0.26191017193450705,0.738089828065493,0.010875658244192085,0.09493499333578921,0.014222222222222223,0.34683176722158043,0.41277833597756136,0.35345912172438604,99,0.3281101647889909
0.01,3558,0.010055392267691612,0.9899446077323084,0.27203694150735647,0.7279630584926434,0.015711898951884348,0.09880211394055737,0.018444444444444447,0.41908396977048873,0.4419678083500618,0.4171542488938519,99,0.3281101647889909
0.05,17709,0.050048044313814155,0.9499519556861858,0.3111347835633858,0.6888652164366141,0.048717128520346265,0.1102175134889308,0.04955555555555555,0.5741227368848159,0.5049085140053857,0.5492625505063939,99,0.3281101647889909
0.1,35401,0.10004804431381416,0.8999519556861858,0.3592602603950417,0.6407397396049583,0.09979719760305295,0.1311813525911116,0.0993333333333333,0.6900351039719544,0.5649913197846165,0.6672107400563653,99,0.3281101647889909
0.2,70783,0.20004239204160074,0.7999576079583992,0.451309691967778,0.548690308032222,0.19758412348351342,0.20342104971429675,0.19644444444444445,0.7964108393286793,0.6656991033647739,0.7795393815949692,99,0.3281101647889909
0.3,106173,0.30005934885824104,0.699940651141759,0.5374076627465191,0.4625923372534809,0.2932852133926271,0.3030663819136526,0.29533333333333334,0.8534513425469844,0.7489055432577529,0.8414244853435845,99,0.3281101647889909
0.5,176928,0.5000226090888538,0.49997739091114624,0.6948927479534548,0.3051072520465451,0.49760291134129,0.4976914999348708,0.49822222222222223,0.9220574393419737,0.8564388115115921,0.9152122047201281,99,0.3281101647889909
0.75,265397,0.7500480443138141,0.2499519556861859,0.8630785206074267,0.1369214793925734,0.7442391471376205,0.7471118818059125,0.75,0.9694837231056196,0.9414928691767489,0.9665003220154145,99,0.3281101647889909
1.0,353840,1.0,0.0,1.0,6.908054375445419e-17,1.0,1.0,1.0,1.0,1.0,1.0,99,0.3281101647889909
0.0,0,0.0,1.0,0.26191017193450705,0.738089828065493,0.010875658244192085,0.09493499333578921,0.014222222222222223,0.34683176722158043,0.41277833597756136,0.35345912172438604,100,0.32749536965929577
0.01,3558,0.010055392267691612,0.9899446077323084,0.2718204640079687,0.7281795359920312,0.018012652798185945,0.09712069173819174,0.01955555555555556,0.41335333526469237,0.4397203156184067,0.41137877018989594,100,0.32749536965929577
0.05,17709,0.050048044313814155,0.9499519556861858,0.31059603403439445,0.6894039659656056,0.050341492372977054,0.10826390016343727,0.049777777777777775,0.5703723710676953,0.5035717213065705,0.5462008567795992,100,0.32749536965929577
0.1,35401,0.10004804431381416,0.8999519556861858,0.35895008405538187,0.6410499159446181,0.09988467394972325,0.12521394948493345,0.10022222222222221,0.6862336030524172,0.5617195336726455,0.6631559020940632,100,0.32749536965929577
0.2,70783,0.20004239204160074,0.7999576079583992,0.45151964854650317,0.5484803514534968,0.2104172584518074,0.19925168339595897,0.21022222222222225,0.8030298620877927,0.6647961080397503,0.7845567097642533,100,0.32749536965929577
0.3,106173,0.30005934885824104,0.699940651141759,0.5379086787222405,0.46209132127775954,0.3047654030926089,0.29866843567589757,0.30444444444444446,0.859108637059946,0.748841746711776,0.8459238785639168,100,0.32749536965929577
0.5,176928,0.5000226090888538,0.49997739091114624,0.6961478325800647,0.3038521674199352,0.5081602354452595,0.5014795537013772,0.5062222222222224,0.9244176256888661,0.8584024305408151,0.917489452752072,100,0.32749536965929577
0.75,265397,0.7500480443138141,0.2499519556861859,0.8642353134502091,0.13576468654979093,0.7543753685284627,0.7546282513753892,0.7540000000000001,0.9697742564268427,0.9433099853454959,0.9669108901769767,100,0.32749536965929577
1.0,353840,1.0,0.0,1.0,6.908054375445419e-17,1.0,1.0,1.0,1.0,1.0,1.0,100,0.32749536965929577
0.0,0,0.0,1.0,0.26191017193450705,0.738089828065493,0.010875658244192085,0.09493499333578921,0.014222222222222223,0.34683176722158043,0.41277833597756136,0.35345912172438604,101,0.32773020693845223
0.01,3558,0.010055392267691612,0.9899446077323084,0.27178900938631734,0.7282109906136828,0.01627145850981021,0.09866808729290323,0.019333333333333334,0.4218673457826447,0.4432529503249508,0.41966385407361984,101,0.32773020693845223
0.05,17709,0.050048044313814155,0.9499519556861858,0.3101238854375318,0.6898761145624682,0.05089435948481173,0.11243138018908944,0.052222222222222225,0.5785207396147706,0.5070969216850276,0.5533097424349755,101,0.32773020693845223
0.1,35401,0.10004804431381416,0.8999519556861858,0.35872823516102953,0.6412717648389705,0.10202692651314295,0.13235592937861046,0.10200000000000002,0.690123622730217,0.56487486676745,0.6674442613475482,101,0.32773020693845223
0.2,70783,0.20004239204160074,0.7999576079583992,0.45091235152232173,0.5490876484776782,0.1986368769226339,0.20202301953880614,0.19888888888888887,0.79225908787154,0.6624588530052206,0.7756871448479007,101,0.32773020693845223
0.3,106173,0.30005934885824104,0.699940651141759,0.537831462725842,0.462168537274158,0.30168708954990253,0.3021211430815843,0.3002222222222221,0.8499772920621016,0.7477218065940093,0.8382273961857261,101,0.32773020693845223
0.5,176928,0.5000226090888538,0.49997739091114624,0.6960942509011219,0.3039057490988781,0.5067419417991432,0.5019444851371017,0.5033333333333333,0.9184859955721554,0.8557833221931664,0.9121083615414117,101,0.32773020693845223
0.75,265397,0.7500480443138141,0.2499519556861859,0.8637881059478982,0.13621189405210182,0.7488098554444413,0.7534187700454851,0.7431111111111111,0.9673865249523192,0.9416628495138593,0.9646287759100137,101,0.32773020693845223
1.0,353840,1.0,0.0,1.0,6.908054375445419e-17,1.0,1.0,1.0,1.0,1.0,1.0,101,0.32773020693845223
0.0,0,0.0,1.0,0.26191017193450705,0.738089828065493,0.010875658244192085,0.09493499333578921,0.014222222222222223,0.34683176722158043,0.41277833597756136,0.35345912172438604,102,0.32715842070283124
0.01,3558,0.010055392267691612,0.9899446077323084,0.2721365569322299,0.7278634430677702,0.01767987912968424,0.09864737856213517,0.020000000000000004,0.42242246093215363,0.4434541081385256,0.41928493105874637,102,0.32715842070283124
0.05,17709,0.050048044313814155,0.9499519556861858,0.3119530645776111,0.6880469354223888,0.0521788174506224,0.1074056388192769,0.049333333333333326,0.5695593430392406,0.5040444699202763,0.5459977350597689,102,0.32715842070283124
0.1,35401,0.10004804431381416,0.8999519556861858,0.35965368032397804,0.640346319676022,0.10114499928213579,0.12511964342175685,0.10155555555555554,0.6827652387179862,0.5606134415930217,0.6598032661868988,102,0.32715842070283124
0.2,70783,0.20004239204160074,0.7999576079583992,0.4505653441518836,0.5494346558481165,0.19756891983172464,0.198541164414844,0.19977777777777778,0.7919670744306351,0.6602126364102248,0.7749593317837797,102,0.32715842070283124
0.3,106173,0.30005934885824104,0.699940651141759,0.5380062062843366,0.46199379371566335,0.29823279639885913,0.29798681890303214,0.296,0.8513299803960853,0.7455018040001543,0.8389048795868678,102,0.32715842070283124
0.5,176928,0.5000226090888538,0.49997739091114624,0.696980568715169,0.30301943128483094,0.4977755647206771,0.5012222698694604,0.4984444444444444,0.920458528532518,0.8568808959735866,0.9141386678088987,102,0.32715842070283124
0.75,265397,0.7500480443138141,0.2499519556861859,0.8646699597440132,0.13533004025598716,0.7491446203660774,0.7495175226595341,0.7455555555555556,0.96929071099162,0.9419357055495149,0.9663345441486186,102,0.32715842070283124
1.0,353840,1.0,0.0,1.0,6.908054375445419e-17,1.0,1.0,1.0,1.0,1.0,1.0,102,0.32715842070283124
0.0,0,0.0,1.0,0.26191017193450705,0.738089828065493,0.010875658244192085,0.09493499333578921,0.014222222222222223,0.34683176722158043,0.41277833597756136,0.35345912172438604,103,0.32695399826631605
0.01,3558,0.010055392267691612,0.9899446077323084,0.27207060862231525,0.7279293913776848,0.015766794187745355,0.09804431251392669,0.01977777777777778,0.42000653154421963,0.4421510378756316,0.41736403934047706,103,0.32695399826631605
0.05,17709,0.050048044313814155,0.9499519556861858,0.31112811068577245,0.6888718893142276,0.04644414256842208,0.10904808530510057,0.047111111111111104,0.5663095585667404,0.5020736115968859,0.5422446075053027,103,0.32695399826631605
0.1,35401,0.10004804431381416,0.8999519556861858,0.35919294155312137,0.6408070584468787,0.10092908943217979,0.127577197744978,0.1,0.682373307354397,0.5608884680681039,0.6596347715473343,103,0.32695399826631605
0.2,70783,0.20004239204160074,0.7999576079583992,0.4517694499014867,0.5482305500985133,0.19906894178055395,0.20114694893293555,0.20022222222222225,0.7951366178183902,0.6628923147968155,0.7779979723834319,103,0.32695399826631605
0.3,106173,0.30005934885824104,0.699940651141759,0.539575199853598,0.46042480014640197,0.2973243573561221,0.3004001903740027,0.29955555555555563,0.8528489020396981,0.7471840234723105,0.8408139664697589,103,0.32695399826631605
0.5,176928,0.5000226090888538,0.49997739091114624,0.6970472589349344,0.3029527410650656,0.502439707845047,0.5018531379908531,0.5064444444444445,0.9193643235597975,0.8570817914215986,0.9132299772309274,103,0.32695399826631605
0.75,265397,0.7500480443138141,0.2499519556861859,0.8642979065578159,0.13570209344218412,0.7407423222807867,0.7520996117731343,0.7448888888888889,0.9664808638166518,0.9418503880167732,0.9640334115167756,103,0.32695399826631605
1.0,353840,1.0,0.0,1.0,6.908054375445419e-17,1.0,1.0,1.0,1.0,1.0,1.0,103,0.32695399826631605
0.0,0,0.0,1.0,0.26191017193450705,0.738089828065493,0.010875658244192085,0.09493499333578921,0.014222222222222223,0.34683176722158043,0.41277833597756136,0.35345912172438604,104,0.3270715126612427
0.01,3558,0.010055392267691612,0.9899446077323084,0.2718522012637541,0.7281477987362458,0.018829529902552187,0.09788361800345997,0.02177777777777778,0.4222847376625544,0.44337267756969184,0.41879624047868647,104,0.3270715126612427
0.05,17709,0.050048044313814155,0.9499519556861858,0.3114442887077283,0.6885557112922718,0.0590435102519022,0.10982947529054621,0.057555555555555554,0.5813215297811476,0.5076217997323048,0.5560700378312282,104,0.3270715126612427
0.1,35401,0.10004804431381416,0.8999519556861858,0.3595965527956404,0.6404034472043596,0.10768902176433744,0.12894052832978192,0.10777777777777776,0.6904286501775285,0.5646344679999691,0.6677452451396926,104,0.3270715126612427
0.2,70783,0.20004239204160074,0.7999576079583992,0.4520310619979557,0.5479689380020444,0.20419305769209847,0.2019690435932379,0.20511111111111113,0.7964115294360048,0.6631615604937697,0.7793538558136716,104,0.3270715126612427
0.3,106173,0.30005934885824104,0.699940651141759,0.5384740819852627,0.4615259180147373,0.3082490876301388,0.3015143227082906,0.30777777777777776,0.8542882798057108,0.7475800406910453,0.8420498356127106,104,0.3270715126612427
0.5,176928,0.5000226090888538,0.49997739091114624,0.6965177232404591,0.30348227675954104,0.4991440543326647,0.503580298318909,0.5053333333333333,0.9208454031491503,0.857562518004942,0.9142343542078095,104,0.3270715126612427
0.75,265397,0.7500480443138141,0.2499519556861859,0.8647042894223631,0.13529571057763687,0.7427673057923178,0.7460906190587077,0.7491111111111112,0.968375345974559,0.9411207812386323,0.9655016368206526,104,0.3270715126612427
1.0,353840,1.0,0.0,1.0,6.908054375445419e-17,1.0,1.0,1.0,1.0,1.0,1.0,104,0.3270715126612427
0.0,0,0.0,1.0,0.26191017193450705,0.738089828065493,0.010875658244192085,0.09493499333578921,0.014222222222222223,0.34683176722158043,0.41277833597756136,0.35345912172438604,105,0.32789234656799826
0.01,3558,0.010055392267691612,0.9899446077323084,0.27182185859456803,0.7281781414054319,0.01760048265340628,0.0986376317429209,0.021555555555555557,0.42335320689126027,0.4433294971813715,0.41966721867925627,105,0.32789234656799826
0.05,17709,0.050048044313814155,0.9499519556861858,0.3107221569926819,0.6892778430073181,0.052833600109255266,0.10880471387166188,0.05155555555555555,0.5723146746692283,0.5047663595277532,0.5482446226095066,105,0.32789234656799826
0.1,35401,0.10004804431381416,0.8999519556861858,0.3589422942645924,0.6410577057354077,0.10489511016519402,0.12825896474679602,0.10333333333333335,0.6869183578921031,0.5629166942374257,0.6642561866967167,105,0.32789234656799826
0.2,70783,0.20004239204160074,0.7999576079583992,0.4509388404285,0.5490611595714999,0.20884623730865404,0.20288402235891287,0.206,0.7959327245254635,0.6633958443276531,0.778947197704581,105,0.32789234656799826
0.3,106173,0.30005934885824104,0.699940651141759,0.537547294779821,0.462452705220179,0.30880660979023655,0.30332822680912824,0.3055555555555556,0.8560002253093647,0.7492809573722842,0.8439250000208784,105,0.32789234656799826
0.5,176928,0.5000226090888538,0.49997739091114624,0.695323727679909,0.3046762723200909,0.5069998901054209,0.5038100618526207,0.5017777777777778,0.9188541754706885,0.8564079516717106,0.9123033180978036,105,0.32789234656799826
0.75,265397,0.7500480443138141,0.2499519556861859,0.8638177121333324,0.1361822878666676,0.7483314232386058,0.7513301492802112,0.7475555555555558,0.9679237556754429,0.9417190531819934,0.9651610227912313,105,0.32789234656799826
1.0,353840,1.0,0.0,1.0,6.908054375445419e-17,1.0,1.0,1.0,1.0,1.0,1.0,105,0.32789234656799826
0.0,0,0.0,1.0,0.26191017193450705,0.738089828065493,0.010875658244192085,0.09493499333578921,0.014222222222222223,0.34683176722158043,0.41277833597756136,0.35345912172438604,106,0.327698182933644
0.01,3558,0.010055392267691612,0.9899446077323084,0.2715333902228301,0.72846660977717,0.014880588830518552,0.09700705913762597,0.017777777777777778,0.41549572656167433,0.44058129926469053,0.41315417075521405,106,0.327698182933644
0.05,17709,0.050048044313814155,0.9499519556861858,0.31048446807931507,0.6895155319206849,0.047169763471018825,0.10520305625863215,0.04533333333333334,0.5665598605968937,0.501934537074893,0.5425566662548523,106,0.327698182933644
0.1,35401,0.10004804431381416,0.8999519556861858,0.35857502837114325,0.6414249716288568,0.09557584775605414,0.12484472558032816,0.096,0.6830534794044623,0.5607103171921574,0.6604506891956581,106,0.327698182933644
0.2,70783,0.20004239204160074,0.7999576079583992,0.45052487998524643,0.5494751200147535,0.19255737164685252,0.19580565132688454,0.1915555555555556,0.7918450930408072,0.6591211710332879,0.774752673904611,106,0.327698182933644
0.3,106173,0.30005934885824104,0.699940651141759,0.537648778323426,0.462351221676574,0.2912746759734117,0.2965395584093364,0.2922222222222222,0.8528282836963773,0.7452049285986294,0.8401870508665112,106,0.327698182933644
0.5,176928,0.5000226090888538,0.49997739091114624,0.6958441086106865,0.3041558913893135,0.4883845556953478,0.4953542861613974,0.48911111111111116,0.919405041779341,0.8547523804756257,0.9122042218959143,106,0.327698182933644
0.75,265397,0.7500480443138141,0.2499519556861859,0.8644126006071733,0.13558739939282682,0.7472416198016772,0.7482110038237719,0.7473333333333334,0.9702446953170456,0.9420601217667267,0.9671848605116125,106,0.327698182933644
1.0,353840,1.0,0.0,1.0,6.908054375445419e-17,1.0,1.0,1.0,1.0,1.0,1.0,106,0.327698182933644
0.0,0,0.0,1.0,0.26191017193450705,0.738089828065493,0.010875658244192085,0.09493499333578921,0.014222222222222223,0.34683176722158043,0.41277833597756136,0.35345912172438604,107,0.3274286956706902
0.01,3558,0.010055392267691612,0.9899446077323084,0.2720527569930199,0.7279472430069801,0.015126718613364601,0.09933055712363313,0.018222222222222223,0.42013858724447445,0.4423867880932233,0.41673746692303837,107,0.3274286956706902
0.05,17709,0.050048044313814155,0.9499519556861858,0.31172190526359816,0.6882780947364018,0.05112330588645753,0.11238802430176166,0.05177777777777777,0.5770872259863212,0.5067065850348319,0.5520981752960455,107,0.3274286956706902
0.1,35401,0.10004804431381416,0.8999519556861858,0.3596865095035663,0.6403134904964336,0.09953361226462136,0.1301573125465169,0.0991111111111111,0.6886614074463364,0.5633624369692943,0.6654313818386998,107,0.3274286956706902
0.2,70783,0.20004239204160074,0.7999576079583992,0.4510661417684953,0.5489338582315046,0.20511901497798257,0.20094528211560544,0.20466666666666664,0.7986127523118604,0.6647554882969969,0.7811010887241484,107,0.3274286956706902
0.3,106173,0.30005934885824104,0.699940651141759,0.5381897402798033,0.46181025972019674,0.3093837807293533,0.3021533390679871,0.3102222222222223,0.8560312057686476,0.7498273630071389,0.8439518491034133,107,0.3274286956706902
0.5,176928,0.5000226090888538,0.49997739091114624,0.6959532353018448,0.3040467646981553,0.5057640512160455,0.5012851432711707,0.5064444444444445,0.9214742403423685,0.8572227007061018,0.9147944297084919,107,0.3274286956706902
0.75,265397,0.7500480443138141,0.2499519556861859,0.8642431188545264,0.1357568811454737,0.7585939783985692,0.7536555934651474,0.7606666666666666,0.9699051935364561,0.943475183100665,0.9673344669250085,107,0.3274286956706902
1.0,353840,1.0,0.0,1.0,6.908054375445419e-17,1.0,1.0,1.0,1.0,1.0,1.0,107,0.3274286956706902
0.0,0,0.0,1.0,0.26191017193450705,0.738089828065493,0.010875658244192085,0.09493499333578921,0.014222222222222223,0.34683176722158043,0.41277833597756136,0.35345912172438604,108,0.3284074059050103
0.01,3558,0.010055392267691612,0.9899446077323084,0.27181710299988815,0.7281828970001119,0.01763361209368766,0.09794683239218648,0.020888888888888894,0.4192898036672579,0.44181918933434483,0.4166907152540726,108,0.3284074059050103
0.05,17709,0.050048044313814155,0.9499519556861858,0.31083509294779416,0.6891649070522058,0.049253948910139005,0.10664666750179203,0.048888888888888885,0.5664924503653005,0.5022349804162117,0.5427204974381055,108,0.3284074059050103
0.1,35401,0.10004804431381416,0.8999519556861858,0.35829102642335203,0.6417089735766479,0.09593294911929719,0.12428944657475223,0.09888888888888887,0.6823031392420986,0.5611421140463271,0.6596686831160514,108,0.3284074059050103
0.2,70783,0.20004239204160074,0.7999576079583992,0.45022683183529655,0.5497731681647035,0.19136762036753197,0.19316832906950168,0.1911111111111111,0.7896967351327899,0.6585764759942699,0.7725298514670447,108,0.3284074059050103
0.3,106173,0.30005934885824104,0.699940651141759,0.5363917084377762,0.4636082915622239,0.2829765298420049,0.2869246597243393,0.28311111111111115,0.8463323516149561,0.7404920760717602,0.8336123247853912,108,0.3284074059050103
0.5,176928,0.5000226090888538,0.49997739091114624,0.694546216957728,0.305453783042272,0.4876236548122095,0.4919051749562978,0.48866666666666664,0.9170760276771782,0.8532293830068239,0.9104644625854017,108,0.3284074059050103
0.75,265397,0.7500480443138141,0.2499519556861859,0.8636108553155928,0.1363891446844074,0.7504907147263093,0.7468069386876398,0.7517777777777778,0.9678457598984093,0.9416677512307783,0.9654195797848105,108,0.3284074059050103
1.0,353840,1.0,0.0,1.0,6.908054375445419e-17,1.0,1.0,1.0,1.0,1.0,1.0,108,0.3284074059050103
0.0,0,0.0,1.0,0.26191017193450705,0.738089828065493,0.010875658244192085,0.09493499333578921,0.014222222222222223,0.34683176722158043,0.41277833597756136,0.35345912172438604,109,0.32703658810980196
0.01,3558,0.010055392267691612,0.9899446077323084,0.27183353444566116,0.7281664655543387,0.016838321669521428,0.09846623624452071,0.019333333333333334,0.42089500823384984,0.44254092582034976,0.41630258653604135,109,0.32703658810980196
0.05,17709,0.050048044313814155,0.9499519556861858,0.3116951608194441,0.6883048391805561,0.05958132022984272,0.1126582074642352,0.058444444444444445,0.5797001446318772,0.507738344554766,0.5539541685782245,109,0.32703658810980196
0.1,35401,0.10004804431381416,0.8999519556861858,0.3604066214915328,0.6395933785084671,0.10885486582112291,0.13129542133778316,0.10733333333333334,0.694333235155001,0.5658734616067675,0.6705299285960916,109,0.32703658810980196
0.2,70783,0.20004239204160074,0.7999576079583992,0.4517440637954995,0.5482559362045005,0.2075411073176525,0.2029421668724109,0.2017777777777778,0.7986909841925173,0.664261513607074,0.7813808980839558,109,0.32703658810980196
0.3,106173,0.30005934885824104,0.699940651141759,0.5387890429422335,0.46121095705776655,0.308220932661438,0.30595567851860295,0.3022222222222222,0.85672285244462,0.749724750744347,0.844442481792655,109,0.32703658810980196
0.5,176928,0.5000226090888538,0.49997739091114624,0.6960663274705818,0.30393367252941816,0.5093020711352336,0.5055827744140748,0.5077777777777778,0.9232006174731197,0.8586814462963218,0.9163745410991262,109,0.32703658810980196
0.75,265397,0.7500480443138141,0.2499519556861859,0.8648897873913847,0.13511021260861544,0.7468784200371495,0.7488973377798666,0.7433333333333333,0.9690071236700697,0.9415165747022911,0.9659263873672259,109,0.32703658810980196
1.0,353840,1.0,0.0,1.0,6.908054375445419e-17,1.0,1.0,1.0,1.0,1.0,1.0,109,0.32703658810980196
0.0,0,0.0,1.0,0.26191017193450705,0.738089828065493,0.010875658244192085,0.09493499333578921,0.014222222222222223,0.34683176722158043,0.41277833597756136,0.35345912172438604,110,0.32765591634605146
0.01,3558,0.010055392267691612,0.9899446077323084,0.271794867511464,0.728205132488536,0.0165502161498031,0.09859490954845976,0.020000000000000004,0.42011993748162946,0.4424588984167047,0.41753674181385025,110,0.32765591634605146
0.05,17709,0.050048044313814155,0.9499519556861858,0.3110901814766278,0.6889098185233722,0.04626703178711724,0.11009071073905212,0.04688888888888888,0.5708568074019339,0.5040938416036327,0.5464786341350965,110,0.32765591634605146
0.1,35401,0.10004804431381416,0.8999519556861858,0.35835473139819746,0.6416452686018025,0.10276615043844273,0.12915407254940173,0.10266666666666667,0.6898269626274032,0.5629121314762903,0.66644458202588,110,0.32765591634605146
0.2,70783,0.20004239204160074,0.7999576079583992,0.45086454138885007,0.5491354586111499,0.21171783195690452,0.20523313218847916,0.20955555555555563,0.8025168655465581,0.6668221266058347,0.7851438856000686,110,0.32765591634605146
0.3,106173,0.30005934885824104,0.699940651141759,0.5375656921680072,0.46243430783199285,0.3123636689604074,0.30498492218011247,0.31,0.8594810515608947,0.7504775952155893,0.8471414577223001,110,0.32765591634605146
0.5,176928,0.5000226090888538,0.49997739091114624,0.695588526795099,0.3044114732049011,0.5069496415258363,0.5038570412215885,0.5035555555555556,0.9206958805457354,0.8569377601658147,0.9141480780382079,110,0.32765591634605146
0.75,265397,0.7500480443138141,0.2499519556861859,0.8646565662474394,0.1353434337525608,0.7572093100389169,0.7499941678305166,0.7551111111111111,0.9692936262524137,0.9424277303239835,0.9666266112175009,110,0.32765591634605146
1.0,353840,1.0,0.0,1.0,6.908054375445419e-17,1.0,1.0,1.0,1.0,1.0,1.0,110,0.32765591634605146
0.0,0,0.0,1.0,0.26191017193450705,0.738089828065493,0.010875658244192085,0.09493499333578921,0.014222222222222223,0.34683176722158043,0.41277833597756136,0.35345912172438604,111,0.32726758192961514
0.01,3558,0.010055392267691612,0.9899446077323084,0.27227923266721754,0.7277207673327825,0.017934889766766906,0.09766634886621532,0.021111111111111115,0.4188374148790465,0.44180162406406154,0.4159137889317172,111,0.32726758192961514
0.05,17709,0.050048044313814155,0.9499519556861858,0.31189668794589276,0.6881033120541074,0.055249417082876215,0.10975618512174765,0.05466666666666667,0.573918843806675,0.5057438982014056,0.5494326981292309,111,0.32726758192961514
0.1,35401,0.10004804431381416,0.8999519556861858,0.36037394307107196,0.639626056928928,0.1099655537970564,0.129640753718772,0.10911111111111112,0.6916222826917212,0.564942868708746,0.6683140479616299,111,0.32726758192961514
0.2,70783,0.20004239204160074,0.7999576079583992,0.451795865238652,0.5482041347613479,0.20883457778937925,0.2023216672406297,0.20533333333333334,0.8011296314037399,0.6656331508694504,0.7835284242720861,111,0.32726758192961514
0.3,106173,0.30005934885824104,0.699940651141759,0.5383767180340033,0.4616232819659967,0.2999583865543583,0.29966305477069377,0.3002222222222223,0.8559930939375854,0.7479646469471752,0.8435509946978794,111,0.32726758192961514
0.5,176928,0.5000226090888538,0.49997739091114624,0.6960463871260383,0.3039536128739616,0.49595351182585623,0.4976803529220625,0.4988888888888889,0.9214069468503723,0.8564838352051314,0.9148706062658339,111,0.32726758192961514
0.75,265397,0.7500480443138141,0.2499519556861859,0.8641392995050796,0.1358607004949206,0.7448890016772838,0.7439665929695342,0.7471111111111112,0.9675453591223472,0.940844407062102,0.9648747708428765,111,0.32726758192961514
1.0,353840,1.0,0.0,1.0,6.908054375445419e-17,1.0,1.0,1.0,1.0,1.0,1.0,111,0.32726758192961514
0.0,0,0.0,1.0,0.26191017193450705,0.738089828065493,0.010875658244192085,0.09493499333578921,0.014222222222222223,0.34683176722158043,0.41277833597756136,0.35345912172438604,112,0.3280601878711775
0.01,3558,0.010055392267691612,0.9899446077323084,0.27195447487844177,0.7280455251215582,0.01600683804193801,0.09717006951119886,0.018888888888888893,0.41613475640896336,0.44081354091135766,0.4138340584740128,112,0.3280601878711775
0.05,17709,0.050048044313814155,0.9499519556861858,0.3112099319091802,0.6887900680908198,0.04883947550036442,0.1077312884993319,0.04822222222222223,0.5709003341092356,0.5035625042304268,0.5470452353587955,112,0.3280601878711775
0.1,35401,0.10004804431381416,0.8999519556861858,0.3588880104505394,0.6411119895494606,0.09514463495979325,0.1251032948463038,0.09333333333333332,0.680280385179224,0.5592158021254497,0.6576187327186677,112,0.3280601878711775
0.2,70783,0.20004239204160074,0.7999576079583992,0.4503180079825307,0.5496819920174694,0.19289403596324695,0.19578048150382021,0.1906666666666667,0.7904582521873653,0.659030300284244,0.7733324238803494,112,0.3280601878711775
0.3,106173,0.30005934885824104,0.699940651141759,0.5375847593043013,0.46241524069569884,0.2909204012838427,0.29514244989003446,0.29044444444444445,0.8508486471365918,0.7443058458888275,0.8385783816618482,112,0.3280601878711775
0.5,176928,0.5000226090888538,0.49997739091114624,0.695029261498295,0.30497073850170503,0.484862601962402,0.49449928378956687,0.48911111111111105,0.9189528088350928,0.8539302659938154,0.912070402108545,112,0.3280601878711775
0.75,265397,0.7500480443138141,0.2499519556861859,0.8635524354561852,0.13644756454381482,0.7455345820288906,0.7501397775154943,0.7497777777777777,0.9679814983979742,0.9416650061283698,0.9652248741182186,112,0.3280601878711775
1.0,353840,1.0,0.0,1.0,6.908054375445419e-17,1.0,1.0,1.0,1.0,1.0,1.0,112,0.3280601878711775
0.0,0,0.0,1.0,0.26191017193450705,0.738089828065493,0.010875658244192085,0.09493499333578921,0.014222222222222223,0.34683176722158043,0.41277833597756136,0.35345912172438604,113,0.32803299895631594
0.01,3558,0.010055392267691612,0.9899446077323084,0.27163006632588504,0.728369933674115,0.019050790437960128,0.09781644428587807,0.02177777777777778,0.4194976279737716,0.44217356386212775,0.41685107985425646,113,0.32803299895631594
0.05,17709,0.050048044313814155,0.9499519556861858,0.3110632746945693,0.6889367253054307,0.0522581618503131,0.1092439402329849,0.05022222222222222,0.5700750679541897,0.5040107498367525,0.5458237888198576,113,0.32803299895631594
0.1,35401,0.10004804431381416,0.8999519556861858,0.3595983169205363,0.6404016830794638,0.10457541187881954,0.12852966882198935,0.09977777777777778,0.690710545293279,0.563919851032397,0.6670052890210818,113,0.32803299895631594
0.2,70783,0.20004239204160074,0.7999576079583992,0.45055846457179954,0.5494415354282005,0.2017582952409729,0.20212750930211926,0.19688888888888886,0.799740302773369,0.6633146963923123,0.7821123994431083,113,0.32803299895631594
0.3,106173,0.30005934885824104,0.699940651141759,0.5376199725589504,0.46238002744104956,0.3022610868241144,0.3000398648513917,0.2926666666666667,0.8577842897013485,0.7478421180236592,0.844902898352779,113,0.32803299895631594
0.5,176928,0.5000226090888538,0.49997739091114624,0.6947118210628819,0.3052881789371183,0.5017111234316382,0.4979402657296754,0.49333333333333323,0.92353345303081,0.8565478973947064,0.9164004359966553,113,0.32803299895631594
0.75,265397,0.7500480443138141,0.2499519556861859,0.8636753555162175,0.1363246444837825,0.7432382917524266,0.7489680220668475,0.7382222222222223,0.9691858027418578,0.9412629323087608,0.9659981419889977,113,0.32803299895631594
1.0,353840,1.0,0.0,1.0,6.908054375445419e-17,1.0,1.0,1.0,1.0,1.0,1.0,113,0.32803299895631594
0.0,0,0.0,1.0,0.26191017193450705,0.738089828065493,0.010875658244192085,0.09493499333578921,0.014222222222222223,0.34683176722158043,0.41277833597756136,0.35345912172438604,114,0.32697204634153615
0.01,3558,0.010055392267691612,0.9899446077323084,0.27215914461504404,0.727840855384956,0.017136514346214857,0.09776483982538867,0.01955555555555556,0.4190179090949144,0.44210939952460465,0.4168234729225295,114,0.32697204634153615
0.05,17709,0.050048044313814155,0.9499519556861858,0.3118008750769575,0.6881991249230426,0.051604879399416374,0.10983184676511577,0.05044444444444444,0.5737743799503061,0.5051736955727956,0.5490437557262192,114,0.32697204634153615
0.1,35401,0.10004804431381416,0.8999519556861858,0.3591965314650969,0.6408034685349032,0.09975278822631131,0.1278979211127758,0.09888888888888889,0.6861678979851866,0.5621218889993196,0.6634649425646478,114,0.32697204634153615
0.2,70783,0.20004239204160074,0.7999576079583992,0.4520105617237766,0.5479894382762234,0.19980586955617483,0.20340642243725826,0.20111111111111107,0.7958193152084491,0.6644759591337422,0.7788859207605634,114,0.32697204634153615
0.3,106173,0.30005934885824104,0.699940651141759,0.5388283148676055,0.4611716851323945,0.29924640432218186,0.3032875463491484,0.2997777777777778,0.8535383092893785,0.7480381365973638,0.841610302670224,114,0.32697204634153615
0.5,176928,0.5000226090888538,0.49997739091114624,0.6967846381226225,0.3032153618773774,0.5008357463475577,0.50434831538272,0.49799999999999994,0.9202725266020587,0.8576359917730645,0.9139696164725355,114,0.32697204634153615
0.75,265397,0.7500480443138141,0.2499519556861859,0.8646827089675277,0.1353172910324725,0.759921837899996,0.7534148864513384,0.7546666666666667,0.9693709810754229,0.9429689964785116,0.9665887463561893,114,0.32697204634153615
1.0,353840,1.0,0.0,1.0,6.908054375445419e-17,1.0,1.0,1.0,1.0,1.0,1.0,114,0.32697204634153615
0.0,0,0.0,1.0,0.26191017193450705,0.738089828065493,0.010875658244192085,0.09493499333578921,0.014222222222222223,0.34683176722158043,0.41277833597756136,0.35345912172438604,115,0.32773922814015777
0.01,3558,0.010055392267691612,0.9899446077323084,0.27180701699372695,0.728192983006273,0.01478160809598319,0.09802300667048576,0.018888888888888893,0.418780068493666,0.44155061679168556,0.41563081240350885,115,0.32773922814015777
0.05,17709,0.050048044313814155,0.9499519556861858,0.31072870414208864,0.6892712958579115,0.04641385218582787,0.10793729449491617,0.04911111111111111,0.5689085811791325,0.5033377546967663,0.5445934075845955,115,0.32773922814015777
0.1,35401,0.10004804431381416,0.8999519556861858,0.3586833591947662,0.6413166408052339,0.09794366867206483,0.12476965537218812,0.0986666666666667,0.6820771310721878,0.5606909382517462,0.6594778522366233,115,0.32773922814015777
0.2,70783,0.20004239204160074,0.7999576079583992,0.4501939061716239,0.5498060938283761,0.2009577987034004,0.2001553826998639,0.19822222222222222,0.794861456861822,0.6630326794580139,0.7778261460519278,115,0.32773922814015777
0.3,106173,0.30005934885824104,0.699940651141759,0.5373928400032657,0.46260715999673435,0.310639070308279,0.30438837025884424,0.3035555555555556,0.8583471978901064,0.7511973072077833,0.8459665870012144,115,0.32773922814015777
0.5,176928,0.5000226090888538,0.49997739091114624,0.6961286164439293,0.3038713835560707,0.5167269742042115,0.5052723778483202,0.5062222222222221,0.9227562016171914,0.8595934466169359,0.9161376335098836,115,0.32773922814015777
0.75,265397,0.7500480443138141,0.2499519556861859,0.8641744623756201,0.13582553762437988,0.7678782203499144,0.7574118530254079,0.7635555555555555,0.9705625497634054,0.9446493155745986,0.967981881572996,115,0.32773922814015777
1.0,353840,1.0,0.0,1.0,6.908054375445419e-17,1.0,1.0,1.0,1.0,1.0,1.0,115,0.32773922814015777
0.0,0,0.0,1.0,0.26191017193450705,0.738089828065493,0.010875658244192085,0.09493499333578921,0.014222222222222223,0.34683176722158043,0.41277833597756136,0.35345912172438604,116,0.3276492832874395
0.01,3558,0.010055392267691612,0.9899446077323084,0.2719078315532179,0.7280921684467823,0.016747131227780574,0.0966814481195407,0.018666666666666668,0.4146404546151205,0.4400517470151997,0.41242763019190526,116,0.3276492832874395
0.05,17709,0.050048044313814155,0.9499519556861858,0.31107560797871947,0.6889243920212805,0.050268926431092716,0.10752497478916566,0.048888888888888885,0.5680001196239116,0.5024426165657262,0.5436746018145308,116,0.3276492832874395
0.1,35401,0.10004804431381416,0.8999519556861858,0.35909688158475334,0.6409031184152468,0.10418261168499324,0.12869797260061208,0.10244444444444445,0.6875674769724105,0.5624677726730558,0.6642709074802606,116,0.3276492832874395
0.2,70783,0.20004239204160074,0.7999576079583992,0.4514021814049568,0.5485978185950432,0.2105338841643937,0.2059792338139316,0.2093333333333333,0.8001245093058903,0.6661567414866831,0.7830774212021091,116,0.3276492832874395
0.3,106173,0.30005934885824104,0.699940651141759,0.537592421991525,0.46240757800847504,0.3057557533983001,0.30258425826898055,0.3055555555555556,0.8561662039783419,0.7483421997093244,0.8437685564672484,116,0.3276492832874395
0.5,176928,0.5000226090888538,0.49997739091114624,0.6958819075058056,0.30411809249419447,0.5110774533025765,0.505017837597162,0.5097777777777778,0.9253968839156652,0.8593845855268367,0.9181858193976014,116,0.3276492832874395
0.75,265397,0.7500480443138141,0.2499519556861859,0.8639566049162524,0.13604339508374783,0.7524249103249878,0.7492308723959857,0.7568888888888888,0.9696151944028818,0.9423885882101634,0.9668633060265931,116,0.3276492832874395
1.0,353840,1.0,0.0,1.0,6.908054375445419e-17,1.0,1.0,1.0,1.0,1.0,1.0,116,0.3276492832874395
0.0,0,0.0,1.0,0.26191017193450705,0.738089828065493,0.010875658244192085,0.09493499333578921,0.014222222222222223,0.34683176722158043,0.41277833597756136,0.35345912172438604,117,0.3281445559234213
0.01,3558,0.010055392267691612,0.9899446077323084,0.27167733244882997,0.72832266755117,0.017163071537489395,0.09798169746995627,0.01977777777777778,0.42108821780254635,0.44238935616441005,0.41787560319138595,117,0.3281445559234213
0.05,17709,0.050048044313814155,0.9499519556861858,0.31058725181825736,0.6894127481817426,0.04454468878607402,0.1076327650132039,0.044222222222222225,0.5629223949000921,0.5002745354336814,0.5396068600574219,117,0.3281445559234213
0.1,35401,0.10004804431381416,0.8999519556861858,0.3585562739376034,0.6414437260623965,0.09201193512824156,0.1263409535601493,0.0957777777777778,0.6790444032071409,0.5588797918042379,0.656914017835138,117,0.3281445559234213
0.2,70783,0.20004239204160074,0.7999576079583992,0.4501171382285482,0.5498828617714518,0.18878869741796805,0.1995871193852788,0.19333333333333338,0.7904619205128897,0.661130874430541,0.7737632908616086,117,0.3281445559234213
0.3,106173,0.30005934885824104,0.699940651141759,0.5372505990488864,0.46274940095111367,0.2829227561377,0.3018905590468076,0.2882222222222222,0.848024175436353,0.7455704071036279,0.8363264209307006,117,0.3281445559234213
0.5,176928,0.5000226090888538,0.49997739091114624,0.6948139951037309,0.305186004896269,0.4759746303348178,0.49583349886318795,0.4842222222222223,0.9138017185601973,0.8516969278444173,0.9072974325481359,117,0.3281445559234213
0.75,265397,0.7500480443138141,0.2499519556861859,0.8639288818749967,0.13607111812500314,0.73712359829464,0.747101845861143,0.742,0.9650453110094629,0.9397422740497023,0.9625597595136564,117,0.3281445559234213
1.0,353840,1.0,0.0,1.0,6.908054375445419e-17,1.0,1.0,1.0,1.0,1.0,1.0,117,0.3281445559234213
0.0,0,0.0,1.0,0.26191017193450705,0.738089828065493,0.010875658244192085,0.09493499333578921,0.014222222222222223,0.34683176722158043,0.41277833597756136,0.35345912172438604,118,0.32764830828204033
0.01,3558,0.010055392267691612,0.9899446077323084,0.2720447619790921,0.727955238020908,0.017377575559557722,0.09757058924347504,0.017777777777777778,0.4158657243077357,0.44036908503489125,0.4131032829756416,118,0.32764830828204033
0.05,17709,0.050048044313814155,0.9499519556861858,0.311032770816463,0.6889672291835369,0.05148016048378622,0.10984960217393211,0.05022222222222221,0.5710614726119709,0.503680008804282,0.5461508169592546,118,0.32764830828204033
0.1,35401,0.10004804431381416,0.8999519556861858,0.35922176177549536,0.6407782382245047,0.10188148511717333,0.12704574767058466,0.1,0.6838317117841489,0.5616948479149684,0.6609090969285646,118,0.32764830828204033
0.2,70783,0.20004239204160074,0.7999576079583992,0.45097282661428745,0.5490271733857125,0.19889832498084212,0.19675436399146085,0.19622222222222221,0.7922816413807914,0.6601608881957435,0.7749428641604036,118,0.32764830828204033
0.3,106173,0.30005934885824104,0.699940651141759,0.5374695414117608,0.46253045858823927,0.2968761157704679,0.3010755621706468,0.29577777777777775,0.852358840695099,0.7471169362850328,0.8403866962002176,118,0.32764830828204033
0.5,176928,0.5000226090888538,0.49997739091114624,0.6956440657915702,0.30435593420842966,0.49795904646224226,0.5023728024558632,0.4935555555555556,0.9191296183082399,0.8566345334369171,0.9123931856850566,118,0.32764830828204033
0.75,265397,0.7500480443138141,0.2499519556861859,0.8643765924180328,0.13562340758196711,0.7482073674230473,0.7527883743114709,0.7522222222222225,0.9677395829927937,0.94227004709709,0.965122313124508,118,0.32764830828204033
1.0,353840,1.0,0.0,1.0,6.908054375445419e-17,1.0,1.0,1.0,1.0,1.0,1.0,118,0.32764830828204033
0.0,0,0.0,1.0,0.26191017193450705,0.738089828065493,0.010875658244192085,0.09493499333578921,0.014222222222222223,0.34683176722158043,0.41277833597756136,0.35345912172438604,119,0.3274214748251229
0.01,3558,0.010055392267691612,0.9899446077323084,0.2719833729778302,0.7280166270221697,0.017922713682281894,0.09801493754263661,0.01955555555555556,0.42012674151310303,0.442374832932602,0.41704955230998647,119,0.3274214748251229
0.05,17709,0.050048044313814155,0.9499519556861858,0.3112870389986775,0.6887129610013225,0.054259547890625606,0.10908214826438926,0.05155555555555554,0.5734871474962149,0.5052950797473261,0.5490686329475027,119,0.3274214748251229
0.1,35401,0.10004804431381416,0.8999519556861858,0.35908866068755824,0.6409113393124417,0.10009377046792378,0.1254837823922652,0.09866666666666665,0.683947511960268,0.5613781937770673,0.6611754370319012,119,0.3274214748251229
0.2,70783,0.20004239204160074,0.7999576079583992,0.45117866558328423,0.5488213344167158,0.20152543518815777,0.19888973338474658,0.20266666666666666,0.7971139850393483,0.6631078480171739,0.7793163800039749,119,0.3274214748251229
0.3,106173,0.30005934885824104,0.699940651141759,0.5383473935701726,0.4616526064298274,0.2932430533335187,0.29916602428082806,0.2946666666666667,0.8525760722074159,0.7466861453113626,0.8403314792667965,119,0.3274214748251229
0.5,176928,0.5000226090888538,0.49997739091114624,0.6962634043106347,0.3037365956893654,0.5003324667695633,0.49987899249656975,0.5035555555555555,0.921007274294335,0.8565394459605818,0.9142878172908079,119,0.3274214748251229
0.75,265397,0.7500480443138141,0.2499519556861859,0.8641178161609201,0.13588218383908007,0.7599856238430388,0.7537344234443974,0.7566666666666666,0.9715141427223435,0.944117090761698,0.9685627905817558,119,0.3274214748251229
1.0,353840,1.0,0.0,1.0,6.908054375445419e-17,1.0,1.0,1.0,1.0,1.0,1.0,119,0.3274214748251229
0.0,0,0.0,1.0,0.26191017193450705,0.738089828065493,0.010875658244192085,0.09493499333578921,0.014222222222222223,0.34683176722158043,0.41277833597756136,0.35345912172438604,120,0.3272309976755389
0.01,3558,0.010055392267691612,0.9899446077323084,0.27246279723022515,0.727537202769775,0.01677712352264869,0.09713716041869506,0.018888888888888893,0.4174720267838799,0.4414285075079655,0.4146950863960386,120,0.3272309976755389
0.05,17709,0.050048044313814155,0.9499519556861858,0.3121399188945408,0.6878600811054592,0.04780562102352254,0.10532148598671752,0.04666666666666667,0.5634377685510927,0.5010539734148413,0.5399256299938079,120,0.3272309976755389
0.1,35401,0.10004804431381416,0.8999519556861858,0.35959782754151587,0.6404021724584842,0.09691933686872035,0.1244190741636637,0.09533333333333335,0.6797267124567998,0.558995708195828,0.6569489921789587,120,0.3272309976755389
0.2,70783,0.20004239204160074,0.7999576079583992,0.45230850306040626,0.5476914969395937,0.20348402376543687,0.19833791688795527,0.1995555555555555,0.7951421455118427,0.6606946145827866,0.777725908079392,120,0.3272309976755389
0.3,106173,0.30005934885824104,0.699940651141759,0.538295915237967,0.4617040847620329,0.30266566493406183,0.3001002099529367,0.30111111111111116,0.8531669460161972,0.7466310641692793,0.8410278590387539,120,0.3272309976755389
0.5,176928,0.5000226090888538,0.49997739091114624,0.6961328882868244,0.3038671117131755,0.5078592597958409,0.5054849142477392,0.5086666666666666,0.9216357074576725,0.858399329372277,0.9151452083400435,120,0.3272309976755389
0.75,265397,0.7500480443138141,0.2499519556861859,0.8642218767222005,0.13577812327779978,0.7463641475582276,0.7563403606537994,0.7479999999999999,0.9670028055377862,0.9425609042545967,0.9644241983758739,120,0.3272309976755389
1.0,353840,1.0,0.0,1.0,6.908054375445419e-17,1.0,1.0,1.0,1.0,1.0,1.0,120,0.3272309976755389
0.0,0,0.0,1.0,0.26191017193450705,0.738089828065493,0.010875658244192085,0.09493499333578921,0.014222222222222223,0.34683176722158043,0.41277833597756136,0.35345912172438604,121,0.32735869442262455
0.01,3558,0.010055392267691612,0.9899446077323084,0.272042569062959,0.7279574309370409,0.016807941503147003,0.09818289994160515,0.018888888888888893,0.4188753538012167,0.4417109730764498,0.41590439672779705,121,0.32735869442262455
0.05,17709,0.050048044313814155,0.9499519556861858,0.3113229016135277,0.6886770983864723,0.0537184995393817,0.11091065893738539,0.05333333333333333,0.5766052123014406,0.5058890600771657,0.5515170825613336,121,0.32735869442262455
0.1,35401,0.10004804431381416,0.8999519556861858,0.3593412762705033,0.6406587237294967,0.0988602279463185,0.12952184684243445,0.09711111111111112,0.6854741434718195,0.5615782450201305,0.6625439850205538,121,0.32735869442262455
0.2,70783,0.20004239204160074,0.7999576079583992,0.45191937200405596,0.548080627995944,0.20668483788528766,0.20569163209201083,0.20311111111111116,0.7996450473380253,0.665037662448052,0.7825461726356896,121,0.32735869442262455
0.3,106173,0.30005934885824104,0.699940651141759,0.5382815388400586,0.46171846115994136,0.3058113577259757,0.30533103530953276,0.30311111111111116,0.8551626266177418,0.7491644247222606,0.8428442202203063,121,0.32735869442262455
0.5,176928,0.5000226090888538,0.49997739091114624,0.6959448051175479,0.3040551948824521,0.49853680583934934,0.5035257873808564,0.4971111111111111,0.9205557152384843,0.8572270398109413,0.9137853094410725,121,0.32735869442262455
0.75,265397,0.7500480443138141,0.2499519556861859,0.8643107276226168,0.13568927237738318,0.7547500784025687,0.7541200807744418,0.7511111111111111,0.9687759250867324,0.9425465458869672,0.9660234237801557,121,0.32735869442262455
1.0,353840,1.0,0.0,1.0,6.908054375445419e-17,1.0,1.0,1.0,1.0,1.0,1.0,121,0.32735869442262455
0.0,0,0.0,1.0,0.26191017193450705,0.738089828065493,0.010875658244192085,0.09493499333578921,0.014222222222222223,0.34683176722158043,0.41277833597756136,0.35345912172438604,122,0.3275823949926162
0.01,3558,0.010055392267691612,0.9899446077323084,0.271843596273011,0.728156403726989,0.014994508295921269,0.09807929377197167,0.017777777777777778,0.41583496365245115,0.4408948062774363,0.4126949709833945,122,0.3275823949926162
0.05,17709,0.050048044313814155,0.9499519556861858,0.3109597474992507,0.6890402525007495,0.05014411545770442,0.11000636629454377,0.05244444444444443,0.5681657322598871,0.5028076008394168,0.544211585814396,122,0.3275823949926162
0.1,35401,0.10004804431381416,0.8999519556861858,0.3592234909630558,0.6407765090369443,0.09542265823186025,0.12622650113141962,0.0991111111111111,0.6804735892651094,0.5593118320689058,0.6580068199388578,122,0.3275823949926162
0.2,70783,0.20004239204160074,0.7999576079583992,0.4508801926185983,0.5491198073814018,0.19353419407180494,0.19836496208911394,0.19688888888888892,0.7933321393245693,0.661013770902911,0.7762315391438313,122,0.3275823949926162
0.3,106173,0.30005934885824104,0.699940651141759,0.5373556730246966,0.4626443269753034,0.29585516211302715,0.2984197802226519,0.29733333333333334,0.8506128009813344,0.7452636455761742,0.8381919571272789,122,0.3275823949926162
0.5,176928,0.5000226090888538,0.49997739091114624,0.695904598467232,0.30409540153276793,0.5049978018436764,0.49874700764626617,0.5033333333333333,0.9210154456761364,0.8561561146757711,0.9143315305930985,122,0.3275823949926162
0.75,265397,0.7500480443138141,0.2499519556861859,0.8645439121310897,0.1354560878689102,0.7524012020022218,0.7513690656022064,0.7526666666666666,0.9691504623622889,0.9427696993786054,0.9663444204865221,122,0.3275823949926162
1.0,353840,1.0,0.0,1.0,6.908054375445419e-17,1.0,1.0,1.0,1.0,1.0,1.0,122,0.3275823949926162
0.0,0,0.0,1.0,0.26191017193450705,0.738089828065493,0.010875658244192085,0.09493499333578921,0.014222222222222223,0.34683176722158043,0.41277833597756136,0.35345912172438604,123,0.3280089559772559
0.01,3558,0.010055392267691612,0.9899446077323084,0.2719883375086952,0.7280116624913048,0.016493068779476646,0.09785096228065703,0.01977777777777778,0.41820001318243316,0.44160882948138797,0.4160592630240827,123,0.3280089559772559
0.05,17709,0.050048044313814155,0.9499519556861858,0.31065261179287906,0.6893473882071212,0.043826231638538125,0.10933290320535265,0.04666666666666666,0.5657196554227271,0.5017603688439997,0.5420233002786955,123,0.3280089559772559
0.1,35401,0.10004804431381416,0.8999519556861858,0.35845134971035575,0.6415486502896441,0.09422746986803994,0.12541794991843025,0.09666666666666666,0.680098722483697,0.5590184332699198,0.6572968376464287,123,0.3280089559772559
0.2,70783,0.20004239204160074,0.7999576079583992,0.4503661314184532,0.5496338685815468,0.19441408369286436,0.19864511234207505,0.19622222222222221,0.7901024549206968,0.6590783212058189,0.7734476971226418,123,0.3280089559772559
0.3,106173,0.30005934885824104,0.699940651141759,0.5371818234852728,0.4628181765147272,0.29917183639059614,0.2975215655829034,0.2982222222222222,0.8511506225793501,0.7446514772131537,0.8386761530505698,123,0.3280089559772559
0.5,176928,0.5000226090888538,0.49997739091114624,0.695488753924853,0.30451124607514696,0.4981110979605624,0.5006433613014826,0.4966666666666667,0.9176453506757025,0.8546993098997283,0.9112136241436196,123,0.3280089559772559
0.75,265397,0.7500480443138141,0.2499519556861859,0.8637942494571378,0.13620575054286224,0.7442078528608149,0.7529061138868853,0.7386666666666667,0.9672849066670332,0.9411908936637607,0.9643624115648641,123,0.3280089559772559
1.0,353840,1.0,0.0,1.0,6.908054375445419e-17,1.0,1.0,1.0,1.0,1.0,1.0,123,0.3280089559772559
0.0,0,0.0,1.0,0.26191017193450705,0.738089828065493,0.010875658244192085,0.09493499333578921,0.014222222222222223,0.34683176722158043,0.41277833597756136,0.35345912172438604,124,0.32775228293461867
0.01,3558,0.010055392267691612,0.9899446077323084,0.27180835587214935,0.7281916441278509,0.019098569257747004,0.09698573599855832,0.020222222222222225,0.4190730060532637,0.4419552575379297,0.41643036562755165,124,0.32775228293461867
0.05,17709,0.050048044313814155,0.9499519556861858,0.31059844287249055,0.6894015571275094,0.04990826204867165,0.1089709076386888,0.050888888888888886,0.571748960964004,0.5041592256619285,0.5475690551142179,124,0.32775228293461867
0.1,35401,0.10004804431381416,0.8999519556861858,0.35889604647754986,0.64110395352245,0.10335247456878068,0.12805725374887744,0.10533333333333333,0.6875042876739819,0.5630445262743824,0.6639135778747737,124,0.32775228293461867
0.2,70783,0.20004239204160074,0.7999576079583992,0.4497168950587263,0.5502831049412737,0.20806338116568623,0.2030221274294453,0.21,0.7988157482150543,0.6641938287505195,0.7814439594872404,124,0.32775228293461867
0.3,106173,0.30005934885824104,0.699940651141759,0.5370338918933889,0.4629661081066111,0.30121007616197715,0.3025145400508226,0.3068888888888889,0.854795076350448,0.7483496430065089,0.8426326723649472,124,0.32775228293461867
0.5,176928,0.5000226090888538,0.49997739091114624,0.6956896778496708,0.30431032215032916,0.4952250401428169,0.49919168433627753,0.5026666666666665,0.9200093711070026,0.855996192873147,0.9133069235066507,124,0.32775228293461867
0.75,265397,0.7500480443138141,0.2499519556861859,0.8648829872578007,0.1351170127421991,0.756035398634428,0.7524897576022044,0.757111111111111,0.9707850816625796,0.9434456469680814,0.9679427835741533,124,0.32775228293461867
1.0,353840,1.0,0.0,1.0,6.908054375445419e-17,1.0,1.0,1.0,1.0,1.0,1.0,124,0.32775228293461867
0.0,0,0.0,1.0,0.26191017193450705,0.738089828065493,0.010875658244192085,0.09493499333578921,0.014222222222222223,0.34683176722158043,0.41277833597756136,0.35345912172438604,125,0.32732179830801317
0.01,3558,0.010055392267691612,0.9899446077323084,0.27195717468452285,0.7280428253154771,0.018517541618009038,0.09835686544237085,0.02066666666666667,0.42076783244428106,0.4426357570694765,0.4181156703121487,125,0.32732179830801317
0.05,17709,0.050048044313814155,0.9499519556861858,0.31085852480176773,0.6891414751982321,0.05395386919338074,0.10796059423290517,0.05333333333333333,0.5708361283743865,0.5037824336663105,0.5464303708757594,125,0.32732179830801317
0.1,35401,0.10004804431381416,0.8999519556861858,0.35863027665633007,0.64136972334367,0.1060729407487257,0.12663470586048528,0.10555555555555554,0.686921884446017,0.5627437699181573,0.6635233475086879,125,0.32732179830801317
0.2,70783,0.20004239204160074,0.7999576079583992,0.4512696463960409,0.5487303536039592,0.20800839149553113,0.1998254623888832,0.2066666666666667,0.7972091467070953,0.6642310806977371,0.7799958845221312,125,0.32732179830801317
0.3,106173,0.30005934885824104,0.699940651141759,0.539044812378363,0.4609551876216369,0.31099944790591255,0.2999739892100702,0.3088888888888889,0.8578782579517334,0.7503494076347066,0.8453177086613002,125,0.32732179830801317
0.5,176928,0.5000226090888538,0.49997739091114624,0.697025515011831,0.302974484988169,0.4994634539376062,0.5014721956898185,0.4991111111111111,0.9206074870091513,0.8568880132127477,0.913665221286134,125,0.32732179830801317
0.75,265397,0.7500480443138141,0.2499519556861859,0.8635930566595119,0.13640694334048797,0.7379140205014919,0.7493782513772476,0.7411111111111112,0.967263560289322,0.9408807604776788,0.9643137181931253,125,0.32732179830801317
1.0,353840,1.0,0.0,1.0,6.908054375445419e-17,1.0,1.0,1.0,1.0,1.0,1.0,125,0.32732179830801317
0.0,0,0.0,1.0,0.26191017193450705,0.738089828065493,0.010875658244192085,0.09493499333578921,0.014222222222222223,0.34683176722158043,0.41277833597756136,0.35345912172438604,126,0.3279939269612679
0.01,3558,0.010055392267691612,0.9899446077323084,0.27182842071697944,0.7281715792830206,0.017151224296524846,0.09790083734313833,0.021111111111111112,0.42005153805087614,0.4418706970748874,0.4165463067302889,126,0.3279939269612679
0.05,17709,0.050048044313814155,0.9499519556861858,0.31094197170554244,0.6890580282944575,0.047730325893189415,0.10749712110624575,0.0511111111111111,0.5679489524770052,0.5020917365051143,0.5438962695684824,126,0.3279939269612679
0.1,35401,0.10004804431381416,0.8999519556861858,0.3589142320246299,0.6410857679753702,0.10191056528820101,0.12798645895979968,0.10555555555555556,0.6855177615086118,0.5610884656679586,0.662319070379244,126,0.3279939269612679
0.2,70783,0.20004239204160074,0.7999576079583992,0.4512370380259394,0.5487629619740607,0.20315248990442625,0.1988560025946849,0.20377777777777778,0.7960880919539944,0.6619289658180845,0.7787641878355854,126,0.3279939269612679
0.3,106173,0.30005934885824104,0.699940651141759,0.5373571561203583,0.4626428438796418,0.3049268680508844,0.3002255072401135,0.30466666666666664,0.8532569636276703,0.7471164578964158,0.841106337665362,126,0.3279939269612679
0.5,176928,0.5000226090888538,0.49997739091114624,0.6949943231629286,0.3050056768370713,0.505394023531317,0.49789418409607594,0.5073333333333334,0.9192882804431454,0.8557428049966745,0.9126763587844028,126,0.3279939269612679
0.75,265397,0.7500480443138141,0.2499519556861859,0.8636708285219419,0.1363291714780579,0.7500113745072249,0.7486801087537118,0.7524444444444445,0.9675322691343128,0.9415628165140207,0.9648878844076751,126,0.3279939269612679
1.0,353840,1.0,0.0,1.0,6.908054375445419e-17,1.0,1.0,1.0,1.0,1.0,1.0,126,0.3279939269612679
0.0,0,0.0,1.0,0.26191017193450705,0.738089828065493,0.010875658244192085,0.09493499333578921,0.014222222222222223,0.34683176722158043,0.41277833597756136,0.35345912172438604,127,0.32757338447447815
0.01,3558,0.010055392267691612,0.9899446077323084,0.2720322363665527,0.7279677636334472,0.019575634479262884,0.09806957813622225,0.02155555555555556,0.4222410044886275,0.44266146585872423,0.41858164718454544,127,0.32757338447447815
0.05,17709,0.050048044313814155,0.9499519556861858,0.31171372885335713,0.688286271146643,0.051910838808666045,0.11079322856917473,0.05155555555555555,0.5772554810591163,0.5064511895269795,0.5519268772495906,127,0.32757338447447815
0.1,35401,0.10004804431381416,0.8999519556861858,0.35897677086677915,0.6410232291332209,0.10054078766213169,0.12886816813669366,0.10044444444444443,0.6880880165956894,0.5631804089865229,0.6655849637337181,127,0.32757338447447815
0.2,70783,0.20004239204160074,0.7999576079583992,0.451310309446353,0.5486896905536471,0.20558802558770195,0.20440468698101102,0.20644444444444446,0.8001105480115285,0.6659789261184758,0.7828153187818674,127,0.32757338447447815
0.3,106173,0.30005934885824104,0.699940651141759,0.5384129577380431,0.4615870422619569,0.3040616155927776,0.30206158976524167,0.30266666666666664,0.8542538475643908,0.7480630596364113,0.8418701117970525,127,0.32757338447447815
0.5,176928,0.5000226090888538,0.49997739091114624,0.6957550691197569,0.3042449308802431,0.5051883081475782,0.5028369386903678,0.5091111111111111,0.9217495578644882,0.857259485693237,0.9150499025636134,127,0.32757338447447815
0.75,265397,0.7500480443138141,0.2499519556861859,0.8638275349321479,0.13617246506785222,0.7612276005449963,0.7546970573339643,0.7628888888888888,0.969700490279867,0.9437267445679163,0.9672125693221229,127,0.32757338447447815
1.0,353840,1.0,0.0,1.0,6.908054375445419e-17,1.0,1.0,1.0,1.0,1.0,1.0,127,0.32757338447447815
0.0,0,0.0,1.0,0.26191017193450705,0.738089828065493,0.010875658244192085,0.09493499333578921,0.014222222222222223,0.34683176722158043,0.41277833597756136,0.35345912172438604,128,0.3276449712902785
0.01,3558,0.010055392267691612,0.9899446077323084,0.2717060764116296,0.7282939235883705,0.015750281560513685,0.09763359060213127,0.018888888888888893,0.4145407216124272,0.43977401065125776,0.41230402025935387,128,0.3276449712902785
0.05,17709,0.050048044313814155,0.9499519556861858,0.3110126802427376,0.6889873197572624,0.049338073079287566,0.108591450195885,0.04844444444444445,0.5708880246385404,0.5041265050876658,0.5467420722447687,128,0.3276449712902785
0.1,35401,0.10004804431381416,0.8999519556861858,0.35909471686370714,0.6409052831362929,0.10059569216811774,0.12613675953054637,0.10244444444444445,0.6839280745548987,0.5619454240556289,0.661398741112628,128,0.3276449712902785
0.2,70783,0.20004239204160074,0.7999576079583992,0.45079733214936185,0.5492026678506382,0.2038293638224708,0.20012264649958544,0.20422222222222225,0.7980545414024987,0.664199524144278,0.7803853398857608,128,0.3276449712902785
0.3,106173,0.30005934885824104,0.699940651141759,0.5377516242911522,0.46224837570884775,0.3007316430723623,0.2986264983056312,0.3035555555555556,0.8541972865909847,0.7468203110083579,0.8415112060859751,128,0.3276449712902785
0.5,176928,0.5000226090888538,0.49997739091114624,0.6957357524837123,0.3042642475162878,0.5107648952617249,0.49918611641493255,0.5088888888888888,0.9216413140982771,0.85660232913994,0.9147433638282683,128,0.3276449712902785
0.75,265397,0.7500480443138141,0.2499519556861859,0.8642840125817343,0.13571598741826577,0.7668807560779595,0.7549852316237985,0.7653333333333333,0.9703471894402951,0.943841347247393,0.967698215269914,128,0.3276449712902785
1.0,353840,1.0,0.0,1.0,6.908054375445419e-17,1.0,1.0,1.0,1.0,1.0,1.0,128,0.3276449712902785
0.0,0,0.0,1.0,0.26191017193450705,0.738089828065493,0.010875658244192085,0.09493499333578921,0.014222222222222223,0.34683176722158043,0.41277833597756136,0.35345912172438604,129,0.32722021151367287
0.01,3558,0.010055392267691612,0.9899446077323084,0.27177158468939444,0.7282284153106056,0.016027277918193084,0.09709428849085866,0.019111111111111113,0.4156537932870956,0.4404635076326258,0.4130514363150092,129,0.32722021151367287
0.05,17709,0.050048044313814155,0.9499519556861858,0.3114022107664842,0.6885977892335159,0.04878910390757527,0.10727326786285438,0.04933333333333334,0.5677190068998778,0.5027135976576382,0.5436630671536128,129,0.32722021151367287
0.1,35401,0.10004804431381416,0.8999519556861858,0.35961842232627905,0.6403815776737211,0.10394184780471395,0.12876150460321747,0.10266666666666667,0.6863016232822082,0.5632417291533016,0.6634903982076997,129,0.32722021151367287
0.2,70783,0.20004239204160074,0.7999576079583992,0.4519398646775023,0.5480601353224978,0.20909722236445896,0.20052380602400147,0.20533333333333334,0.7984734204117029,0.6645690510116212,0.780699516037308,129,0.32722021151367287
0.3,106173,0.30005934885824104,0.699940651141759,0.5388086641557823,0.46119133584421773,0.3116858537027969,0.3001940417441951,0.3075555555555556,0.8572628067275986,0.7485721588234332,0.8443878173415705,129,0.32722021151367287
0.5,176928,0.5000226090888538,0.49997739091114624,0.6965008511913651,0.30349914880863504,0.5122225760552919,0.5028861485180658,0.5099999999999999,0.9250374896155609,0.8591333914042416,0.9181167032775877,129,0.32722021151367287
0.75,265397,0.7500480443138141,0.2499519556861859,0.8639694723769381,0.13603052762306175,0.7557557095190265,0.7539743093371298,0.7582222222222221,0.9706878472370436,0.9440490717172219,0.9678996536776376,129,0.32722021151367287
1.0,353840,1.0,0.0,1.0,6.908054375445419e-17,1.0,1.0,1.0,1.0,1.0,1.0,129,0.32722021151367287
0.0,0,0.0,1.0,0.26191017193450705,0.738089828065493,0.010875658244192085,0.09493499333578921,0.014222222222222223,0.34683176722158043,0.41277833597756136,0.35345912172438604,130,0.32797157334720495
0.01,3558,0.010055392267691612,0.9899446077323084,0.2719108169226257,0.7280891830773741,0.020222639383327412,0.09839404429888705,0.022222222222222223,0.41824423701745084,0.442177081393825,0.4157399449271766,130,0.32797157334720495
0.05,17709,0.050048044313814155,0.9499519556861858,0.3116068797809208,0.6883931202190792,0.04832075349421971,0.10865866983969365,0.04644444444444444,0.5647143782691467,0.5018801346142368,0.5408949416590383,130,0.32797157334720495
0.1,35401,0.10004804431381416,0.8999519556861858,0.3591825331598379,0.6408174668401622,0.09932506316673673,0.12640635769151098,0.09711111111111109,0.6813835058764759,0.5601402187615993,0.6588847927902024,130,0.32797157334720495
0.2,70783,0.20004239204160074,0.7999576079583992,0.45094673353438314,0.5490532664656169,0.1885789105752984,0.19742746403803918,0.18533333333333332,0.7874859281293515,0.6590030030584056,0.7707183734042241,130,0.32797157334720495
0.3,106173,0.30005934885824104,0.699940651141759,0.5376301514421972,0.46236984855780283,0.2897089564603263,0.3011610448388034,0.29000000000000004,0.8510629675352368,0.7462638278577812,0.8389394846333794,130,0.32797157334720495
0.5,176928,0.5000226090888538,0.49997739091114624,0.695010383822145,0.3049896161778551,0.48743267992627765,0.4978073220362475,0.49111111111111105,0.9176815136201297,0.8538790684212852,0.9110279149936876,130,0.32797157334720495
0.75,265397,0.7500480443138141,0.2499519556861859,0.8634897139991105,0.13651028600088963,0.7400898342681671,0.7462545739916557,0.7413333333333333,0.9672046208640471,0.9400710455864465,0.9643371533181468,130,0.32797157334720495
1.0,353840,1.0,0.0,1.0,6.908054375445419e-17,1.0,1.0,1.0,1.0,1.0,1.0,130,0.32797157334720495
0.0,0,0.0,1.0,0.26191017193450705,0.738089828065493,0.010875658244192085,0.09493499333578921,0.014222222222222223,0.34683176722158043,0.41277833597756136,0.35345912172438604,131,0.3280556549741229
0.01,3558,0.010055392267691612,0.9899446077323084,0.27214531488332294,0.7278546851166772,0.017069147031945266,0.09926065301382167,0.020000000000000004,0.4237237910194039,0.4438288789149397,0.42078795172883554,131,0.3280556549741229
0.05,17709,0.050048044313814155,0.9499519556861858,0.3116033602119126,0.6883966397880874,0.04663024940893806,0.10802592304934912,0.04644444444444444,0.5701749956647123,0.5035601609903817,0.5458995926241429,131,0.3280556549741229
0.1,35401,0.10004804431381416,0.8999519556861858,0.35913809498806015,0.6408619050119398,0.09401767801563796,0.126616767268927,0.09177777777777778,0.6777378987381472,0.5588617227751088,0.6554658870507462,131,0.3280556549741229
0.2,70783,0.20004239204160074,0.7999576079583992,0.45052770245136664,0.5494722975486334,0.19625630814006295,0.20024782394774748,0.1926666666666667,0.7923524117336086,0.6613396128883069,0.7755677438489406,131,0.3280556549741229
0.3,106173,0.30005934885824104,0.699940651141759,0.5368909875075518,0.4631090124924482,0.2971708787332933,0.2977871078737252,0.29666666666666663,0.8524463399146591,0.7460928468436151,0.8399545516502815,131,0.3280556549741229
0.5,176928,0.5000226090888538,0.49997739091114624,0.6950495741276453,0.3049504258723546,0.4918303086912574,0.49609518684681814,0.4908888888888889,0.9189910964270742,0.8540539705739034,0.9118612451374731,131,0.3280556549741229
0.75,265397,0.7500480443138141,0.2499519556861859,0.8637197106160083,0.1362802893839917,0.7405514133330892,0.7470663825867624,0.7422222222222222,0.9660951633271355,0.9398955777114758,0.9633817090915848,131,0.3280556549741229
1.0,353840,1.0,0.0,1.0,6.908054375445419e-17,1.0,1.0,1.0,1.0,1.0,1.0,131,0.3280556549741229
0.0,0,0.0,1.0,0.26191017193450705,0.738089828065493,0.010875658244192085,0.09493499333578921,0.014222222222222223,0.34683176722158043,0.41277833597756136,0.35345912172438604,132,0.3276813285304312
0.01,3558,0.010055392267691612,0.9899446077323084,0.2720510343657653,0.7279489656342347,0.017330551637379774,0.09885820328342433,0.01911111111111111,0.42220413798808376,0.4431612489921567,0.4193970826516158,132,0.3276813285304312
0.05,17709,0.050048044313814155,0.9499519556861858,0.3113327684218703,0.6886672315781297,0.054734695162546074,0.11099846273881528,0.05244444444444445,0.5753479650535231,0.5058008394923976,0.5506469729598796,132,0.3276813285304312
0.1,35401,0.10004804431381416,0.8999519556861858,0.3592012250562311,0.6407987749437689,0.10517896231155976,0.1290023670652123,0.10266666666666667,0.6862624393345732,0.5625332318480211,0.6636620814184068,132,0.3276813285304312
0.2,70783,0.20004239204160074,0.7999576079583992,0.4517171059271115,0.5482828940728884,0.20401209420607008,0.2040500854592846,0.20333333333333334,0.796524403006515,0.6647662182795515,0.779816423472753,132,0.3276813285304312
0.3,106173,0.30005934885824104,0.699940651141759,0.5378694418879084,0.4621305581120917,0.2967471015673951,0.30535699896191243,0.3031111111111111,0.8513471911540555,0.7485108493386168,0.8397651340901664,132,0.3276813285304312
0.5,176928,0.5000226090888538,0.49997739091114624,0.6952834775174627,0.3047165224825372,0.49188110780561467,0.5019899977517539,0.49644444444444447,0.9181027948130221,0.8558215295506802,0.9117590323030766,132,0.3276813285304312
0.75,265397,0.7500480443138141,0.2499519556861859,0.8639828996826675,0.1360171003173326,0.7338157324398805,0.7486568194771394,0.7348888888888887,0.9654121797062718,0.9400949332472349,0.9627375168415916,132,0.3276813285304312
1.0,353840,1.0,0.0,1.0,6.908054375445419e-17,1.0,1.0,1.0,1.0,1.0,1.0,132,0.3276813285304312
0.0,0,0.0,1.0,0.26191017193450705,0.738089828065493,0.010875658244192085,0.09493499333578921,0.014222222222222223,0.34683176722158043,0.41277833597756136,0.35345912172438604,133,0.3279484861578788
0.01,3558,0.010055392267691612,0.9899446077323084,0.2720213200155379,0.727978679984462,0.016023252207682043,0.09844156687897179,0.018888888888888893,0.4198797642503377,0.44253131553010494,0.4175453344249435,133,0.3279484861578788
0.05,17709,0.050048044313814155,0.9499519556861858,0.31068525482580495,0.6893147451741951,0.043487196538598075,0.106950445843719,0.046,0.564733079670432,0.5012204435657956,0.5411084288738237,133,0.3279484861578788
0.1,35401,0.10004804431381416,0.8999519556861858,0.3585025635723797,0.6414974364276204,0.09596128269865452,0.1263480978438516,0.09533333333333334,0.680314518771146,0.5596815516402527,0.6576594213870982,133,0.3279484861578788
0.2,70783,0.20004239204160074,0.7999576079583992,0.4497980412172429,0.5502019587827571,0.19533554620029045,0.19728590503796126,0.1975555555555556,0.7919461499237087,0.6603988401637747,0.7748673666322969,133,0.3279484861578788
0.3,106173,0.30005934885824104,0.699940651141759,0.5367627285749239,0.46323727142507604,0.2907752939842553,0.2979655737107526,0.29533333333333334,0.8508619929682892,0.7448056869666109,0.8388479456899576,133,0.3279484861578788
0.5,176928,0.5000226090888538,0.49997739091114624,0.6957231937131156,0.30427680628688436,0.48661942788794144,0.49711930440005075,0.48977777777777776,0.9180791686507561,0.8540986350291173,0.9111651861388467,133,0.3279484861578788
0.75,265397,0.7500480443138141,0.2499519556861859,0.8642793091822291,0.13572069081777108,0.748234845666567,0.748032993399874,0.7513333333333334,0.9678524914814084,0.9413153975525248,0.9651110799143177,133,0.3279484861578788
1.0,353840,1.0,0.0,1.0,6.908054375445419e-17,1.0,1.0,1.0,1.0,1.0,1.0,133,0.3279484861578788
0.0,0,0.0,1.0,0.26191017193450705,0.738089828065493,0.010875658244192085,0.09493499333578921,0.014222222222222223,0.34683176722158043,0.41277833597756136,0.35345912172438604,134,0.3286144300155466
0.01,3558,0.010055392267691612,0.9899446077323084,0.2718138381678568,0.7281861618321429,0.016603337840481704,0.09816199080856729,0.019333333333333334,0.4205829793120335,0.4422617248647592,0.41750517699750284,134,0.3286144300155466
0.05,17709,0.050048044313814155,0.9499519556861858,0.3109490030018108,0.6890509969981893,0.05068785842355116,0.10942811285359216,0.05044444444444444,0.5742022084942464,0.5049440669262881,0.5494603243282081,134,0.3286144300155466
0.1,35401,0.10004804431381416,0.8999519556861858,0.35876523464195725,0.6412347653580427,0.09544393039997316,0.12897725971002394,0.09444444444444443,0.6847762663019136,0.5623600070220427,0.6623692888514814,134,0.3286144300155466
0.2,70783,0.20004239204160074,0.7999576079583992,0.4501738055491965,0.5498261944508035,0.19407952453084773,0.2007898162249993,0.19377777777777774,0.7928406196695462,0.6621344272391457,0.776128060635739,134,0.3286144300155466
0.3,106173,0.30005934885824104,0.699940651141759,0.5361292578484593,0.46387074215154067,0.2882392911475604,0.3007996202782818,0.28888888888888886,0.8517219100129264,0.7464138345665505,0.8395945658176185,134,0.3286144300155466
0.5,176928,0.5000226090888538,0.49997739091114624,0.6944071318446225,0.3055928681553774,0.48035053141401934,0.49951447014337336,0.48577777777777775,0.9183692783923068,0.8550113338233161,0.9115115925450007,134,0.3286144300155466
0.75,265397,0.7500480443138141,0.2499519556861859,0.8629241405178049,0.13707585948219514,0.7459216391114221,0.7502128844423622,0.7491111111111112,0.969202827838796,0.9421030399657975,0.9662773535697365,134,0.3286144300155466
1.0,353840,1.0,0.0,1.0,6.908054375445419e-17,1.0,1.0,1.0,1.0,1.0,1.0,134,0.3286144300155466
0.0,0,0.0,1.0,0.26191017193450705,0.738089828065493,0.010875658244192085,0.09493499333578921,0.014222222222222223,0.34683176722158043,0.41277833597756136,0.35345912172438604,135,0.3283739224528225
0.01,3558,0.010055392267691612,0.9899446077323084,0.2720542831773567,0.7279457168226432,0.014004160704096881,0.09779576721300451,0.017333333333333336,0.4179543913840725,0.44173384670087473,0.41567113348689777,135,0.3283739224528225
0.05,17709,0.050048044313814155,0.9499519556861858,0.31078728968254027,0.6892127103174598,0.04677245922644123,0.10870719323508887,0.047777777777777766,0.5686828475126465,0.5033592028870059,0.5450742997039053,135,0.3283739224528225
0.1,35401,0.10004804431381416,0.8999519556861858,0.35876857127674977,0.6412314287232502,0.09595538082476832,0.12714466631197588,0.0968888888888889,0.6834739225161239,0.5611856311477098,0.6609390196695782,135,0.3283739224528225
0.2,70783,0.20004239204160074,0.7999576079583992,0.45003853973891556,0.5499614602610845,0.19977172321670997,0.2003158698903693,0.19955555555555557,0.7959233803540692,0.6635250185238954,0.7788549569936833,135,0.3283739224528225
0.3,106173,0.30005934885824104,0.699940651141759,0.5367869580664392,0.46321304193356083,0.2967242450070441,0.2964093931665551,0.29733333333333334,0.853249612392134,0.7463921223219366,0.8405678870108747,135,0.3283739224528225
0.5,176928,0.5000226090888538,0.49997739091114624,0.6943069530754256,0.30569304692457455,0.48141628379243856,0.49121483479498157,0.4862222222222222,0.9167213873348713,0.8526624503995478,0.9098283430095734,135,0.3283739224528225
0.75,265397,0.7500480443138141,0.2499519556861859,0.8636399144993345,0.13636008550066575,0.746342185835407,0.7487895107188933,0.7462222222222222,0.9675374470370951,0.941241971083433,0.9647135953748773,135,0.3283739224528225
1.0,353840,1.0,0.0,1.0,6.908054375445419e-17,1.0,1.0,1.0,1.0,1.0,1.0,135,0.3283739224528225
0.0,0,0.0,1.0,0.26191017193450705,0.738089828065493,0.010875658244192085,0.09493499333578921,0.014222222222222223,0.34683176722158043,0.41277833597756136,0.35345912172438604,136,0.3274221639240361
0.01,3558,0.010055392267691612,0.9899446077323084,0.2719966585146018,0.7280033414853982,0.016231741343737647,0.09788387028087812,0.019333333333333334,0.42132749547647586,0.44277683774481597,0.41846618222197246,136,0.3274221639240361
0.05,17709,0.050048044313814155,0.9499519556861858,0.31076064511771373,0.6892393548822864,0.04997164369256963,0.10859339448553512,0.04977777777777776,0.5731759269973404,0.5050474268788506,0.5485416374325432,136,0.3274221639240361
0.1,35401,0.10004804431381416,0.8999519556861858,0.3592523158271688,0.6407476841728312,0.10347178864483454,0.12901469584325384,0.104,0.6902085186678691,0.5633049134760836,0.666472986053197,136,0.3274221639240361
0.2,70783,0.20004239204160074,0.7999576079583992,0.450949347088977,0.549050652911023,0.20062939964766693,0.19710753321171406,0.19955555555555557,0.7962021096793166,0.6610836205193957,0.7785782961694613,136,0.3274221639240361
0.3,106173,0.30005934885824104,0.699940651141759,0.5381662009576456,0.4618337990423545,0.30202575439315604,0.2972770974382142,0.29844444444444446,0.8540270859687638,0.7460425535724974,0.8414876457501765,136,0.3274221639240361
0.5,176928,0.5000226090888538,0.49997739091114624,0.6964195826301067,0.3035804173698932,0.5067972631077442,0.4992937558318832,0.5011111111111112,0.9210477292783794,0.8567738750560085,0.9142707809315169,136,0.3274221639240361
0.75,265397,0.7500480443138141,0.2499519556861859,0.8642192670177211,0.1357807329822788,0.7576313720140087,0.7497460661001715,0.7557777777777778,0.9685927815412498,0.9422505858104469,0.966030659017002,136,0.3274221639240361
1.0,353840,1.0,0.0,1.0,6.908054375445419e-17,1.0,1.0,1.0,1.0,1.0,1.0,136,0.3274221639240361
0.0,0,0.0,1.0,0.26191017193450705,0.738089828065493,0.010875658244192085,0.09493499333578921,0.014222222222222223,0.34683176722158043,0.41277833597756136,0.35345912172438604,137,0.327981189265726
0.01,3558,0.010055392267691612,0.9899446077323084,0.27186982700089235,0.7281301729991075,0.017403451471493334,0.09799642832901605,0.01911111111111111,0.4162756195360925,0.44112249296766753,0.4138473137083513,137,0.327981189265726
0.05,17709,0.050048044313814155,0.9499519556861858,0.3111168430095544,0.6888831569904458,0.052711069282514955,0.10851568473899555,0.05177777777777777,0.5683729995420974,0.503000637223628,0.5437726678695642,137,0.327981189265726
0.1,35401,0.10004804431381416,0.8999519556861858,0.35900284676360694,0.6409971532363931,0.10415796403536749,0.12728667552392886,0.10133333333333334,0.6821473365240796,0.5594853531758357,0.6589567534197212,137,0.327981189265726
0.2,70783,0.20004239204160074,0.7999576079583992,0.45045704176443685,0.5495429582355631,0.20832624076557388,0.20047604644289854,0.2046666666666667,0.7956641679739926,0.6613983646482862,0.7781975394662896,137,0.327981189265726
0.3,106173,0.30005934885824104,0.699940651141759,0.5372413265731925,0.4627586734268076,0.30969484666540076,0.29819345407592895,0.30288888888888893,0.8541859628191735,0.7458706901765011,0.8414587200244977,137,0.327981189265726
0.5,176928,0.5000226090888538,0.49997739091114624,0.6950251713164868,0.3049748286835133,0.5056021044760917,0.4968643804472717,0.5037777777777778,0.9198978392585188,0.8551166803229993,0.9131453572782223,137,0.327981189265726
0.75,265397,0.7500480443138141,0.2499519556861859,0.8640133391442287,0.13598666085577105,0.7523897088943847,0.7499108578095641,0.7519999999999999,0.968489628301674,0.9423297734002793,0.9658685417021039,137,0.327981189265726
1.0,353840,1.0,0.0,1.0,6.908054375445419e-17,1.0,1.0,1.0,1.0,1.0,1.0,137,0.327981189265726
0.0,0,0.0,1.0,0.26191017193450705,0.738089828065493,0.010875658244192085,0.09493499333578921,0.014222222222222223,0.34683176722158043,0.41277833597756136,0.35345912172438604,138,0.32774243355867916
0.01,3558,0.010055392267691612,0.9899446077323084,0.2719102094487376,0.7280897905512623,0.019085952193985154,0.09873804194208671,0.02155555555555556,0.4218040371926457,0.44307134758497774,0.4182297037131033,138,0.32774243355867916
0.05,17709,0.050048044313814155,0.9499519556861858,0.3112288274747663,0.6887711725252337,0.050850179660085114,0.10923557093300988,0.0531111111111111,0.5752549308295418,0.5052305465070154,0.5505321943407931,138,0.32774243355867916
0.1,35401,0.10004804431381416,0.8999519556861858,0.3585193803000254,0.6414806196999747,0.09882845833627799,0.12567273745513258,0.10266666666666668,0.6853318245083144,0.5615614784171554,0.6622301870515535,138,0.32774243355867916
0.2,70783,0.20004239204160074,0.7999576079583992,0.45092918195789194,0.5490708180421079,0.21030088022730087,0.2025774043223909,0.21000000000000002,0.7987660134299702,0.6645636651577523,0.7813035420456935,138,0.32774243355867916
0.3,106173,0.30005934885824104,0.699940651141759,0.5374977598448946,0.46250224015510544,0.3107126410329582,0.304480374952099,0.30977777777777776,0.8578062713757391,0.7494311473102235,0.8454459011221401,138,0.32774243355867916
0.5,176928,0.5000226090888538,0.49997739091114624,0.6955132186215199,0.30448678137847995,0.5067366883443553,0.5006335502022535,0.5042222222222222,0.9179858463227321,0.8546274513732581,0.9113362807299339,138,0.32774243355867916
0.75,265397,0.7500480443138141,0.2499519556861859,0.86430726394449,0.13569273605551022,0.7514938039865515,0.7511723425929934,0.7524444444444446,0.9668151704868689,0.9412292729080989,0.9642665982307438,138,0.32774243355867916
1.0,353840,1.0,0.0,1.0,6.908054375445419e-17,1.0,1.0,1.0,1.0,1.0,1.0,138,0.32774243355867916
0.0,0,0.0,1.0,0.26191017193450705,0.738089828065493,0.010875658244192085,0.09493499333578921,0.014222222222222223,0.34683176722158043,0.41277833597756136,0.35345912172438604,139,0.32769524314367615
0.01,3558,0.010055392267691612,0.9899446077323084,0.27210194086766376,0.7278980591323361,0.018003840447928802,0.097305785684395,0.02044444444444445,0.4156906746573072,0.44055335790040573,0.41320883364790767,139,0.32769524314367615
0.05,17709,0.050048044313814155,0.9499519556861858,0.3112733727785369,0.6887266272214632,0.05263184907573992,0.10806346675074556,0.05333333333333332,0.5707496973763799,0.503951202074609,0.54662399892217,139,0.32769524314367615
0.1,35401,0.10004804431381416,0.8999519556861858,0.3593230467247404,0.6406769532752594,0.10645949551730714,0.12809001541297754,0.10955555555555554,0.6884607219142621,0.5631675805030099,0.6649540655800732,139,0.32769524314367615
0.2,70783,0.20004239204160074,0.7999576079583992,0.45042820286399093,0.5495717971360091,0.19942350252122745,0.1977433083436927,0.20088888888888892,0.7920806468796101,0.6595258279805153,0.7745962516114511,139,0.32769524314367615
0.3,106173,0.30005934885824104,0.699940651141759,0.5374189097417579,0.462581090258242,0.29893253565636646,0.2942722195432076,0.30133333333333334,0.8521496189775257,0.743621249541905,0.8391180498912368,139,0.32769524314367615
0.5,176928,0.5000226090888538,0.49997739091114624,0.6957532222913835,0.30424677770861647,0.4961490808677541,0.49423681657665114,0.4993333333333333,0.919747931897309,0.8541067392099014,0.9130153393785508,139,0.32769524314367615
0.75,265397,0.7500480443138141,0.2499519556861859,0.8642594355640458,0.135740564435954,0.7471405858360778,0.7496519684986617,0.75,0.9690716665466229,0.9416923160221389,0.9661012804004332,139,0.32769524314367615
1.0,353840,1.0,0.0,1.0,6.908054375445419e-17,1.0,1.0,1.0,1.0,1.0,1.0,139,0.32769524314367615
0.0,0,0.0,1.0,0.26191017193450705,0.738089828065493,0.010875658244192085,0.09493499333578921,0.014222222222222223,0.34683176722158043,0.41277833597756136,0.35345912172438604,140,0.32846230112725605
0.01,3558,0.010055392267691612,0.9899446077323084,0.27179742067714746,0.7282025793228524,0.019119252369192853,0.09760194849477899,0.02177777777777778,0.4185426511828209,0.44177736205468826,0.4156791107161367,140,0.32846230112725605
0.05,17709,0.050048044313814155,0.9499519556861858,0.31107316549704533,0.6889268345029547,0.05404830463289063,0.10862457148666518,0.05333333333333332,0.5717382300605658,0.5041360771665732,0.5467686045678826,140,0.32846230112725605
0.1,35401,0.10004804431381416,0.8999519556861858,0.3583242611510476,0.6416757388489525,0.0984346011179284,0.12553570551144086,0.09711111111111112,0.6843728094728743,0.5611842943052752,0.6614222038907296,140,0.32846230112725605
0.2,70783,0.20004239204160074,0.7999576079583992,0.450360580650604,0.549639419349396,0.20764910066763062,0.197780677573193,0.2055555555555556,0.7959005540091416,0.6621559250811921,0.7783605043592975,140,0.32846230112725605
0.3,106173,0.30005934885824104,0.699940651141759,0.5365458038075649,0.4634541961924351,0.3068131310453752,0.29940410864756917,0.30733333333333335,0.8544640090544926,0.7475136149035626,0.8425293961776419,140,0.32846230112725605
0.5,176928,0.5000226090888538,0.49997739091114624,0.6943358589167654,0.30566414108323464,0.5023474704266973,0.5009740317519981,0.5042222222222221,0.9194100063930637,0.8565392385760435,0.9128806723674867,140,0.32846230112725605
0.75,265397,0.7500480443138141,0.2499519556861859,0.8633837784852028,0.1366162215147972,0.7554920601233344,0.745616533018415,0.7511111111111112,0.9680817753002374,0.9408927870956303,0.9653990250480333,140,0.32846230112725605
1.0,353840,1.0,0.0,1.0,6.908054375445419e-17,1.0,1.0,1.0,1.0,1.0,1.0,140,0.32846230112725605
0.0,0,0.0,1.0,0.26191017193450705,0.738089828065493,0.010875658244192085,0.09493499333578921,0.014222222222222223,0.34683176722158043,0.41277833597756136,0.35345912172438604,141,0.327895299438995
0.01,3558,0.010055392267691612,0.9899446077323084,0.2719532067988671,0.7280467932011329,0.019917895020744467,0.09842627244692144,0.023333333333333334,0.423404018610494,0.44338116642981057,0.41986625747410783,141,0.327895299438995
0.05,17709,0.050048044313814155,0.9499519556861858,0.3108569098990331,0.689143090100967,0.05154162221021638,0.10848467661766653,0.052888888888888874,0.5728005187304993,0.5040224559894162,0.5481330582257544,141,0.327895299438995
0.1,35401,0.10004804431381416,0.8999519556861858,0.35860991186669744,0.6413900881333024,0.10579390835802241,0.12759314794064233,0.10622222222222223,0.6887004874317052,0.5632007258949682,0.665735508197998,141,0.327895299438995
0.2,70783,0.20004239204160074,0.7999576079583992,0.45125718760569544,0.5487428123943046,0.20122320681288125,0.20391643051592512,0.20511111111111113,0.7959268474935494,0.6640920835276832,0.7793019115449337,141,0.327895299438995
0.3,106173,0.30005934885824104,0.699940651141759,0.5371576502784341,0.4628423497215659,0.2993343566222878,0.30208264209910096,0.30088888888888893,0.8526015892349008,0.7464109082533248,0.8404886553930377,141,0.327895299438995
0.5,176928,0.5000226090888538,0.49997739091114624,0.6948915194959546,0.3051084805040454,0.48261288295844906,0.4987708389229673,0.48688888888888887,0.9165943052292087,0.8538363948282572,0.909960652429026,141,0.327895299438995
0.75,265397,0.7500480443138141,0.2499519556861859,0.864363638122238,0.13563636187776218,0.7512281820854807,0.7480876553932355,0.7495555555555555,0.9683497811011585,0.9412866740411213,0.9656495466641292,141,0.327895299438995
1.0,353840,1.0,0.0,1.0,6.908054375445419e-17,1.0,1.0,1.0,1.0,1.0,1.0,141,0.327895299438995
0.0,0,0.0,1.0,0.26191017193450705,0.738089828065493,0.010875658244192085,0.09493499333578921,0.014222222222222223,0.34683176722158043,0.41277833597756136,0.35345912172438604,142,0.3276912429431905
0.01,3558,0.010055392267691612,0.9899446077323084,0.27178208910593005,0.7282179108940698,0.014301218032587024,0.09713122226794699,0.016444444444444446,0.4175260201280622,0.44151223739450773,0.4151460460015726,142,0.3276912429431905
0.05,17709,0.050048044313814155,0.9499519556861858,0.31151864317663097,0.6884813568233691,0.04386051489161324,0.10874919367160184,0.044222222222222225,0.5709914406217399,0.5034807109563985,0.5465862536439973,142,0.3276912429431905
0.1,35401,0.10004804431381416,0.8999519556861858,0.3589188233220599,0.6410811766779401,0.09368341820846439,0.1282224255374932,0.092,0.6851195649576813,0.5619329303155899,0.6623881565393529,142,0.3276912429431905
0.2,70783,0.20004239204160074,0.7999576079583992,0.45078347463007457,0.5492165253699255,0.1982746477362103,0.20026263366110542,0.19333333333333336,0.7942329535102778,0.6625962798748243,0.7770594651844754,142,0.3276912429431905
0.3,106173,0.30005934885824104,0.699940651141759,0.5372137926674019,0.4627862073325982,0.30004693057746995,0.29993675035929745,0.2935555555555556,0.8542181153530095,0.7469255275696006,0.8414420329849972,142,0.3276912429431905
0.5,176928,0.5000226090888538,0.49997739091114624,0.6960493967969966,0.30395060320300327,0.49959278233094395,0.4975585991427908,0.4915555555555555,0.920057550493336,0.8557930165793248,0.9132389360242161,142,0.3276912429431905
0.75,265397,0.7500480443138141,0.2499519556861859,0.8640989574351577,0.13590104256484242,0.7452159717913274,0.7469625342137334,0.7437777777777778,0.9688783398476899,0.9415975698202439,0.9659985973525127,142,0.3276912429431905
1.0,353840,1.0,0.0,1.0,6.908054375445419e-17,1.0,1.0,1.0,1.0,1.0,1.0,142,0.3276912429431905
0.0,0,0.0,1.0,0.26191017193450705,0.738089828065493,0.010875658244192085,0.09493499333578921,0.014222222222222223,0.34683176722158043,0.41277833597756136,0.35345912172438604,143,0.3278534796142687
0.01,3558,0.010055392267691612,0.9899446077323084,0.2717385244099977,0.7282614755900024,0.01598489725479404,0.0976326569252344,0.018444444444444447,0.4157672279630015,0.44071196222750647,0.4134643384229636,143,0.3278534796142687
0.05,17709,0.050048044313814155,0.9499519556861858,0.3110551533688938,0.6889448466311063,0.048519406009865644,0.11003779313629379,0.04822222222222222,0.5697295351511864,0.503988944423353,0.5451645037051472,143,0.3278534796142687
0.1,35401,0.10004804431381416,0.8999519556861858,0.35827988309182335,0.6417201169081765,0.0967241743948958,0.12714680418404234,0.09666666666666666,0.681655487771055,0.5597355873477919,0.6588787774526127,143,0.3278534796142687
0.2,70783,0.20004239204160074,0.7999576079583992,0.44957526805180953,0.5504247319481905,0.19826171834433304,0.19884357399425726,0.19511111111111112,0.7923313290689753,0.6597643045170234,0.7751752374261633,143,0.3278534796142687
0.3,106173,0.30005934885824104,0.699940651141759,0.5378806261717434,0.46211937382825663,0.2969393608590967,0.29429160336544596,0.294,0.850701614430792,0.7436428418364011,0.8382186649379395,143,0.3278534796142687
0.5,176928,0.5000226090888538,0.49997739091114624,0.6957210086553155,0.3042789913446846,0.49870570736389375,0.49861139508747593,0.4953333333333333,0.918213822488808,0.8545098929163438,0.911630968588572,143,0.3278534796142687
0.75,265397,0.7500480443138141,0.2499519556861859,0.8641082461586402,0.13589175384136,0.746184971359694,0.7484285694116803,0.7473333333333332,0.9667647941806569,0.940609568577718,0.9642172613794554,143,0.3278534796142687
1.0,353840,1.0,0.0,1.0,6.908054375445419e-17,1.0,1.0,1.0,1.0,1.0,1.0,143,0.3278534796142687
0.0,0,0.0,1.0,0.26191017193450705,0.738089828065493,0.010875658244192085,0.09493499333578921,0.014222222222222223,0.34683176722158043,0.41277833597756136,0.35345912172438604,144,0.32775128062020686
0.01,3558,0.010055392267691612,0.9899446077323084,0.27194814222951325,0.7280518577704868,0.017906284171848676,0.09773476212497031,0.020222222222222225,0.41873862559157143,0.44184547050925516,0.4165348186944116,144,0.32775128062020686
0.05,17709,0.050048044313814155,0.9499519556861858,0.3112668111448922,0.6887331888551077,0.05413049391939193,0.10824484975659643,0.05266666666666667,0.5743508598927691,0.5049809942712239,0.5495301424635708,144,0.32775128062020686
0.1,35401,0.10004804431381416,0.8999519556861858,0.35842008893865296,0.641579911061347,0.10315891892500487,0.12524936651418153,0.10066666666666665,0.6845790896976115,0.5611293436410785,0.66180348352634,144,0.32775128062020686
0.2,70783,0.20004239204160074,0.7999576079583992,0.4504227824030459,0.5495772175969541,0.20283314577777425,0.1981410594248765,0.19955555555555557,0.7967342900257771,0.6631423064194868,0.7791378914643895,144,0.32775128062020686
0.3,106173,0.30005934885824104,0.699940651141759,0.5378019585324143,0.46219804146758575,0.3057623129640903,0.2997982842255988,0.30200000000000005,0.8556700284393568,0.7488542615715594,0.8428999926240962,144,0.32775128062020686
0.5,176928,0.5000226090888538,0.49997739091114624,0.6963425991515423,0.30365740084845766,0.496479190719471,0.4995950238165014,0.4988888888888889,0.9189177089580624,0.8557887933745965,0.9122176160469411,144,0.32775128062020686
0.75,265397,0.7500480443138141,0.2499519556861859,0.8635646353477046,0.13643536465229547,0.7379315819699345,0.748827252374104,0.7437777777777776,0.9681186494964086,0.9410514300257636,0.9652608991080825,144,0.32775128062020686
1.0,353840,1.0,0.0,1.0,6.908054375445419e-17,1.0,1.0,1.0,1.0,1.0,1.0,144,0.32775128062020686
0.0,0,0.0,1.0,0.26191017193450705,0.738089828065493,0.010875658244192085,0.09493499333578921,0.014222222222222223,0.34683176722158043,0.41277833597756136,0.35345912172438604,145,0.3277336147322831
0.01,3558,0.010055392267691612,0.9899446077323084,0.27178975778823583,0.7282102422117641,0.017407612403446477,0.09697487127741859,0.020444444444444446,0.41562958875498573,0.44093243898274237,0.4136559397994883,145,0.3277336147322831
0.05,17709,0.050048044313814155,0.9499519556861858,0.31056529612734646,0.6894347038726535,0.05215538847302362,0.10695356638722758,0.0511111111111111,0.5705598191359684,0.5034143737107327,0.546554980658193,145,0.3277336147322831
0.1,35401,0.10004804431381416,0.8999519556861858,0.35788247589152483,0.6421175241084751,0.0954272195077854,0.12229711800613978,0.09599999999999999,0.6795830162133929,0.5592746076513753,0.656920544164145,145,0.3277336147322831
0.2,70783,0.20004239204160074,0.7999576079583992,0.4508652216314734,0.5491347783685265,0.19965153106638076,0.1961295434748821,0.19466666666666665,0.7916065984025077,0.6603976646018437,0.7744273615580909,145,0.3277336147322831
0.3,106173,0.30005934885824104,0.699940651141759,0.5376603881774835,0.4623396118225165,0.2926854350387802,0.29817293502441883,0.29000000000000004,0.8502852176781448,0.7453686297571349,0.8380361019771927,145,0.3277336147322831
0.5,176928,0.5000226090888538,0.49997739091114624,0.6960999494431345,0.30390005055686553,0.4974878871778928,0.5007003783966036,0.49644444444444435,0.9211505425616311,0.8567368946652962,0.9141644532879477,145,0.3277336147322831
0.75,265397,0.7500480443138141,0.2499519556861859,0.8640650455890947,0.13593495441090533,0.7495490946841463,0.7449775978128433,0.7477777777777778,0.9683402363679944,0.9409348901890291,0.9654020579442434,145,0.3277336147322831
1.0,353840,1.0,0.0,1.0,6.908054375445419e-17,1.0,1.0,1.0,1.0,1.0,1.0,145,0.3277336147322831
0.0,0,0.0,1.0,0.26191017193450705,0.738089828065493,0.010875658244192085,0.09493499333578921,0.014222222222222223,0.34683176722158043,0.41277833597756136,0.35345912172438604,146,0.32742744513056365
0.01,3558,0.010055392267691612,0.9899446077323084,0.2717067195451059,0.728293280454894,0.01888353385966051,0.09770722396190538,0.020222222222222225,0.41943906309731593,0.4420600098489184,0.41656844558800643,146,0.32742744513056365
0.05,17709,0.050048044313814155,0.9499519556861858,0.311196826956763,0.688803173043237,0.052413576411881456,0.11052651292644726,0.053777777777777765,0.5750263509725454,0.5059657486744518,0.5497678596951173,146,0.32742744513056365
0.1,35401,0.10004804431381416,0.8999519556861858,0.3601849374576658,0.6398150625423342,0.10840736584051426,0.13172206299120365,0.10622222222222223,0.6922898483113163,0.5657199180683962,0.6687023679274472,146,0.32742744513056365
0.2,70783,0.20004239204160074,0.7999576079583992,0.4518406454480387,0.5481593545519613,0.21138955435189127,0.20508696214938624,0.21044444444444446,0.8009411981873246,0.6663944058506941,0.7834688239713965,146,0.32742744513056365
0.3,106173,0.30005934885824104,0.699940651141759,0.5383859518554883,0.4616140481445117,0.30278546400846884,0.3013460415959127,0.2993333333333333,0.8558839307199919,0.7486931518845483,0.8434379986683485,146,0.32742744513056365
0.5,176928,0.5000226090888538,0.49997739091114624,0.6955001725195437,0.30449982748045645,0.512258668641984,0.5027367334480759,0.508888888888889,0.9232258739289012,0.8585710679885452,0.916568531420268,146,0.32742744513056365
0.75,265397,0.7500480443138141,0.2499519556861859,0.8642079481427035,0.13579205185729676,0.7526423632408882,0.7554527501031338,0.7486666666666666,0.96874623873374,0.9429743719492066,0.9659241833009298,146,0.32742744513056365
1.0,353840,1.0,0.0,1.0,6.908054375445419e-17,1.0,1.0,1.0,1.0,1.0,1.0,146,0.32742744513056365
0.0,0,0.0,1.0,0.26191017193450705,0.738089828065493,0.010875658244192085,0.09493499333578921,0.014222222222222223,0.34683176722158043,0.41277833597756136,0.35345912172438604,147,0.3273358457151683
0.01,3558,0.010055392267691612,0.9899446077323084,0.2723738114400588,0.7276261885599413,0.015767942803784858,0.0979871508990551,0.018666666666666668,0.4181887568614396,0.44163205577749176,0.4161443819201637,147,0.3273358457151683
0.05,17709,0.050048044313814155,0.9499519556861858,0.31238991208503586,0.6876100879149641,0.04947808382017626,0.10871475941066816,0.049333333333333326,0.5712474578999334,0.5044425595755069,0.5469937264858387,147,0.3273358457151683
0.1,35401,0.10004804431381416,0.8999519556861858,0.360062467865187,0.6399375321348129,0.09871838012400667,0.12420372211488274,0.0968888888888889,0.683518381444453,0.5599778381620901,0.6604327915162931,147,0.3273358457151683
0.2,70783,0.20004239204160074,0.7999576079583992,0.45203964715715766,0.5479603528428424,0.1913340242115756,0.1939078952975287,0.1895555555555556,0.7899465861474697,0.6584482046275836,0.7729378939731896,147,0.3273358457151683
0.3,106173,0.30005934885824104,0.699940651141759,0.5376495581209537,0.4623504418790463,0.29350424599500513,0.2956923017060384,0.2948888888888889,0.8498921042893286,0.7434742612753334,0.8374306486384694,147,0.3273358457151683
0.5,176928,0.5000226090888538,0.49997739091114624,0.6960154328576352,0.30398456714236466,0.494993395563213,0.49545496696045754,0.4991111111111112,0.9215119355064293,0.8554059506619535,0.914471004320117,147,0.3273358457151683
0.75,265397,0.7500480443138141,0.2499519556861859,0.8642280543946983,0.13577194560530167,0.7388805722627045,0.7467287997902651,0.7435555555555555,0.9663126974809036,0.9398623183808947,0.9636705533104095,147,0.3273358457151683
1.0,353840,1.0,0.0,1.0,6.908054375445419e-17,1.0,1.0,1.0,1.0,1.0,1.0,147,0.3273358457151683
0.0,0,0.0,1.0,0.26191017193450705,0.738089828065493,0.010875658244192085,0.09493499333578921,0.014222222222222223,0.34683176722158043,0.41277833597756136,0.35345912172438604,148,0.32734433518463746
0.01,3558,0.010055392267691612,0.9899446077323084,0.27175739464267745,0.7282426053573224,0.016826257475915214,0.09787155844717783,0.02088888888888889,0.4192494603860173,0.44213410508485923,0.41712737440934766,148,0.32734433518463746
0.05,17709,0.050048044313814155,0.9499519556861858,0.31093039492474067,0.6890696050752593,0.05119018078325457,0.1099240711238023,0.052222222222222225,0.5723449949324566,0.5044375057357116,0.5475188108045982,148,0.32734433518463746
0.1,35401,0.10004804431381416,0.8999519556861858,0.3595741660309771,0.6404258339690231,0.1017626993211958,0.12885546006188303,0.10311111111111113,0.6888555622058228,0.5628591864313244,0.6654896351282309,148,0.32734433518463746
0.2,70783,0.20004239204160074,0.7999576079583992,0.4515085892329514,0.5484914107670485,0.19378764505540771,0.19972677692620633,0.19777777777777783,0.7924645304924526,0.6606351239132671,0.775493669780378,148,0.32734433518463746
0.3,106173,0.30005934885824104,0.699940651141759,0.5383314173235634,0.4616685826764367,0.29344206993844957,0.2983423374116027,0.29488888888888887,0.8520766716797243,0.7452970501488599,0.8398419660691513,148,0.32734433518463746
0.5,176928,0.5000226090888538,0.49997739091114624,0.696244739400734,0.30375526059926594,0.49732052930928616,0.4996255345644752,0.4973333333333334,0.9211077089861751,0.85582007780719,0.9141233396280233,148,0.32734433518463746
0.75,265397,0.7500480443138141,0.2499519556861859,0.8642619515589814,0.13573804844101867,0.7561653236880482,0.7537513182377773,0.7566666666666667,0.970031723271486,0.9430667194978823,0.9672165279175218,148,0.32734433518463746
1.0,353840,1.0,0.0,1.0,6.908054375445419e-17,1.0,1.0,1.0,1.0,1.0,1.0,148,0.32734433518463746
0.0,0,0.0,1.0,0.26191017193450705,0.738089828065493,0.010875658244192085,0.09493499333578921,0.014222222222222223,0.34683176722158043,0.41277833597756136,0.35345912172438604,149,0.326879447424283
0.01,3558,0.010055392267691612,0.9899446077323084,0.2720239610767171,0.7279760389232828,0.01762716517711642,0.09828444398757481,0.01977777777777778,0.41709184510914243,0.4414685457411273,0.414327420775543,149,0.326879447424283
0.05,17709,0.050048044313814155,0.9499519556861858,0.31164421252614244,0.6883557874738576,0.05174182780956385,0.10959988790473317,0.050444444444444445,0.5725522501243223,0.5048416881859873,0.5480763191091002,149,0.326879447424283
0.1,35401,0.10004804431381416,0.8999519556861858,0.3604664381745062,0.6395335618254937,0.09882608447261089,0.12699361493994013,0.09733333333333333,0.6814108436279354,0.5603407954651369,0.6589061132208045,149,0.326879447424283
0.2,70783,0.20004239204160074,0.7999576079583992,0.4523268380687542,0.5476731619312458,0.19739643746833566,0.20118312849671421,0.19711111111111113,0.7937623258207759,0.6626590266014748,0.7769624668999989,149,0.326879447424283
0.3,106173,0.30005934885824104,0.699940651141759,0.5393542772320866,0.46064572276791343,0.2978267284808338,0.30014340079001856,0.29488888888888887,0.8522341231785198,0.7466297912118045,0.8404121470424996,149,0.326879447424283
0.5,176928,0.5000226090888538,0.49997739091114624,0.6966880209203273,0.30331197907967283,0.499369619501382,0.493110817263334,0.4908888888888889,0.9204128509264419,0.8548818748155229,0.9133044263860338,149,0.326879447424283
0.75,265397,0.7500480443138141,0.2499519556861859,0.8643587396308294,0.13564126036917062,0.7479026510408657,0.7460488964991773,0.7442222222222222,0.9683052013321305,0.9409475924210817,0.9654166542735105,149,0.326879447424283
1.0,353840,1.0,0.0,1.0,6.908054375445419e-17,1.0,1.0,1.0,1.0,1.0,1.0,149,0.326879447424283
0.0,0,0.0,1.0,0.26191017193450705,0.738089828065493,0.010875658244192085,0.09493499333578921,0.014222222222222223,0.34683176722158043,0.41277833597756136,0.35345912172438604,150,0.32720007980647414
0.01,3558,0.010055392267691612,0.9899446077323084,0.2717597573854412,0.7282402426145589,0.01540302078699448,0.09718072842196818,0.019111111111111113,0.4157876861159987,0.44041226306777287,0.41394071317109077,150,0.32720007980647414
0.05,17709,0.050048044313814155,0.9499519556861858,0.31125395206426826,0.6887460479357318,0.04921294730211467,0.10893323568171343,0.04888888888888889,0.5722987675131471,0.5043778192009188,0.5477803697866565,150,0.32720007980647414
0.1,35401,0.10004804431381416,0.8999519556861858,0.3599331249386076,0.6400668750613925,0.09983944627418276,0.13048345071306108,0.10244444444444445,0.6888655102330274,0.5638705776032293,0.6657189099865974,150,0.32720007980647414
0.2,70783,0.20004239204160074,0.7999576079583992,0.4522099393096077,0.5477900606903924,0.19598331214585024,0.20210922517036406,0.19888888888888895,0.7946462084497397,0.6630343270059643,0.7778126434816636,150,0.32720007980647414
0.3,106173,0.30005934885824104,0.699940651141759,0.5385028968528979,0.46149710314710213,0.2917758840878997,0.30282778654614223,0.29555555555555557,0.852875717076735,0.7477321580051621,0.8407161731874085,150,0.32720007980647414
0.5,176928,0.5000226090888538,0.49997739091114624,0.6963756377373068,0.30362436226269307,0.48270281316190866,0.4950036534074312,0.4842222222222224,0.9176788595957125,0.8535437968351417,0.9108570703710005,150,0.32720007980647414
0.75,265397,0.7500480443138141,0.2499519556861859,0.8641715709750787,0.13582842902492126,0.7416881768858685,0.7447113752881028,0.7408888888888888,0.9665164190323621,0.9399758561765401,0.963689474291229,150,0.32720007980647414
1.0,353840,1.0,0.0,1.0,6.908054375445419e-17,1.0,1.0,1.0,1.0,1.0,1.0,150,0.32720007980647414
0.0,0,0.0,1.0,0.26191017193450705,0.738089828065493,0.010875658244192085,0.09493499333578921,0.014222222222222223,0.34683176722158043,0.41277833597756136,0.35345912172438604,151,0.32775272016409285
0.01,3558,0.010055392267691612,0.9899446077323084,0.2720967826472113,0.7279032173527887,0.017061433322647215,0.09667015852909541,0.019111111111111113,0.416124397780793,0.4410019495134254,0.41390631328317273,151,0.32775272016409285
0.05,17709,0.050048044313814155,0.9499519556861858,0.31117530490807244,0.6888246950919276,0.05212827622220486,0.1087492753761629,0.048888888888888885,0.567759234840663,0.5031793428268719,0.5435246889032742,151,0.32775272016409285
0.1,35401,0.10004804431381416,0.8999519556861858,0.3586659787417146,0.6413340212582854,0.10838866754338022,0.12855330473393667,0.10466666666666664,0.688433764421083,0.5629290421806723,0.6648372145287396,151,0.32775272016409285
0.2,70783,0.20004239204160074,0.7999576079583992,0.45060673281552455,0.5493932671844756,0.1993305846874153,0.20350585933734303,0.19666666666666666,0.7942908059533541,0.6626460713362489,0.7775841323116419,151,0.32775272016409285
0.3,106173,0.30005934885824104,0.699940651141759,0.5377361134308883,0.4622638865691117,0.3078391664630474,0.3050176699653349,0.2997777777777778,0.8540285674762575,0.7479966355446657,0.8419002002895705,151,0.32775272016409285
0.5,176928,0.5000226090888538,0.49997739091114624,0.6958782692956937,0.30412173070430615,0.5084860888709307,0.504033654531427,0.5044444444444444,0.9198092026757743,0.8567355246981221,0.913199348091553,151,0.32775272016409285
0.75,265397,0.7500480443138141,0.2499519556861859,0.8638705248000551,0.13612947519994492,0.7502556174120741,0.751872054147409,0.7471111111111111,0.9684251746114485,0.9419464010971181,0.9655830003001109,151,0.32775272016409285
1.0,353840,1.0,0.0,1.0,6.908054375445419e-17,1.0,1.0,1.0,1.0,1.0,1.0,151,0.32775272016409285
0.0,0,0.0,1.0,0.26191017193450705,0.738089828065493,0.010875658244192085,0.09493499333578921,0.014222222222222223,0.34683176722158043,0.41277833597756136,0.35345912172438604,152,0.3276613116455095
0.01,3558,0.010055392267691612,0.9899446077323084,0.27186945205027224,0.7281305479497278,0.016596325052863136,0.0977545810182149,0.01955555555555556,0.41442999513152173,0.4401965449115358,0.4123137727847859,152,0.3276613116455095
0.05,17709,0.050048044313814155,0.9499519556861858,0.31099853579743403,0.6890014642025659,0.05423465597398732,0.10953502420431553,0.05333333333333333,0.5702155563679896,0.5037026008933292,0.5456450650370634,152,0.3276613116455095
0.1,35401,0.10004804431381416,0.8999519556861858,0.3591513098755295,0.6408486901244704,0.1000829097398454,0.12543726767149577,0.09822222222222222,0.6816923095125227,0.5609890285351041,0.6593993141570388,152,0.3276613116455095
0.2,70783,0.20004239204160074,0.7999576079583992,0.4511566063129012,0.5488433936870988,0.20883147960988788,0.201530768024939,0.20866666666666672,0.7969004364864536,0.6642500347893843,0.7796938655559112,152,0.3276613116455095
0.3,106173,0.30005934885824104,0.699940651141759,0.5377931075476239,0.4622068924523761,0.3104561215580805,0.3030180032752241,0.31,0.856536173966431,0.7494744820742377,0.8442354676316424,152,0.3276613116455095
0.5,176928,0.5000226090888538,0.49997739091114624,0.6955615222551839,0.30443847774481614,0.5142464036512634,0.5031028770526302,0.5131111111111112,0.9235954144085545,0.8583279248907609,0.9169295101711171,152,0.3276613116455095
0.75,265397,0.7500480443138141,0.2499519556861859,0.8641760587110795,0.13582394128892047,0.7543073646245527,0.7507301715842669,0.7517777777777778,0.9703092828551507,0.9428745466612002,0.9674322058038276,152,0.3276613116455095
1.0,353840,1.0,0.0,1.0,6.908054375445419e-17,1.0,1.0,1.0,1.0,1.0,1.0,152,0.3276613116455095
0.0,0,0.0,1.0,0.26191017193450705,0.738089828065493,0.010875658244192085,0.09493499333578921,0.014222222222222223,0.34683176722158043,0.41277833597756136,0.35345912172438604,153,0.32786505213879025
0.01,3558,0.010055392267691612,0.9899446077323084,0.2717712885210366,0.7282287114789635,0.012915140037589524,0.09717293384681823,0.015777777777777783,0.41174859650846896,0.43910043345746474,0.4104358121338103,153,0.32786505213879025
0.05,17709,0.050048044313814155,0.9499519556861858,0.31077636710640283,0.6892236328935973,0.04178637659634769,0.1085427655460737,0.04422222222222223,0.5655143559172581,0.5014300908133801,0.5419446827029881,153,0.32786505213879025
0.1,35401,0.10004804431381416,0.8999519556861858,0.35851436705149825,0.6414856329485018,0.09724860226047399,0.1308133739389944,0.0968888888888889,0.6870447477244954,0.5622920289319505,0.6637730226033857,153,0.32786505213879025
0.2,70783,0.20004239204160074,0.7999576079583992,0.45045191214438773,0.5495480878556123,0.2012433412383581,0.20479304289584144,0.20222222222222222,0.8020811353908855,0.6650912498097458,0.7843259700706132,153,0.32786505213879025
0.3,106173,0.30005934885824104,0.699940651141759,0.5373292006367704,0.4626707993632295,0.29328389990482945,0.30367417255345464,0.3002222222222223,0.8574885953629604,0.7494484810392316,0.8451944251451334,153,0.32786505213879025
0.5,176928,0.5000226090888538,0.49997739091114624,0.695728726158991,0.30427127384100916,0.5033532262548593,0.5020338704806616,0.5048888888888888,0.9218349927607149,0.8575909687876145,0.9153631321395821,153,0.32786505213879025
0.75,265397,0.7500480443138141,0.2499519556861859,0.8640117174967598,0.13598828250324035,0.7369637021267124,0.7464291176560098,0.7377777777777779,0.9664647326816843,0.9400765370454838,0.963638459399956,153,0.32786505213879025
1.0,353840,1.0,0.0,1.0,6.908054375445419e-17,1.0,1.0,1.0,1.0,1.0,1.0,153,0.32786505213879025
0.0,0,0.0,1.0,0.26191017193450705,0.738089828065493,0.010875658244192085,0.09493499333578921,0.014222222222222223,0.34683176722158043,0.41277833597756136,0.35345912172438604,154,0.32769440803866745
0.01,3558,0.010055392267691612,0.9899446077323084,0.2724136251900089,0.7275863748099911,0.019302615168017026,0.09931805670047042,0.02288888888888889,0.4265871508098312,0.4446118074244335,0.422706566308532,154,0.32769440803866745
0.05,17709,0.050048044313814155,0.9499519556861858,0.31153392155274545,0.6884660784472546,0.05620108477373795,0.11065888458397719,0.05533333333333334,0.5766500109348299,0.5056226446685227,0.5510578771267102,154,0.32769440803866745
0.1,35401,0.10004804431381416,0.8999519556861858,0.3594254541573992,0.6405745458426009,0.10453328725403448,0.1270591025341118,0.1013333333333333,0.687136223578761,0.5621632448502728,0.664045747612816,154,0.32769440803866745
0.2,70783,0.20004239204160074,0.7999576079583992,0.45159990592290256,0.5484000940770974,0.2118230766981794,0.20192544269691817,0.20733333333333337,0.7988065043340572,0.6648494885722189,0.781221832150998,154,0.32769440803866745
0.3,106173,0.30005934885824104,0.699940651141759,0.5378613482409743,0.46213865175902574,0.30548347062451014,0.29980608031724987,0.3048888888888889,0.8553007655489511,0.7478149010857169,0.84265080663551,154,0.32769440803866745
0.5,176928,0.5000226090888538,0.49997739091114624,0.6954610596582462,0.30453894034175377,0.49971314623915986,0.496545657751188,0.502,0.9214154803261961,0.8553606692432729,0.9143907667579398,154,0.32769440803866745
0.75,265397,0.7500480443138141,0.2499519556861859,0.8636827219576435,0.13631727804235655,0.7402852866213929,0.7500727996221214,0.7493333333333335,0.9672715947224186,0.9412950509259629,0.9646680024038918,154,0.32769440803866745
1.0,353840,1.0,0.0,1.0,6.908054375445419e-17,1.0,1.0,1.0,1.0,1.0,1.0,154,0.32769440803866745
0.0,0,0.0,1.0,0.26191017193450705,0.738089828065493,0.010875658244192085,0.09493499333578921,0.014222222222222223,0.34683176722158043,0.41277833597756136,0.35345912172438604,155,0.32798699130665243
0.01,3558,0.010055392267691612,0.9899446077323084,0.2721446653603675,0.7278553346396327,0.01594484519571852,0.0976981701706049,0.01955555555555556,0.4183978062366879,0.44165175517838384,0.4159946783767045,155,0.32798699130665243
0.05,17709,0.050048044313814155,0.9499519556861858,0.31129615621481155,0.6887038437851883,0.05014580992359463,0.10832513103638251,0.05288888888888889,0.5728036029686614,0.5042406919739855,0.5483400525040386,155,0.32798699130665243
0.1,35401,0.10004804431381416,0.8999519556861858,0.35875770785570205,0.641242292144298,0.0962538630644637,0.1261313392373151,0.09933333333333333,0.6838277271512221,0.5611934876357794,0.6608398735543974,155,0.32798699130665243
0.2,70783,0.20004239204160074,0.7999576079583992,0.45007666178426725,0.5499233382157327,0.18909926767600607,0.1988692314441177,0.19333333333333333,0.790339096115807,0.6601931904003874,0.773632818188964,155,0.32798699130665243
0.3,106173,0.30005934885824104,0.699940651141759,0.5371124301621769,0.4628875698378231,0.28948565355050027,0.3008376309947367,0.29311111111111116,0.8490367711549205,0.7460286364315485,0.8373487460998272,155,0.32798699130665243
0.5,176928,0.5000226090888538,0.49997739091114624,0.6952848708141023,0.30471512918589766,0.4897977667244062,0.5008065305291645,0.4928888888888889,0.9155442272750564,0.8550726062028418,0.9097115651145101,155,0.32798699130665243
0.75,265397,0.7500480443138141,0.2499519556861859,0.8639996549389058,0.13600034506109437,0.7428904027480389,0.7511504847180264,0.7464444444444445,0.9653179137434673,0.9411910877444027,0.96289526622805,155,0.32798699130665243
1.0,353840,1.0,0.0,1.0,6.908054375445419e-17,1.0,1.0,1.0,1.0,1.0,1.0,155,0.32798699130665243
0.0,0,0.0,1.0,0.26191017193450705,0.738089828065493,0.010875658244192085,0.09493499333578921,0.014222222222222223,0.34683176722158043,0.41277833597756136,0.35345912172438604,156,0.3283208602278633
0.01,3558,0.010055392267691612,0.9899446077323084,0.2718151652205751,0.7281848347794249,0.01660719174205058,0.0972517853546421,0.019333333333333334,0.4159922952747501,0.4407482270501392,0.41372443035278056,156,0.3283208602278633
0.05,17709,0.050048044313814155,0.9499519556861858,0.31109369678004956,0.6889063032199505,0.050387758224863036,0.10864737415632912,0.05177777777777777,0.5704797720474302,0.5031256887618901,0.5458000440675849,156,0.3283208602278633
0.1,35401,0.10004804431381416,0.8999519556861858,0.35905332737821577,0.6409466726217843,0.10198042135508743,0.12642396706675474,0.10444444444444445,0.6857187617676046,0.5614970478789711,0.6625035931294507,156,0.3283208602278633
0.2,70783,0.20004239204160074,0.7999576079583992,0.45089628219079336,0.5491037178092066,0.2026091990126449,0.20108337690630165,0.2093333333333333,0.7973989062044113,0.6626792737304626,0.7800642251626898,156,0.3283208602278633
0.3,106173,0.30005934885824104,0.699940651141759,0.5373123877426215,0.4626876122573786,0.30858031473611863,0.30236899906080333,0.3148888888888889,0.8577385885377997,0.7491821929703449,0.8455402916207645,156,0.3283208602278633
0.5,176928,0.5000226090888538,0.49997739091114624,0.6942224135326482,0.3057775864673517,0.5030707182187318,0.4970843503786109,0.5066666666666667,0.9199533798419017,0.8551248182199641,0.9132351473617433,156,0.3283208602278633
0.75,265397,0.7500480443138141,0.2499519556861859,0.8631532340655425,0.13684676593445733,0.7503836253110446,0.7476454785031279,0.7480000000000001,0.9671787041815406,0.9407021290364712,0.9644416057040273,156,0.3283208602278633
1.0,353840,1.0,0.0,1.0,6.908054375445419e-17,1.0,1.0,1.0,1.0,1.0,1.0,156,0.3283208602278633
0.0,0,0.0,1.0,0.26191017193450705,0.738089828065493,0.010875658244192085,0.09493499333578921,0.014222222222222223,0.34683176722158043,0.41277833597756136,0.35345912172438604,157,0.32762212501624455
0.01,3558,0.010055392267691612,0.9899446077323084,0.2722282617567284,0.7277717382432717,0.018289513715636065,0.09876841398091414,0.021111111111111115,0.42004591200217545,0.44236706934269593,0.4172313274457315,157,0.32762212501624455
0.05,17709,0.050048044313814155,0.9499519556861858,0.31142697489035753,0.6885730251096425,0.04923133473199469,0.1072337851982911,0.0508888888888889,0.5692534612363053,0.5032665930760168,0.544843398533231,157,0.32762212501624455
0.1,35401,0.10004804431381416,0.8999519556861858,0.3597270396241311,0.6402729603758689,0.10408651043932926,0.1255570661104733,0.10622222222222223,0.6846327325523561,0.5605268425027329,0.6613500331516033,157,0.32762212501624455
0.2,70783,0.20004239204160074,0.7999576079583992,0.4514132741971609,0.5485867258028392,0.19732116260158472,0.19501246595988825,0.20000000000000004,0.7908462660493117,0.6592958068577317,0.7738011595152593,157,0.32762212501624455
0.3,106173,0.30005934885824104,0.699940651141759,0.5368114812976462,0.4631885187023537,0.29593317214848036,0.29357088637279205,0.29622222222222216,0.8477823402232907,0.7424206641690116,0.835408386737556,157,0.32762212501624455
0.5,176928,0.5000226090888538,0.49997739091114624,0.6958622836452938,0.3041377163547062,0.4908758107954659,0.49535697018807406,0.4966666666666667,0.9167481410007103,0.8532479855427575,0.9099806709726209,157,0.32762212501624455
0.75,265397,0.7500480443138141,0.2499519556861859,0.8642626540421676,0.13573734595783205,0.7490292974060467,0.7430778978720756,0.7497777777777777,0.9665813140484695,0.939704712856015,0.9639818403531049,157,0.32762212501624455
1.0,353840,1.0,0.0,1.0,6.908054375445419e-17,1.0,1.0,1.0,1.0,1.0,1.0,157,0.32762212501624455
0.0,0,0.0,1.0,0.26191017193450705,0.738089828065493,0.010875658244192085,0.09493499333578921,0.014222222222222223,0.34683176722158043,0.41277833597756136,0.35345912172438604,158,0.3278374824832953
0.01,3558,0.010055392267691612,0.9899446077323084,0.27163581186731806,0.728364188132682,0.01602421664596529,0.09726077692318796,0.018888888888888893,0.41611615361545945,0.4409319271888754,0.4144099243449074,158,0.3278374824832953
0.05,17709,0.050048044313814155,0.9499519556861858,0.31112853338804836,0.6888714666119518,0.052616933441878275,0.1098715464580608,0.05111111111111111,0.5710211178831558,0.5038109266475654,0.546945180164563,158,0.3278374824832953
0.1,35401,0.10004804431381416,0.8999519556861858,0.359254276178801,0.640745723821199,0.098529043287026,0.12838773291693606,0.09711111111111112,0.6868632346101795,0.5618606008561402,0.6636728936446654,158,0.3278374824832953
0.2,70783,0.20004239204160074,0.7999576079583992,0.4515474801968782,0.5484525198031218,0.20527896185296435,0.20392137195893456,0.2013333333333333,0.7981544623783207,0.6653103169977985,0.7811551215888497,158,0.3278374824832953
0.3,106173,0.30005934885824104,0.699940651141759,0.5373572802211418,0.4626427197788581,0.3007549484173347,0.3036112529079827,0.2977777777777778,0.8548542535869059,0.7490842672607314,0.8428978485151196,158,0.3278374824832953
0.5,176928,0.5000226090888538,0.49997739091114624,0.6955990734774886,0.30440092652251133,0.49299421005216615,0.5032659327868558,0.494,0.9202212080931198,0.8566163029531623,0.913595754152155,158,0.3278374824832953
0.75,265397,0.7500480443138141,0.2499519556861859,0.8635117709176581,0.13648822908234184,0.7384005525929423,0.7503979180289883,0.7435555555555554,0.9689147209520154,0.9418681694051811,0.9659730987689563,158,0.3278374824832953
1.0,353840,1.0,0.0,1.0,6.908054375445419e-17,1.0,1.0,1.0,1.0,1.0,1.0,158,0.3278374824832953
0.0,0,0.0,1.0,0.26191017193450705,0.738089828065493,0.010875658244192085,0.09493499333578921,0.014222222222222223,0.34683176722158043,0.41277833597756136,0.35345912172438604,159,0.3275246323497071
0.01,3558,0.010055392267691612,0.9899446077323084,0.27155398847842,0.72844601152158,0.016331761015751216,0.09763406834176326,0.02044444444444445,0.4207526492637674,0.44246892981418157,0.4180382501373399,159,0.3275246323497071
0.05,17709,0.050048044313814155,0.9499519556861858,0.3108729465872498,0.6891270534127503,0.04762138059493705,0.10865894163492623,0.047999999999999994,0.5742824941958093,0.5050025529599786,0.5493937193460169,159,0.3275246323497071
0.1,35401,0.10004804431381416,0.8999519556861858,0.35933433009686583,0.6406656699031341,0.09926806172872313,0.12451263921461699,0.098,0.6838518446152497,0.5619941323825728,0.6615329764114439,159,0.3275246323497071
0.2,70783,0.20004239204160074,0.7999576079583992,0.4521470933669519,0.5478529066330481,0.2052535867952042,0.20013310634964185,0.19911111111111113,0.7971107661150466,0.6638585636081941,0.7796345005709094,159,0.3275246323497071
0.3,106173,0.30005934885824104,0.699940651141759,0.5381990198723378,0.46180098012766224,0.3164082443592454,0.3012418071835189,0.3055555555555556,0.858839966165689,0.7494147888581424,0.8461642716793271,159,0.3275246323497071
0.5,176928,0.5000226090888538,0.49997739091114624,0.695568643949344,0.304431356050656,0.5182518783917274,0.5015946306397245,0.5091111111111111,0.9243587105738106,0.8587582126584407,0.9174097785634111,159,0.3275246323497071
0.75,265397,0.7500480443138141,0.2499519556861859,0.8640758903353505,0.13592410966464924,0.7462791563142079,0.7503776536826112,0.7473333333333335,0.9688035607758507,0.942395033071847,0.9658950262855838,159,0.3275246323497071
1.0,353840,1.0,0.0,1.0,6.908054375445419e-17,1.0,1.0,1.0,1.0,1.0,1.0,159,0.3275246323497071
0.0,0,0.0,1.0,0.26191017193450705,0.738089828065493,0.010875658244192085,0.09493499333578921,0.014222222222222223,0.34683176722158043,0.41277833597756136,0.35345912172438604,160,0.3273443257531296
0.01,3558,0.010055392267691612,0.9899446077323084,0.2721537370653084,0.7278462629346917,0.017684657257542934,0.09808657159162906,0.020000000000000004,0.41991496514787485,0.44198781797336295,0.41684295701072605,160,0.3273443257531296
0.05,17709,0.050048044313814155,0.9499519556861858,0.3116775549853785,0.6883224450146215,0.057837306556633425,0.11026035443555188,0.05622222222222221,0.5776699634301036,0.5065621295871232,0.5524019261100939,160,0.3273443257531296
0.1,35401,0.10004804431381416,0.8999519556861858,0.36006334528096207,0.6399366547190378,0.10197666161963725,0.12695225377510025,0.10155555555555554,0.6831833605215825,0.5606710527535873,0.6601339866097282,160,0.3273443257531296
0.2,70783,0.20004239204160074,0.7999576079583992,0.4516396218082953,0.5483603781917047,0.204212320997461,0.200079226108289,0.19977777777777778,0.7948370463883658,0.6610747384909165,0.7774574055352796,160,0.3273443257531296
0.3,106173,0.30005934885824104,0.699940651141759,0.5383797288855356,0.46162027111446435,0.3008991358168958,0.3010296104271452,0.3008888888888889,0.8526654914006615,0.7462211054321726,0.8403826435451152,160,0.3273443257531296
0.5,176928,0.5000226090888538,0.49997739091114624,0.6957572697910902,0.30424273020890985,0.49609144677181194,0.4983215070108646,0.49688888888888894,0.9172960287193819,0.8542152964014438,0.9107919117098741,160,0.3273443257531296
0.75,265397,0.7500480443138141,0.2499519556861859,0.8642984031403361,0.13570159685966385,0.7508632147859388,0.7482227246700331,0.7446666666666668,0.9657434382749576,0.9401916734695558,0.9631758881393859,160,0.3273443257531296
1.0,353840,1.0,0.0,1.0,6.908054375445419e-17,1.0,1.0,1.0,1.0,1.0,1.0,160,0.3273443257531296
0.0,0,0.0,1.0,0.26191017193450705,0.738089828065493,0.010875658244192085,0.09493499333578921,0.014222222222222223,0.34683176722158043,0.41277833597756136,0.35345912172438604,161,0.3283406178881207
0.01,3558,0.010055392267691612,0.9899446077323084,0.2716241162515539,0.7283758837484462,0.015685491525058805,0.09861091354872564,0.018222222222222223,0.41659249980286733,0.4409324176495054,0.4135562703363691,161,0.3283406178881207
0.05,17709,0.050048044313814155,0.9499519556861858,0.3108300515047879,0.6891699484952121,0.04604305389746603,0.10757147461971535,0.044000000000000004,0.5615667553374672,0.5003169967638246,0.5383678786402728,161,0.3283406178881207
0.1,35401,0.10004804431381416,0.8999519556861858,0.3583051847356105,0.6416948152643894,0.09718611810785731,0.1257844440197375,0.09622222222222222,0.677717766667678,0.5580448192075204,0.655150024833184,161,0.3283406178881207
0.2,70783,0.20004239204160074,0.7999576079583992,0.45003855458697417,0.5499614454130258,0.19964820302908942,0.1986803983870026,0.19777777777777775,0.7918485794192834,0.6596663896740383,0.7748321906785438,161,0.3283406178881207
0.3,106173,0.30005934885824104,0.699940651141759,0.5367735448858965,0.4632264551141036,0.3045675174231802,0.30123435827360306,0.3026666666666667,0.85186946781836,0.7459868654769228,0.839491532324284,161,0.3283406178881207
0.5,176928,0.5000226090888538,0.49997739091114624,0.6946784224951882,0.3053215775048118,0.49449490704942456,0.49647151067196243,0.49511111111111106,0.9177283757940946,0.8536986435070697,0.9107867143584177,161,0.3283406178881207
0.75,265397,0.7500480443138141,0.2499519556861859,0.8636212315233086,0.13637876847669128,0.7485436280681286,0.7527688415015188,0.746,0.9657126712437678,0.9406960394196627,0.9630627457099764,161,0.3283406178881207
1.0,353840,1.0,0.0,1.0,6.908054375445419e-17,1.0,1.0,1.0,1.0,1.0,1.0,161,0.3283406178881207
0.0,0,0.0,1.0,0.26191017193450705,0.738089828065493,0.010875658244192085,0.09493499333578921,0.014222222222222223,0.34683176722158043,0.41277833597756136,0.35345912172438604,162,0.32798091051979983
0.01,3558,0.010055392267691612,0.9899446077323084,0.2717782884277283,0.7282217115722718,0.015361174876057324,0.09769107755286607,0.018000000000000002,0.4155110442053443,0.4405240321091365,0.41318501232426486,162,0.32798091051979983
0.05,17709,0.050048044313814155,0.9499519556861858,0.31032723701289855,0.6896727629871015,0.04450453772142217,0.10453935727133008,0.04577777777777777,0.5609339162091231,0.4992867831076064,0.537768829336946,162,0.32798091051979983
0.1,35401,0.10004804431381416,0.8999519556861858,0.35752013953872747,0.6424798604612725,0.09751348832837162,0.12357158612260098,0.09888888888888887,0.6804308362954711,0.5591185265734334,0.6576374935807184,162,0.32798091051979983
0.2,70783,0.20004239204160074,0.7999576079583992,0.4501111025369772,0.5498888974630228,0.20675582481556998,0.19767101260615655,0.2053333333333333,0.7979367644627271,0.6626432626394482,0.7797770181523642,162,0.32798091051979983
0.3,106173,0.30005934885824104,0.699940651141759,0.5371217026485257,0.4628782973514744,0.30908293388062075,0.3003540269361013,0.30933333333333335,0.8591478759321203,0.7500825203081174,0.8465970809061564,162,0.32798091051979983
0.5,176928,0.5000226090888538,0.49997739091114624,0.6955442246449598,0.30445577535504026,0.5042109903789235,0.49863166910244283,0.5086666666666666,0.9225430917021397,0.8575217898657301,0.9159858762395309,162,0.32798091051979983
0.75,265397,0.7500480443138141,0.2499519556861859,0.8643535619206983,0.13564643807930185,0.7484779181347453,0.7493791949023355,0.7511111111111111,0.9664364151792078,0.9413517745219522,0.9640419131094075,162,0.32798091051979983
1.0,353840,1.0,0.0,1.0,6.908054375445419e-17,1.0,1.0,1.0,1.0,1.0,1.0,162,0.32798091051979983
0.0,0,0.0,1.0,0.26191017193450705,0.738089828065493,0.010875658244192085,0.09493499333578921,0.014222222222222223,0.34683176722158043,0.41277833597756136,0.35345912172438604,163,0.3270786420269864
0.01,3558,0.010055392267691612,0.9899446077323084,0.27210510171201263,0.7278948982879873,0.013950008420085204,0.09836378036233598,0.017777777777777778,0.4175635258726817,0.4416635038539655,0.4146211334712381,163,0.3270786420269864
0.05,17709,0.050048044313814155,0.9499519556861858,0.3109067524563339,0.6890932475436661,0.04690871088030231,0.10617755326645664,0.04666666666666667,0.5618467927696248,0.5000958745969812,0.5383983436081696,163,0.3270786420269864
0.1,35401,0.10004804431381416,0.8999519556861858,0.3594014329141114,0.6405985670858886,0.08961313546059411,0.12485959938426247,0.08822222222222223,0.6761444115935701,0.5572871842137511,0.6534819686543368,163,0.3270786420269864
0.2,70783,0.20004239204160074,0.7999576079583992,0.45205589220137815,0.5479441077986219,0.19348782960799799,0.19806370868064632,0.1911111111111111,0.7897935420299862,0.6579505173898548,0.772765742387424,163,0.3270786420269864
0.3,106173,0.30005934885824104,0.699940651141759,0.5391905651311133,0.46080943486888665,0.28243859739280947,0.29510765562693,0.2839999999999999,0.8462668833675435,0.7411993753623775,0.8342545370319207,163,0.3270786420269864
0.5,176928,0.5000226090888538,0.49997739091114624,0.6962977276159299,0.3037022723840701,0.4729335669670187,0.49809088073061786,0.4808888888888889,0.9140878217132543,0.8519159799786984,0.9074563753359078,163,0.3270786420269864
0.75,265397,0.7500480443138141,0.2499519556861859,0.8645639305575309,0.1354360694424692,0.7326006027687679,0.7530338394207103,0.7404444444444445,0.9645941064517647,0.9402976788688078,0.9621839270937931,163,0.3270786420269864
1.0,353840,1.0,0.0,1.0,6.908054375445419e-17,1.0,1.0,1.0,1.0,1.0,1.0,163,0.3270786420269864
0.0,0,0.0,1.0,0.26191017193450705,0.738089828065493,0.010875658244192085,0.09493499333578921,0.014222222222222223,0.34683176722158043,0.41277833597756136,0.35345912172438604,164,0.3278208051778091
0.01,3558,0.010055392267691612,0.9899446077323084,0.27167430020311173,0.7283256997968882,0.015652588560553796,0.09723877065935237,0.018666666666666668,0.4124203118525414,0.4392695279256514,0.4107162441119907,164,0.3278208051778091
0.05,17709,0.050048044313814155,0.9499519556861858,0.3111163535764075,0.6888836464235927,0.05210253856429429,0.11021396492291458,0.05288888888888889,0.5733767179686994,0.5046441892662901,0.5488979713677634,164,0.3278208051778091
0.1,35401,0.10004804431381416,0.8999519556861858,0.35869641406418845,0.6413035859358116,0.10384023635153992,0.12592522521264,0.10622222222222223,0.6850776552015776,0.5606186194074583,0.6617831575245777,164,0.3278208051778091
0.2,70783,0.20004239204160074,0.7999576079583992,0.4503399078836369,0.5496600921163631,0.2016929139870439,0.20181989623326643,0.20333333333333334,0.7946377964223676,0.6617076535519777,0.777680164038457,164,0.3278208051778091
0.3,106173,0.30005934885824104,0.699940651141759,0.5368924585764153,0.46310754142358473,0.3070045149374028,0.30285784450550296,0.3046666666666667,0.8541160031485179,0.7472509681291055,0.8422623808066327,164,0.3278208051778091
0.5,176928,0.5000226090888538,0.49997739091114624,0.6963211288219238,0.30367887117807624,0.49921722864223705,0.4992206484948432,0.4986666666666667,0.9182652936326565,0.8553281295345844,0.911759431030177,164,0.3278208051778091
0.75,265397,0.7500480443138141,0.2499519556861859,0.8638562850393168,0.1361437149606832,0.7470698807551435,0.746580477465019,0.7540000000000001,0.9673609120287602,0.9413156630635436,0.9648706749115751,164,0.3278208051778091
1.0,353840,1.0,0.0,1.0,6.908054375445419e-17,1.0,1.0,1.0,1.0,1.0,1.0,164,0.3278208051778091
0.0,0,0.0,1.0,0.26191017193450705,0.738089828065493,0.010875658244192085,0.09493499333578921,0.014222222222222223,0.34683176722158043,0.41277833597756136,0.35345912172438604,165,0.3281343003904452
0.01,3558,0.010055392267691612,0.9899446077323084,0.2719391245161037,0.7280608754838964,0.01630539116071366,0.09758786800485224,0.01955555555555556,0.41811962799447727,0.44192108992927054,0.4160580412653753,165,0.3281343003904452
0.05,17709,0.050048044313814155,0.9499519556861858,0.3116479939308457,0.6883520060691543,0.04708901488874296,0.10949795407754527,0.049333333333333326,0.5689086193312527,0.5030661365803231,0.5447945384283618,165,0.3281343003904452
0.1,35401,0.10004804431381416,0.8999519556861858,0.35924516843772253,0.6407548315622775,0.09770525848233776,0.12464004792982607,0.09799999999999999,0.6825393374415104,0.5598117140729576,0.6596033596528277,165,0.3281343003904452
0.2,70783,0.20004239204160074,0.7999576079583992,0.4501708280032018,0.5498291719967981,0.19540328819300923,0.19800096759033525,0.19888888888888892,0.7922358685009079,0.6599821864438407,0.7751520403616395,165,0.3281343003904452
0.3,106173,0.30005934885824104,0.699940651141759,0.5368993142381687,0.4631006857618313,0.2839844056489896,0.2946764527394125,0.29000000000000004,0.8491293591833388,0.7428120434557335,0.8364939300734971,165,0.3281343003904452
0.5,176928,0.5000226090888538,0.49997739091114624,0.6945654682603359,0.3054345317396642,0.49392696536989694,0.49610383483469944,0.49822222222222223,0.919481982044009,0.8550601859016455,0.9126000629657994,165,0.3281343003904452
0.75,265397,0.7500480443138141,0.2499519556861859,0.8639590708598104,0.1360409291401898,0.7540492953007681,0.752758622571022,0.7544444444444445,0.9687198116611174,0.9424241343995811,0.9659724709054917,165,0.3281343003904452
1.0,353840,1.0,0.0,1.0,6.908054375445419e-17,1.0,1.0,1.0,1.0,1.0,1.0,165,0.3281343003904452
0.0,0,0.0,1.0,0.26191017193450705,0.738089828065493,0.010875658244192085,0.09493499333578921,0.014222222222222223,0.34683176722158043,0.41277833597756136,0.35345912172438604,166,0.32795150771454673
0.01,3558,0.010055392267691612,0.9899446077323084,0.2720584213016089,0.727941578698391,0.019540110513849053,0.09830228415703023,0.021555555555555557,0.42252992483379315,0.44307789052842755,0.41941269244064616,166,0.32795150771454673
0.05,17709,0.050048044313814155,0.9499519556861858,0.3112905512763321,0.688709448723668,0.05756385015809418,0.11061105000855224,0.05488888888888888,0.5750483338934835,0.5059127260142035,0.5507805735391604,166,0.32795150771454673
0.1,35401,0.10004804431381416,0.8999519556861858,0.35918987455426726,0.6408101254457327,0.10796566865408967,0.13166107128504792,0.10888888888888888,0.6907341840326201,0.5643597306521827,0.6672892713128964,166,0.32795150771454673
0.2,70783,0.20004239204160074,0.7999576079583992,0.4506513913895144,0.5493486086104856,0.20599385862010153,0.20206846056423697,0.206,0.7955548026004047,0.6625574440433232,0.7786420813663015,166,0.32795150771454673
0.3,106173,0.30005934885824104,0.699940651141759,0.5366207124548192,0.4633792875451808,0.3063764297576409,0.3010819249660854,0.30711111111111117,0.8531074997422717,0.7463199064341798,0.8408599536329032,166,0.32795150771454673
0.5,176928,0.5000226090888538,0.49997739091114624,0.6950756809636274,0.3049243190363727,0.4968272894391142,0.5016915906723168,0.4984444444444445,0.9170620039121948,0.8549652025796723,0.9107722648428619,166,0.32795150771454673
0.75,265397,0.7500480443138141,0.2499519556861859,0.8642749706007671,0.13572502939923303,0.7552741950775194,0.752785149080935,0.7548888888888888,0.9680735136122544,0.9421127617878423,0.965491441915367,166,0.32795150771454673
1.0,353840,1.0,0.0,1.0,6.908054375445419e-17,1.0,1.0,1.0,1.0,1.0,1.0,166,0.32795150771454673
0.0,0,0.0,1.0,0.26191017193450705,0.738089828065493,0.010875658244192085,0.09493499333578921,0.014222222222222223,0.34683176722158043,0.41277833597756136,0.35345912172438604,167,0.3276526929286232
0.01,3558,0.010055392267691612,0.9899446077323084,0.2717252388638394,0.7282747611361605,0.01600764963873589,0.09802076740754588,0.017555555555555557,0.418546207761769,0.44152186119203196,0.4153384634494029,167,0.3276526929286232
0.05,17709,0.050048044313814155,0.9499519556861858,0.3110749549134361,0.6889250450865639,0.051730443493513543,0.1087295175838199,0.04999999999999999,0.5720336151955657,0.5046961914869338,0.54775141521874,167,0.3276526929286232
0.1,35401,0.10004804431381416,0.8999519556861858,0.35883562338542424,0.6411643766145757,0.10833983329520727,0.13011087744389874,0.10600000000000001,0.6877526166712767,0.5628487107805799,0.6644041475876229,167,0.3276526929286232
0.2,70783,0.20004239204160074,0.7999576079583992,0.45163056469531776,0.5483694353046824,0.20879738829671102,0.201902646286057,0.204,0.7964904451407155,0.6631333278945705,0.7794267785136478,167,0.3276526929286232
0.3,106173,0.30005934885824104,0.699940651141759,0.5382271687370367,0.4617728312629633,0.31034225596008724,0.29753677079457624,0.3028888888888889,0.8541126127145786,0.7464719570011232,0.8413597885783842,167,0.3276526929286232
0.5,176928,0.5000226090888538,0.49997739091114624,0.6956400492937361,0.304359950706264,0.5016267728677111,0.49528408211302727,0.5020000000000001,0.9201383323783133,0.8551903711887592,0.9136200349888701,167,0.3276526929286232
0.75,265397,0.7500480443138141,0.2499519556861859,0.8637852129740611,0.13621478702593887,0.7472699826091523,0.7417002116178469,0.7468888888888888,0.9671077238241477,0.940106406282204,0.9644642320067741,167,0.3276526929286232
1.0,353840,1.0,0.0,1.0,6.908054375445419e-17,1.0,1.0,1.0,1.0,1.0,1.0,167,0.3276526929286232
0.0,0,0.0,1.0,0.26191017193450705,0.738089828065493,0.010875658244192085,0.09493499333578921,0.014222222222222223,0.34683176722158043,0.41277833597756136,0.35345912172438604,168,0.3279532830108427
0.01,3558,0.010055392267691612,0.9899446077323084,0.2716132768345819,0.7283867231654179,0.016036912800350748,0.09735751192982052,0.018888888888888893,0.4173140391135167,0.44109993324216135,0.4145934977526329,168,0.3279532830108427
0.05,17709,0.050048044313814155,0.9499519556861858,0.31079960775140175,0.6892003922485983,0.051802939965897646,0.1090287061328154,0.05066666666666665,0.572507368648535,0.5049080264949851,0.5476197237575103,168,0.3279532830108427
0.1,35401,0.10004804431381416,0.8999519556861858,0.35831966972134816,0.6416803302786518,0.1059494812737461,0.12729756007059173,0.10555555555555556,0.6874237710721688,0.563119477833342,0.6641642000590176,168,0.3279532830108427
0.2,70783,0.20004239204160074,0.7999576079583992,0.4508622140567886,0.5491377859432114,0.19614212208968607,0.20125394897539473,0.19888888888888887,0.7967131652057129,0.6630692056622101,0.7796902684224452,168,0.3279532830108427
0.3,106173,0.30005934885824104,0.699940651141759,0.537823599532892,0.4621764004671079,0.29563701074406523,0.3032059453729285,0.29688888888888887,0.8537594253267189,0.747799264406336,0.8418878976179578,168,0.3279532830108427
0.5,176928,0.5000226090888538,0.49997739091114624,0.6950664470293172,0.30493355297068275,0.49157381019029134,0.4996529905532801,0.4948888888888889,0.9178678905223028,0.8553277707944115,0.9112954430855355,168,0.3279532830108427
0.75,265397,0.7500480443138141,0.2499519556861859,0.863864114134822,0.136135885865178,0.7450217049662597,0.7474906610923557,0.7457777777777777,0.9681293390931747,0.9410805617192196,0.9652583186910805,168,0.3279532830108427
1.0,353840,1.0,0.0,1.0,6.908054375445419e-17,1.0,1.0,1.0,1.0,1.0,1.0,168,0.3279532830108427
0.0,0,0.0,1.0,0.26191017193450705,0.738089828065493,0.010875658244192085,0.09493499333578921,0.014222222222222223,0.34683176722158043,0.41277833597756136,0.35345912172438604,169,0.3271727926958331
0.01,3558,0.010055392267691612,0.9899446077323084,0.2719788198003195,0.7280211801996805,0.015417862381383172,0.09865050177578588,0.01688888888888889,0.4188509436348786,0.44159192260979924,0.4153094943343821,169,0.3271727926958331
0.05,17709,0.050048044313814155,0.9499519556861858,0.3116744538063045,0.6883255461936956,0.049459322025245694,0.10826553524141577,0.04755555555555556,0.5704428318657697,0.5038439654571369,0.5460703537391867,169,0.3271727926958331
0.1,35401,0.10004804431381416,0.8999519556861858,0.35961228381154475,0.6403877161884551,0.10124082032449801,0.12855929712339104,0.09977777777777776,0.6853365279866357,0.562641619617485,0.6625966892288667,169,0.3271727926958331
0.2,70783,0.20004239204160074,0.7999576079583992,0.45212645967823195,0.547873540321768,0.198684137112629,0.20044736060517912,0.19844444444444448,0.795709306215175,0.6633503195415179,0.7785375080005776,169,0.3271727926958331
0.3,106173,0.30005934885824104,0.699940651141759,0.5385335838357217,0.4614664161642784,0.2989504525590093,0.3012711691551537,0.3008888888888888,0.8549621688475025,0.7480885365772382,0.8425527153190776,169,0.3271727926958331
0.5,176928,0.5000226090888538,0.49997739091114624,0.6962420520576909,0.3037579479423091,0.5017957942015534,0.5014678106909437,0.5004444444444445,0.9211757687459206,0.8565504000268122,0.9142127022072137,169,0.3271727926958331
0.75,265397,0.7500480443138141,0.2499519556861859,0.864414574547988,0.13558542545201188,0.7544080129984679,0.7534100145435174,0.7522222222222221,0.9693405865297015,0.9426358870307775,0.9664949081187769,169,0.3271727926958331
1.0,353840,1.0,0.0,1.0,6.908054375445419e-17,1.0,1.0,1.0,1.0,1.0,1.0,169,0.3271727926958331
0.0,0,0.0,1.0,0.26191017193450705,0.738089828065493,0.010875658244192085,0.09493499333578921,0.014222222222222223,0.34683176722158043,0.41277833597756136,0.35345912172438604,170,0.3276050056956624
0.01,3558,0.010055392267691612,0.9899446077323084,0.2718101387652102,0.7281898612347896,0.015444560397135137,0.09807302401426443,0.018888888888888893,0.4174103694736814,0.4411467805809107,0.4139827159362201,170,0.3276050056956624
0.05,17709,0.050048044313814155,0.9499519556861858,0.31080486093607124,0.6891951390639288,0.054259748892383504,0.11121671051294087,0.05511111111111111,0.5781786069111364,0.506800190450345,0.5527393670472551,170,0.3276050056956624
0.1,35401,0.10004804431381416,0.8999519556861858,0.35921358187389396,0.6407864181261059,0.10780402157762463,0.13111902055700653,0.10777777777777779,0.6927883782397128,0.5657929234977794,0.6693134909286722,170,0.3276050056956624
0.2,70783,0.20004239204160074,0.7999576079583992,0.4511899521118048,0.5488100478881951,0.2018262569774612,0.20016468501173879,0.20133333333333334,0.7972155366698344,0.6632572716682793,0.7799098943776366,170,0.3276050056956624
0.3,106173,0.30005934885824104,0.699940651141759,0.5380086451363812,0.4619913548636187,0.302163803428594,0.29985939129585804,0.2997777777777778,0.8536205593100447,0.746602563989074,0.8414356204015533,170,0.3276050056956624
0.5,176928,0.5000226090888538,0.49997739091114624,0.695786877595154,0.30421312240484594,0.5000541245646444,0.49639206046621526,0.49777777777777793,0.9172266730830215,0.8540710902923384,0.9109245668073773,170,0.3276050056956624
0.75,265397,0.7500480443138141,0.2499519556861859,0.8640779250244555,0.13592207497554445,0.745795371190077,0.7477253305779954,0.7444444444444445,0.9664022521034497,0.9403969808774624,0.963817855937249,170,0.3276050056956624
1.0,353840,1.0,0.0,1.0,6.908054375445419e-17,1.0,1.0,1.0,1.0,1.0,1.0,170,0.3276050056956624
0.0,0,0.0,1.0,0.26191017193450705,0.738089828065493,0.010875658244192085,0.09493499333578921,0.014222222222222223,0.34683176722158043,0.41277833597756136,0.35345912172438604,171,0.32772484998867046
0.01,3558,0.010055392267691612,0.9899446077323084,0.27166753629649704,0.7283324637035029,0.017395577470917408,0.09764439819940292,0.01977777777777778,0.42090744478638253,0.44254208430175984,0.41771717434912276,171,0.32772484998867046
0.05,17709,0.050048044313814155,0.9499519556861858,0.3108124312874035,0.6891875687125967,0.05398946301767289,0.1099615921272428,0.05133333333333333,0.577567947984832,0.5071058402692392,0.5527806495503161,171,0.32772484998867046
0.1,35401,0.10004804431381416,0.8999519556861858,0.3586601037054891,0.6413398962945108,0.09932740650894145,0.12789787202640757,0.09866666666666668,0.6843441732794826,0.562742009311394,0.661984856114521,171,0.32772484998867046
0.2,70783,0.20004239204160074,0.7999576079583992,0.45080258020946223,0.5491974197905378,0.19249145304742232,0.20287482723103142,0.19777777777777777,0.7939597815102407,0.6629832656584292,0.7774121867311693,171,0.32772484998867046
0.3,106173,0.30005934885824104,0.699940651141759,0.5381052319184373,0.4618947680815627,0.294111382550744,0.3023355592256425,0.2997777777777778,0.8534234240387897,0.7479072352020097,0.8411681749285134,171,0.32772484998867046
0.5,176928,0.5000226090888538,0.49997739091114624,0.6958270033180963,0.30417299668190373,0.49424274693488884,0.506640771873313,0.49733333333333324,0.919152161487115,0.8572883704477453,0.9128661019045347,171,0.32772484998867046
0.75,265397,0.7500480443138141,0.2499519556861859,0.8638383826397472,0.13616161736025276,0.7458284570328071,0.7556038901947982,0.7517777777777779,0.9676720843451155,0.9426328364032673,0.9651432679232419,171,0.32772484998867046
1.0,353840,1.0,0.0,1.0,6.908054375445419e-17,1.0,1.0,1.0,1.0,1.0,1.0,171,0.32772484998867046
0.0,0,0.0,1.0,0.26191017193450705,0.738089828065493,0.010875658244192085,0.09493499333578921,0.014222222222222223,0.34683176722158043,0.41277833597756136,0.35345912172438604,172,0.3278698532128618
0.01,3558,0.010055392267691612,0.9899446077323084,0.2717226927530669,0.728277307246933,0.01707176083254801,0.09745932142398649,0.018888888888888893,0.41750271220510626,0.4415914946736027,0.4147876020329849,172,0.3278698532128618
0.05,17709,0.050048044313814155,0.9499519556861858,0.31121809874330736,0.6887819012566926,0.04936345645914949,0.1095540539314677,0.05022222222222221,0.5710536810075398,0.5040073821483773,0.5464627308635811,172,0.3278698532128618
0.1,35401,0.10004804431381416,0.8999519556861858,0.35903644209728003,0.64096355790272,0.09489856207307075,0.1277363067915334,0.09511111111111109,0.6820886645457773,0.5606656722765904,0.6595202904661114,172,0.3278698532128618
0.2,70783,0.20004239204160074,0.7999576079583992,0.45085652927913455,0.5491434707208653,0.20025159691242583,0.20384896196067043,0.20311111111111116,0.7968936270131521,0.664729351985748,0.7798756839767691,172,0.3278698532128618
0.3,106173,0.30005934885824104,0.699940651141759,0.5373507637690927,0.46264923623090726,0.29725724654106805,0.3044998443894721,0.30200000000000005,0.8536580794970811,0.7489324171088914,0.8418307456518809,172,0.3278698532128618
0.5,176928,0.5000226090888538,0.49997739091114624,0.6952259317749042,0.30477406822509584,0.4974786571480749,0.5042991811266723,0.4993333333333334,0.9182034717714523,0.856843381731537,0.9123487909003967,172,0.3278698532128618
0.75,265397,0.7500480443138141,0.2499519556861859,0.8640389674138561,0.13596103258614367,0.7381165532390813,0.7559838638000449,0.7440000000000001,0.9666069903513962,0.9420059394765183,0.9641055704004666,172,0.3278698532128618
1.0,353840,1.0,0.0,1.0,6.908054375445419e-17,1.0,1.0,1.0,1.0,1.0,1.0,172,0.3278698532128618
0.0,0,0.0,1.0,0.26191017193450705,0.738089828065493,0.010875658244192085,0.09493499333578921,0.014222222222222223,0.34683176722158043,0.41277833597756136,0.35345912172438604,173,0.32773897906658334
0.01,3558,0.010055392267691612,0.9899446077323084,0.2719193907243382,0.7280806092756618,0.012637173907195305,0.09719056214722693,0.016,0.41265563366705205,0.439307757027407,0.4109818089341445,173,0.32773897906658334
0.05,17709,0.050048044313814155,0.9499519556861858,0.3114048709594548,0.6885951290405452,0.05422582195203793,0.10925665723079461,0.05355555555555555,0.5739643385940028,0.5049289213621212,0.5490498930378042,173,0.32773897906658334
0.1,35401,0.10004804431381416,0.8999519556861858,0.35946443941818196,0.640535560581818,0.1060098917502803,0.12746629043970162,0.10422222222222222,0.68601278705488,0.5617073310312506,0.6627764409009202,173,0.32773897906658334
0.2,70783,0.20004239204160074,0.7999576079583992,0.45110107436123953,0.5488989256387605,0.2087383151058952,0.20000377487549287,0.2071111111111111,0.7952052842751332,0.6609324075937363,0.7776474191584106,173,0.32773897906658334
0.3,106173,0.30005934885824104,0.699940651141759,0.5379585916734437,0.4620414083265563,0.31152853701835814,0.30528050037898596,0.30933333333333335,0.8548860889289608,0.7483566768398121,0.8429199482160524,173,0.32773897906658334
0.5,176928,0.5000226090888538,0.49997739091114624,0.6950919450227577,0.30490805497724227,0.5140559915907752,0.5015179325781717,0.508888888888889,0.9208361272783708,0.8570303516311432,0.9144356534814162,173,0.32773897906658334
0.75,265397,0.7500480443138141,0.2499519556861859,0.8640388534766587,0.1359611465233412,0.7598689268271579,0.7530918050385955,0.7566666666666666,0.9697178710944832,0.9433166746806084,0.9670233759381588,173,0.32773897906658334
1.0,353840,1.0,0.0,1.0,6.908054375445419e-17,1.0,1.0,1.0,1.0,1.0,1.0,173,0.32773897906658334
0.0,0,0.0,1.0,0.26191017193450705,0.738089828065493,0.010875658244192085,0.09493499333578921,0.014222222222222223,0.34683176722158043,0.41277833597756136,0.35345912172438604,174,0.3274797131906543
0.01,3558,0.010055392267691612,0.9899446077323084,0.27199381028507486,0.7280061897149251,0.017376438482266054,0.09770661440609803,0.01977777777777778,0.4194404397422656,0.4418345530043701,0.4168437855567808,174,0.3274797131906543
0.05,17709,0.050048044313814155,0.9499519556861858,0.31113393264716444,0.6888660673528356,0.048641492001675016,0.10945789905407485,0.049777777777777775,0.571724486410684,0.5044951850934534,0.5475214115365323,174,0.3274797131906543
0.1,35401,0.10004804431381416,0.8999519556861858,0.3595248595916748,0.6404751404083252,0.10064235370914584,0.13093084019489257,0.10222222222222223,0.6883609286351133,0.5638580980703076,0.6656965008096881,174,0.3274797131906543
0.2,70783,0.20004239204160074,0.7999576079583992,0.45087082755344793,0.549129172446552,0.2035175741882656,0.20240733328968616,0.2026666666666667,0.7963877631265528,0.6638300568524442,0.7792791081699539,174,0.3274797131906543
0.3,106173,0.30005934885824104,0.699940651141759,0.5380688015762272,0.4619311984237727,0.3063838012507445,0.30176724829790186,0.3048888888888889,0.8565950082646704,0.7489264027821155,0.8441696108128067,174,0.3274797131906543
0.5,176928,0.5000226090888538,0.49997739091114624,0.6961205182319369,0.30387948176806306,0.4916571591321629,0.5018562478595393,0.4913333333333334,0.9178947312038576,0.8554687359196672,0.9114421550945675,174,0.3274797131906543
0.75,265397,0.7500480443138141,0.2499519556861859,0.8641994043932635,0.13580059560673655,0.7468485486693835,0.754072881642283,0.7448888888888889,0.9682435535851561,0.9423538567026377,0.9654067994915447,174,0.3274797131906543
1.0,353840,1.0,0.0,1.0,6.908054375445419e-17,1.0,1.0,1.0,1.0,1.0,1.0,174,0.3274797131906543
0.0,0,0.0,1.0,0.26191017193450705,0.738089828065493,0.010875658244192085,0.09493499333578921,0.014222222222222223,0.34683176722158043,0.41277833597756136,0.35345912172438604,175,0.32730948840677354
0.01,3558,0.010055392267691612,0.9899446077323084,0.2719921090979527,0.7280078909020473,0.018844769043996002,0.09791238032192974,0.02066666666666667,0.42109425173617787,0.4428250465643467,0.4188511803991262,175,0.32730948840677354
0.05,17709,0.050048044313814155,0.9499519556861858,0.3115776743959084,0.6884223256040916,0.053515283661919245,0.11124336023838312,0.05177777777777778,0.5780846601049972,0.5067525999648923,0.5529726872351667,175,0.32730948840677354
0.1,35401,0.10004804431381416,0.8999519556861858,0.35967923744706587,0.6403207625529342,0.1109645618803303,0.13074548919113443,0.10844444444444444,0.6909445966648918,0.5650377357370457,0.6678562195754918,175,0.32730948840677354
0.2,70783,0.20004239204160074,0.7999576079583992,0.45109772192145875,0.5489022780785412,0.2070231716755497,0.20298914657101316,0.20355555555555552,0.7969171574458986,0.6631911290407989,0.7795762337614145,175,0.32730948840677354
0.3,106173,0.30005934885824104,0.699940651141759,0.5380019641625988,0.4619980358374012,0.29913170036049164,0.29960631723898645,0.29688888888888887,0.8516048356331012,0.7459682911351755,0.8393749982696802,175,0.32730948840677354
0.5,176928,0.5000226090888538,0.49997739091114624,0.6965529070687291,0.30344709293127087,0.49514125974409434,0.4998056603912346,0.49355555555555547,0.916723166309058,0.8544471437298934,0.910499726108441,175,0.32730948840677354
0.75,265397,0.7500480443138141,0.2499519556861859,0.8643144971596362,0.1356855028403638,0.7540277635155852,0.7493862161605288,0.749111111111111,0.9673612754547013,0.9414511366162881,0.9647799068775519,175,0.32730948840677354
1.0,353840,1.0,0.0,1.0,6.908054375445419e-17,1.0,1.0,1.0,1.0,1.0,1.0,175,0.32730948840677354
0.0,0,0.0,1.0,0.26191017193450705,0.738089828065493,0.010875658244192085,0.09493499333578921,0.014222222222222223,0.34683176722158043,0.41277833597756136,0.35345912172438604,176,0.327945302926114
0.01,3558,0.010055392267691612,0.9899446077323084,0.2718656670242244,0.7281343329757756,0.01764316241855774,0.09743907869620892,0.02044444444444445,0.4182029296659462,0.441320990097627,0.4154889940598749,176,0.327945302926114
0.05,17709,0.050048044313814155,0.9499519556861858,0.31052545816589655,0.6894745418341035,0.05031514634208101,0.10736154112173851,0.048444444444444436,0.569724156708075,0.5033867381263119,0.5460118100527116,176,0.327945302926114
0.1,35401,0.10004804431381416,0.8999519556861858,0.35844584640591576,0.6415541535940843,0.09647644714276268,0.12504573993976248,0.09399999999999999,0.6784394521053391,0.559838586411565,0.6568944051201648,176,0.327945302926114
0.2,70783,0.20004239204160074,0.7999576079583992,0.4503917034460825,0.5496082965539175,0.2059432206608035,0.20480400401872412,0.20111111111111113,0.7953767106614633,0.6639195852856129,0.7784470855682634,176,0.327945302926114
0.3,106173,0.30005934885824104,0.699940651141759,0.5377673616752975,0.4622326383247025,0.29560215237723897,0.3011274800367238,0.2962222222222222,0.8507842666772771,0.7456078913728188,0.8384766513858646,176,0.327945302926114
0.5,176928,0.5000226090888538,0.49997739091114624,0.695240461871225,0.304759538128775,0.49259515142996313,0.5010890959058312,0.4931111111111112,0.9167807794900297,0.854125638930384,0.9101680377444884,176,0.327945302926114
0.75,265397,0.7500480443138141,0.2499519556861859,0.8639476122442452,0.1360523877557547,0.7464110955919038,0.749306869502381,0.7431111111111111,0.9680295136857653,0.9412283449912138,0.9650616280870392,176,0.327945302926114
1.0,353840,1.0,0.0,1.0,6.908054375445419e-17,1.0,1.0,1.0,1.0,1.0,1.0,176,0.327945302926114
0.0,0,0.0,1.0,0.26191017193450705,0.738089828065493,0.010875658244192085,0.09493499333578921,0.014222222222222223,0.34683176722158043,0.41277833597756136,0.35345912172438604,177,0.32750681047858765
0.01,3558,0.010055392267691612,0.9899446077323084,0.27168237065545675,0.7283176293445431,0.015688028110239484,0.09672801392441617,0.019111111111111113,0.4146806731215298,0.4400128135805763,0.41189896791928354,177,0.32750681047858765
0.05,17709,0.050048044313814155,0.9499519556861858,0.31090256463132476,0.6890974353686753,0.04831227411454213,0.10599894306604446,0.04755555555555556,0.5650411478870583,0.5018957242928929,0.5415068571708596,177,0.32750681047858765
0.1,35401,0.10004804431381416,0.8999519556861858,0.36001260047680206,0.639987399523198,0.09959532098717404,0.1241333821231339,0.09777777777777778,0.6822428093783266,0.5605317502069356,0.6593589040234366,177,0.32750681047858765
0.2,70783,0.20004239204160074,0.7999576079583992,0.4519977877694142,0.5480022122305859,0.19377534721275505,0.19472452334553264,0.1906666666666667,0.7913672932572218,0.6595232270799194,0.7740705654315112,177,0.32750681047858765
0.3,106173,0.30005934885824104,0.699940651141759,0.5383914507563277,0.46160854924367234,0.2943638922231364,0.29374110314160007,0.29288888888888887,0.8522822976917203,0.7445631392298415,0.8396398827642748,177,0.32750681047858765
0.5,176928,0.5000226090888538,0.49997739091114624,0.6957122243992196,0.30428777560078046,0.4986893757291166,0.49601365167903655,0.4977777777777778,0.920052082338395,0.8552033826039619,0.9131844026811101,177,0.32750681047858765
0.75,265397,0.7500480443138141,0.2499519556861859,0.8637405633833936,0.13625943661660653,0.7499975994297786,0.7454690602886408,0.7457777777777777,0.9679463114719423,0.9405413585500527,0.9649597667759827,177,0.32750681047858765
1.0,353840,1.0,0.0,1.0,6.908054375445419e-17,1.0,1.0,1.0,1.0,1.0,1.0,177,0.32750681047858765
0.0,0,0.0,1.0,0.26191017193450705,0.738089828065493,0.010875658244192085,0.09493499333578921,0.014222222222222223,0.34683176722158043,0.41277833597756136,0.35345912172438604,178,0.3284614739288845
0.01,3558,0.010055392267691612,0.9899446077323084,0.27175437768247446,0.7282456223175257,0.014317114355601429,0.09690722676321303,0.018666666666666668,0.4136507763835925,0.44022806067169057,0.41216383287850666,178,0.3284614739288845
0.05,17709,0.050048044313814155,0.9499519556861858,0.3109194390738963,0.6890805609261037,0.04329080686609916,0.10872451939882606,0.04533333333333334,0.5702065142340428,0.5039580030831476,0.5459749085011681,178,0.3284614739288845
0.1,35401,0.10004804431381416,0.8999519556861858,0.35851862068511725,0.6414813793148827,0.09159168623393125,0.12578953890417072,0.09333333333333334,0.6819100610332037,0.5611494723447186,0.6595368644977719,178,0.3284614739288845
0.2,70783,0.20004239204160074,0.7999576079583992,0.4496893724665869,0.5503106275334131,0.19056698589849239,0.20095715510130713,0.1931111111111111,0.7927931821392741,0.6620239978208434,0.7760397544274042,178,0.3284614739288845
0.3,106173,0.30005934885824104,0.699940651141759,0.5365022054545443,0.4634977945454557,0.29359854670020274,0.30235299471470517,0.3,0.8530847130985616,0.7472298162898382,0.8409579265420736,178,0.3284614739288845
0.5,176928,0.5000226090888538,0.49997739091114624,0.6948015629617156,0.3051984370382844,0.4993814263139053,0.49562139626217705,0.49577777777777765,0.9191875232760084,0.8546486584145002,0.912677654462549,178,0.3284614739288845
0.75,265397,0.7500480443138141,0.2499519556861859,0.863236284503137,0.13676371549686278,0.745631948561056,0.7464220759085205,0.7446666666666668,0.9685389583009816,0.9409874685908863,0.9654986480631644,178,0.3284614739288845
1.0,353840,1.0,0.0,1.0,6.908054375445419e-17,1.0,1.0,1.0,1.0,1.0,1.0,178,0.3284614739288845
0.0,0,0.0,1.0,0.26191017193450705,0.738089828065493,0.010875658244192085,0.09493499333578921,0.014222222222222223,0.34683176722158043,0.41277833597756136,0.35345912172438604,179,0.3278337003738808
0.01,3558,0.010055392267691612,0.9899446077323084,0.27196804290501564,0.7280319570949843,0.01879513057145696,0.09849185548599897,0.02177777777777778,0.42214377622349836,0.4431104722730917,0.4190485624422719,179,0.3278337003738808
0.05,17709,0.050048044313814155,0.9499519556861858,0.3110944126936954,0.6889055873063046,0.05646568036044071,0.10956494457401827,0.05177777777777777,0.5724605552676554,0.5044957686921803,0.5477664569095139,179,0.3278337003738808
0.1,35401,0.10004804431381416,0.8999519556861858,0.3586985206508523,0.6413014793491477,0.0983936197143576,0.12668882861164726,0.09822222222222222,0.6815369270765245,0.560080602449914,0.6584261336060158,179,0.3278337003738808
0.2,70783,0.20004239204160074,0.7999576079583992,0.4503576511382469,0.5496423488617531,0.19824596929546473,0.20228584445827008,0.198,0.7939071585165864,0.6611083024623441,0.7767375788879458,179,0.3278337003738808
0.3,106173,0.30005934885824104,0.699940651141759,0.537595917876703,0.4624040821232969,0.30250997430708615,0.30425789078990845,0.3022222222222222,0.854780214877894,0.7484167345090904,0.8425632051730201,179,0.3278337003738808
0.5,176928,0.5000226090888538,0.49997739091114624,0.6956322034308189,0.30436779656918106,0.5206294210725024,0.5044897110333273,0.516888888888889,0.9259071533164414,0.8596128734692903,0.9188632176707173,179,0.3278337003738808
0.75,265397,0.7500480443138141,0.2499519556861859,0.8639694957887993,0.13603050421120058,0.7589081543284331,0.7493657492266785,0.7537777777777778,0.9711277329117894,0.9428420784614868,0.9680874626574683,179,0.3278337003738808
1.0,353840,1.0,0.0,1.0,6.908054375445419e-17,1.0,1.0,1.0,1.0,1.0,1.0,179,0.3278337003738808
0.0,0,0.0,1.0,0.26191017193450705,0.738089828065493,0.010875658244192085,0.09493499333578921,0.014222222222222223,0.34683176722158043,0.41277833597756136,0.35345912172438604,180,0.32839026561721263
0.01,3558,0.010055392267691612,0.9899446077323084,0.2720752430214038,0.7279247569785962,0.018228748297723002,0.09917657960715467,0.022000000000000006,0.42310485667667364,0.44338465662445875,0.4197212365213256,180,0.32839026561721263
0.05,17709,0.050048044313814155,0.9499519556861858,0.3109026132696779,0.6890973867303221,0.05363427666049799,0.11116358039982492,0.05488888888888888,0.574777937856295,0.5057476206899346,0.5499766335042302,180,0.32839026561721263
0.1,35401,0.10004804431381416,0.8999519556861858,0.35845051247801096,0.6415494875219891,0.10574022644088651,0.12911550823696558,0.10666666666666666,0.6889552296287778,0.5638133834819771,0.6660503180882114,180,0.32839026561721263
0.2,70783,0.20004239204160074,0.7999576079583992,0.45022184210873484,0.5497781578912652,0.21247429964135928,0.20255290942885612,0.20866666666666664,0.7968586515340099,0.6634801894615134,0.7796565783639715,180,0.32839026561721263
0.3,106173,0.30005934885824104,0.699940651141759,0.5369833275428704,0.46301667245712963,0.30547313716741287,0.2983665438347077,0.30177777777777776,0.8532952143027435,0.745927717158071,0.8406405615333583,180,0.32839026561721263
0.5,176928,0.5000226090888538,0.49997739091114624,0.694644406550051,0.3053555934499489,0.49027269171317756,0.4971864395747167,0.4886666666666667,0.9157555945424339,0.8534272167820695,0.9092768465918428,180,0.32839026561721263
0.75,265397,0.7500480443138141,0.2499519556861859,0.8631522397786187,0.13684776022138137,0.7461693030035084,0.7515814437499647,0.7462222222222222,0.9670613904865781,0.9411246820439969,0.9643767830804498,180,0.32839026561721263
1.0,353840,1.0,0.0,1.0,6.908054375445419e-17,1.0,1.0,1.0,1.0,1.0,1.0,180,0.32839026561721263
0.0,0,0.0,1.0,0.26191017193450705,0.738089828065493,0.010875658244192085,0.09493499333578921,0.014222222222222223,0.34683176722158043,0.41277833597756136,0.35345912172438604,181,0.3278083721616465
0.01,3558,0.010055392267691612,0.9899446077323084,0.2720195198298667,0.7279804801701333,0.018689974447980862,0.09792377261416654,0.021111111111111115,0.42130283849796474,0.44299637637537387,0.4188253108172468,181,0.3278083721616465
0.05,17709,0.050048044313814155,0.9499519556861858,0.3111164191335504,0.6888835808664495,0.047983837164441864,0.10752167713658073,0.048888888888888885,0.5700468452606484,0.5028261650092265,0.545967392442278,181,0.3278083721616465
0.1,35401,0.10004804431381416,0.8999519556861858,0.3588502118728215,0.6411497881271785,0.0989393041881986,0.12623322429112252,0.098,0.6827285171373173,0.5606634090147814,0.6605331087954341,181,0.3278083721616465
0.2,70783,0.20004239204160074,0.7999576079583992,0.45113934139120193,0.5488606586087981,0.19628887444080714,0.20134744751803663,0.19777777777777777,0.7929656546473451,0.6620069032588445,0.7763237846001363,181,0.3278083721616465
0.3,106173,0.30005934885824104,0.699940651141759,0.5376776653939017,0.4623223346060983,0.2954651295750361,0.2994224852946657,0.29911111111111116,0.84966220892929,0.7449444696031222,0.8377406627968008,181,0.3278083721616465
0.5,176928,0.5000226090888538,0.49997739091114624,0.6956026385191421,0.30439736148085783,0.5002439599429056,0.500868475404361,0.5017777777777778,0.9184470396949395,0.8549528649879974,0.912041957591224,181,0.3278083721616465
0.75,265397,0.7500480443138141,0.2499519556861859,0.8636810451698159,0.13631895483018436,0.7626954518993995,0.7504704906753952,0.760888888888889,0.9701773728255987,0.9431435606407595,0.9674641961455331,181,0.3278083721616465
1.0,353840,1.0,0.0,1.0,6.908054375445419e-17,1.0,1.0,1.0,1.0,1.0,1.0,181,0.3278083721616465
0.0,0,0.0,1.0,0.26191017193450705,0.738089828065493,0.010875658244192085,0.09493499333578921,0.014222222222222223,0.34683176722158043,0.41277833597756136,0.35345912172438604,182,0.32839908498894865
0.01,3558,0.010055392267691612,0.9899446077323084,0.27180841049373133,0.7281915895062687,0.01843677138134061,0.09793518498950374,0.020222222222222225,0.41818563883979376,0.4416381091778578,0.41549295737485337,182,0.32839908498894865
0.05,17709,0.050048044313814155,0.9499519556861858,0.311139022536272,0.688860977463728,0.05246326058236945,0.10751085867345256,0.05088888888888888,0.5735606625529687,0.5045414127538708,0.5491534028223805,182,0.32839908498894865
0.1,35401,0.10004804431381416,0.8999519556861858,0.35857010260469185,0.6414298973953081,0.10315877583417754,0.12401614265777797,0.1,0.6834103311050737,0.5608136481678018,0.6606214792964654,182,0.32839908498894865
0.2,70783,0.20004239204160074,0.7999576079583992,0.4498897003849883,0.5501102996150117,0.1965673243350208,0.19661394848752534,0.19755555555555557,0.7917602592933981,0.6611693664346958,0.7746632352216972,182,0.32839908498894865
0.3,106173,0.30005934885824104,0.699940651141759,0.5362839580547544,0.4637160419452456,0.29530965964024913,0.296573845153277,0.296,0.8514630263583407,0.7455285154210355,0.8393689880306984,182,0.32839908498894865
0.5,176928,0.5000226090888538,0.49997739091114624,0.6945716477293857,0.3054283522706143,0.49830273505551054,0.49508788662808195,0.49933333333333324,0.918644895065722,0.8544408308383196,0.9119183668749972,182,0.32839908498894865
0.75,265397,0.7500480443138141,0.2499519556861859,0.8636832088278263,0.13631679117217352,0.7430373310473712,0.7484632198496657,0.7451111111111112,0.9664223704442007,0.9407801485159362,0.963773023729384,182,0.32839908498894865
1.0,353840,1.0,0.0,1.0,6.908054375445419e-17,1.0,1.0,1.0,1.0,1.0,1.0,182,0.32839908498894865
0.0,0,0.0,1.0,0.26191017193450705,0.738089828065493,0.010875658244192085,0.09493499333578921,0.014222222222222223,0.34683176722158043,0.41277833597756136,0.35345912172438604,183,0.3281195515029004
0.01,3558,0.010055392267691612,0.9899446077323084,0.2717062783380155,0.7282937216619844,0.015701526942523664,0.09773090662118476,0.019333333333333334,0.4155818737277509,0.44041648257700317,0.41314649310970425,183,0.3281195515029004
0.05,17709,0.050048044313814155,0.9499519556861858,0.3112365223739925,0.6887634776260074,0.05145162723949741,0.10643143768259586,0.04911111111111111,0.5692256381660381,0.5037082370182415,0.5451428106191547,183,0.3281195515029004
0.1,35401,0.10004804431381416,0.8999519556861858,0.3585197755614772,0.6414802244385228,0.09750849942307235,0.1236578260433992,0.09488888888888888,0.6815461174778061,0.5608510988499372,0.6592064305452425,183,0.3281195515029004
0.2,70783,0.20004239204160074,0.7999576079583992,0.45052237656253524,0.5494776234374648,0.2013644201150284,0.19730386706545894,0.19377777777777774,0.7922873183630534,0.6615419371423557,0.77540756116862,183,0.3281195515029004
0.3,106173,0.30005934885824104,0.699940651141759,0.5373160304315624,0.4626839695684376,0.3090785439579891,0.2978684101159097,0.3017777777777778,0.8566019549454782,0.7479437782939286,0.8436633121656123,183,0.3281195515029004
0.5,176928,0.5000226090888538,0.49997739091114624,0.6950912314162572,0.3049087685837427,0.5012767853042013,0.497333051950395,0.49666666666666676,0.9221614402959839,0.8561570693998319,0.9149303852004508,183,0.3281195515029004
0.75,265397,0.7500480443138141,0.2499519556861859,0.8634692041932013,0.13653079580679875,0.7570987195618122,0.7488572289941485,0.7526666666666669,0.9695661888631582,0.9418075275985801,0.9667105533478834,183,0.3281195515029004
1.0,353840,1.0,0.0,1.0,6.908054375445419e-17,1.0,1.0,1.0,1.0,1.0,1.0,183,0.3281195515029004
0.0,0,0.0,1.0,0.26191017193450705,0.738089828065493,0.010875658244192085,0.09493499333578921,0.014222222222222223,0.34683176722158043,0.41277833597756136,0.35345912172438604,184,0.32676066614304466
0.01,3558,0.010055392267691612,0.9899446077323084,0.2716709265296825,0.7283290734703175,0.016552436558433362,0.09780034328889935,0.019111111111111113,0.41841089424810723,0.44151867778845877,0.4159856653912328,184,0.32676066614304466
0.05,17709,0.050048044313814155,0.9499519556861858,0.31174297757159114,0.6882570224284088,0.05315559105783935,0.10874256945226149,0.051333333333333335,0.5705290929612997,0.5037669614785447,0.5461181224758902,184,0.32676066614304466
0.1,35401,0.10004804431381416,0.8999519556861858,0.3601510728458233,0.6398489271541766,0.10289650503553562,0.12760629788207983,0.10466666666666664,0.686268166693965,0.5619945202472232,0.6631997729673622,184,0.32676066614304466
0.2,70783,0.20004239204160074,0.7999576079583992,0.4531354404088913,0.5468645595911087,0.2054893058921528,0.20193003713405142,0.20266666666666666,0.7971400388490945,0.6633309530152237,0.7797187982103058,184,0.32676066614304466
0.3,106173,0.30005934885824104,0.699940651141759,0.5399895416978585,0.4600104583021415,0.30170782216309655,0.30400912894611765,0.2968888888888889,0.8527422418962437,0.7478273560387529,0.8405159693898216,184,0.32676066614304466
0.5,176928,0.5000226090888538,0.49997739091114624,0.696803431733264,0.303196568266736,0.49884306464716316,0.50250653567076,0.49511111111111106,0.9185251540072964,0.8556160146874581,0.9116021960284625,184,0.32676066614304466
0.75,265397,0.7500480443138141,0.2499519556861859,0.8641375620238716,0.1358624379761284,0.7534838283444328,0.745544378956251,0.7466666666666667,0.9691112419729734,0.9411141523314351,0.9661553504551257,184,0.32676066614304466
1.0,353840,1.0,0.0,1.0,6.908054375445419e-17,1.0,1.0,1.0,1.0,1.0,1.0,184,0.32676066614304466
0.0,0,0.0,1.0,0.26191017193450705,0.738089828065493,0.010875658244192085,0.09493499333578921,0.014222222222222223,0.34683176722158043,0.41277833597756136,0.35345912172438604,185,0.32737593404734633
0.01,3558,0.010055392267691612,0.9899446077323084,0.2719760666186757,0.7280239333813243,0.01872179831387296,0.09950174036743681,0.02177777777777778,0.42592304594177216,0.4447097047572133,0.42246599750585967,185,0.32737593404734633
0.05,17709,0.050048044313814155,0.9499519556861858,0.31019427905202546,0.6898057209479744,0.05191404720843972,0.11153087287951373,0.05355555555555556,0.5753992508188811,0.50533784852705,0.5509002986411595,185,0.32737593404734633
0.1,35401,0.10004804431381416,0.8999519556861858,0.3579458857627219,0.6420541142372782,0.09817660272330699,0.12913264059347157,0.10022222222222225,0.686629042162578,0.561009682531541,0.6637566517506084,185,0.32737593404734633
0.2,70783,0.20004239204160074,0.7999576079583992,0.4501612293757271,0.5498387706242729,0.1932474721018293,0.1984665452490806,0.19711111111111118,0.7934717059501921,0.6617759918515687,0.776376020784962,185,0.32737593404734633
0.3,106173,0.30005934885824104,0.699940651141759,0.538300703125097,0.46169929687490296,0.29845879856589375,0.30157163090867506,0.30044444444444446,0.856206237739258,0.7486428102019553,0.8436733842195603,185,0.32737593404734633
0.5,176928,0.5000226090888538,0.49997739091114624,0.6969549475671258,0.30304505243287405,0.5006540218582131,0.5022990345376509,0.500888888888889,0.9217678763968202,0.8575243696334768,0.915098581566116,185,0.32737593404734633
0.75,265397,0.7500480443138141,0.2499519556861859,0.8646528717047801,0.13534712829521986,0.7394301979425575,0.7486780769335337,0.7462222222222222,0.9676232642788903,0.9410485951372689,0.9648412277783152,185,0.32737593404734633
1.0,353840,1.0,0.0,1.0,6.908054375445419e-17,1.0,1.0,1.0,1.0,1.0,1.0,185,0.32737593404734633
0.0,0,0.0,1.0,0.26191017193450705,0.738089828065493,0.010875658244192085,0.09493499333578921,0.014222222222222223,0.34683176722158043,0.41277833597756136,0.35345912172438604,186,0.3287687744539176
0.01,3558,0.010055392267691612,0.9899446077323084,0.27161124098349815,0.7283887590165019,0.01575304994378511,0.09844968295439532,0.018444444444444447,0.4157232488595005,0.44061429272812497,0.41312884431339064,186,0.3287687744539176
0.05,17709,0.050048044313814155,0.9499519556861858,0.31031367070026517,0.6896863292997347,0.04956421080852315,0.10960941392292319,0.04755555555555556,0.5673017794245939,0.502279036807361,0.5433222476787013,186,0.3287687744539176
0.1,35401,0.10004804431381416,0.8999519556861858,0.35776504052862446,0.6422349594713754,0.09463786471477868,0.1264769991315385,0.09311111111111112,0.6799301594618758,0.5577092147323316,0.6565903694402313,186,0.3287687744539176
0.2,70783,0.20004239204160074,0.7999576079583992,0.448183315321301,0.5518166846786989,0.19755907970287945,0.1980774308165395,0.19266666666666665,0.7938196618456353,0.6593563017091708,0.7764242782775608,186,0.3287687744539176
0.3,106173,0.30005934885824104,0.699940651141759,0.5353748478995738,0.4646251521004262,0.30213782873175943,0.2971385428853317,0.2966666666666667,0.8535413353422199,0.7454626046401949,0.8408583012995445,186,0.3287687744539176
0.5,176928,0.5000226090888538,0.49997739091114624,0.6945673852666592,0.3054326147333407,0.4895768740779174,0.4960445732617202,0.4862222222222222,0.917057386379515,0.8531870969600285,0.9104190904966128,186,0.3287687744539176
0.75,265397,0.7500480443138141,0.2499519556861859,0.8638461138028461,0.13615388619715374,0.756466454578136,0.7532723707836866,0.7551111111111111,0.9694747089446144,0.9428137231168138,0.9667344536390746,186,0.3287687744539176
1.0,353840,1.0,0.0,1.0,6.908054375445419e-17,1.0,1.0,1.0,1.0,1.0,1.0,186,0.3287687744539176
0.0,0,0.0,1.0,0.26191017193450705,0.738089828065493,0.010875658244192085,0.09493499333578921,0.014222222222222223,0.34683176722158043,0.41277833597756136,0.35345912172438604,187,0.3280386282192911
0.01,3558,0.010055392267691612,0.9899446077323084,0.27167580716534384,0.7283241928346562,0.021651338582316736,0.0985442363004394,0.022222222222222223,0.42221927609556986,0.4433009602663556,0.41873965638386057,187,0.3280386282192911
0.05,17709,0.050048044313814155,0.9499519556861858,0.3107770861379724,0.6892229138620276,0.05432310896740555,0.10896462497199551,0.05244444444444443,0.5713614508549505,0.5042160068101028,0.5468603961001914,187,0.3280386282192911
0.1,35401,0.10004804431381416,0.8999519556861858,0.35878276551964106,0.6412172344803592,0.1063026731298499,0.12672317494354945,0.10488888888888886,0.6885448303659447,0.5629096910073096,0.665101761032241,187,0.3280386282192911
0.2,70783,0.20004239204160074,0.7999576079583992,0.4506375478533538,0.5493624521466463,0.20282487660010182,0.20261854724671846,0.2057777777777778,0.7999792720416781,0.6644956860175788,0.7825512149848859,187,0.3280386282192911
0.3,106173,0.30005934885824104,0.699940651141759,0.5373549430660863,0.46264505693391367,0.3083618225628169,0.299230298855646,0.3102222222222222,0.8578831990629102,0.7480356947678248,0.8451121081682028,187,0.3280386282192911
0.5,176928,0.5000226090888538,0.49997739091114624,0.6951001814570948,0.30489981854290504,0.5095136002886107,0.5029923837009892,0.5148888888888888,0.9230728892370613,0.8582101126923087,0.916573483207296,187,0.3280386282192911
0.75,265397,0.7500480443138141,0.2499519556861859,0.8637222845771084,0.13627771542289163,0.754965094604053,0.7477198157978678,0.7582222222222224,0.969642007040211,0.9424282338335419,0.9671065117929677,187,0.3280386282192911
1.0,353840,1.0,0.0,1.0,6.908054375445419e-17,1.0,1.0,1.0,1.0,1.0,1.0,187,0.3280386282192911
0.0,0,0.0,1.0,0.26191017193450705,0.738089828065493,0.010875658244192085,0.09493499333578921,0.014222222222222223,0.34683176722158043,0.41277833597756136,0.35345912172438604,188,0.3275834938622916
0.01,3558,0.010055392267691612,0.9899446077323084,0.2715781545032464,0.7284218454967536,0.016308554110775315,0.09643218837643414,0.01977777777777778,0.4168073869305101,0.4409515876505189,0.41414975216520955,188,0.3275834938622916
0.05,17709,0.050048044313814155,0.9499519556861858,0.31107050802406705,0.688929491975933,0.049054715942220356,0.10602956338338743,0.048444444444444436,0.5679820830304192,0.5022162353542449,0.5435042258329025,188,0.3275834938622916
0.1,35401,0.10004804431381416,0.8999519556861858,0.3588569988069621,0.6411430011930379,0.10088563297669645,0.12690125766097549,0.10066666666666665,0.685360495101886,0.560855388604522,0.6620396672695756,188,0.3275834938622916
0.2,70783,0.20004239204160074,0.7999576079583992,0.4513433376210294,0.5486566623789706,0.21083801077447972,0.19842636852168738,0.21177777777777773,0.801098060376946,0.6638682197087916,0.7828822376570896,188,0.3275834938622916
0.3,106173,0.30005934885824104,0.699940651141759,0.5388856240825283,0.4611143759174718,0.3036365468672303,0.29630088538710314,0.3053333333333334,0.8564247054505228,0.747333834597919,0.8431893552574032,188,0.3275834938622916
0.5,176928,0.5000226090888538,0.49997739091114624,0.6953657222843248,0.30463427771567503,0.5045992072845255,0.4975508489535258,0.506,0.9229238087025109,0.8565693702098022,0.9159734443111124,188,0.3275834938622916
0.75,265397,0.7500480443138141,0.2499519556861859,0.8640378694980932,0.13596213050190692,0.7414908096675769,0.7492209330098555,0.742888888888889,0.9678747751648911,0.9411280483853073,0.9650662830541007,188,0.3275834938622916
1.0,353840,1.0,0.0,1.0,6.908054375445419e-17,1.0,1.0,1.0,1.0,1.0,1.0,188,0.3275834938622916
0.0,0,0.0,1.0,0.26191017193450705,0.738089828065493,0.010875658244192085,0.09493499333578921,0.014222222222222223,0.34683176722158043,0.41277833597756136,0.35345912172438604,189,0.32742647350436305
0.01,3558,0.010055392267691612,0.9899446077323084,0.2720508387025267,0.7279491612974733,0.01602260196900798,0.09650955608395176,0.018888888888888893,0.41723827772503086,0.44135705622821,0.4153720554581827,189,0.32742647350436305
0.05,17709,0.050048044313814155,0.9499519556861858,0.3113717959150544,0.6886282040849456,0.051361145678143906,0.10767223023702073,0.05244444444444443,0.5716628174949893,0.5038293767992512,0.5471550142032048,189,0.32742647350436305
0.1,35401,0.10004804431381416,0.8999519556861858,0.3588504108355989,0.6411495891644011,0.10813215607514509,0.12640768320621062,0.10866666666666668,0.6887564067186133,0.5630199242926809,0.665224152149526,189,0.32742647350436305
0.2,70783,0.20004239204160074,0.7999576079583992,0.4516394197932372,0.5483605802067628,0.21578035845393495,0.2032909129315659,0.21599999999999997,0.8024716772850119,0.6662867270313192,0.7848049825663895,189,0.32742647350436305
0.3,106173,0.30005934885824104,0.699940651141759,0.5386131857516937,0.4613868142483063,0.3074280741208511,0.30100274385783166,0.30933333333333335,0.8567812122850542,0.748633749073905,0.8442476040908369,189,0.32742647350436305
0.5,176928,0.5000226090888538,0.49997739091114624,0.6957061054190631,0.30429389458093703,0.5011978313486884,0.4985407887740203,0.5082222222222221,0.9234988843763481,0.8573226970864576,0.9166105556246544,189,0.32742647350436305
0.75,265397,0.7500480443138141,0.2499519556861859,0.8643050736277319,0.135694926372268,0.7439723122182217,0.7476518058079658,0.75,0.9705158939769567,0.9423544056219735,0.9673887818801544,189,0.32742647350436305
1.0,353840,1.0,0.0,1.0,6.908054375445419e-17,1.0,1.0,1.0,1.0,1.0,1.0,189,0.32742647350436305
0.0,0,0.0,1.0,0.26191017193450705,0.738089828065493,0.010875658244192085,0.09493499333578921,0.014222222222222223,0.34683176722158043,0.41277833597756136,0.35345912172438604,190,0.3275243120632081
0.01,3558,0.010055392267691612,0.9899446077323084,0.2722017494738534,0.7277982505261468,0.016690719744648107,0.09779869970534286,0.020000000000000004,0.4187385229543698,0.44165487846267365,0.4163233844668366,190,0.3275243120632081
0.05,17709,0.050048044313814155,0.9499519556861858,0.31128273943104545,0.6887172605689543,0.050705339065807306,0.10655346590083672,0.050444444444444445,0.5671516093444767,0.5019716800389263,0.5432538310859129,190,0.3275243120632081
0.1,35401,0.10004804431381416,0.8999519556861858,0.3591483500447991,0.6408516499552009,0.10076773956331775,0.12485028947835018,0.10044444444444443,0.6834063258822821,0.5606723235715811,0.6602280136751786,190,0.3275243120632081
0.2,70783,0.20004239204160074,0.7999576079583992,0.45075005888624914,0.5492499411137508,0.20115025641109452,0.1977562329103937,0.20088888888888892,0.7942756399453454,0.6609284027243159,0.7768959822668585,190,0.3275243120632081
0.3,106173,0.30005934885824104,0.699940651141759,0.5378067111256525,0.4621932888743476,0.30005196506733284,0.2995242023186164,0.3002222222222222,0.8547377792099827,0.7465450469553276,0.8422626851184543,190,0.3275243120632081
0.5,176928,0.5000226090888538,0.49997739091114624,0.6959481198189549,0.304051880181045,0.5001397804044891,0.5028265875303345,0.4986666666666667,0.9224086691572595,0.8577455533480827,0.9154603461613371,190,0.3275243120632081
0.75,265397,0.7500480443138141,0.2499519556861859,0.8644470805483503,0.1355529194516497,0.7472188564302338,0.7544513981316764,0.7446666666666666,0.9700641478132431,0.9428059559920924,0.9668827238281461,190,0.3275243120632081
1.0,353840,1.0,0.0,1.0,6.908054375445419e-17,1.0,1.0,1.0,1.0,1.0,1.0,190,0.3275243120632081
0.0,0,0.0,1.0,0.26191017193450705,0.738089828065493,0.010875658244192085,0.09493499333578921,0.014222222222222223,0.34683176722158043,0.41277833597756136,0.35345912172438604,191,0.3280076486314033
0.01,3558,0.010055392267691612,0.9899446077323084,0.27178726025785305,0.728212739742147,0.016750989426350893,0.09780254972792254,0.02066666666666667,0.41787456968188436,0.44121719420652356,0.41512616925373874,191,0.3280076486314033
0.05,17709,0.050048044313814155,0.9499519556861858,0.31102326688896725,0.6889767331110328,0.04738375062837656,0.10727212978396654,0.049555555555555554,0.567659038191276,0.5028095732692596,0.5440852247770976,191,0.3280076486314033
0.1,35401,0.10004804431381416,0.8999519556861858,0.3587587321932912,0.6412412678067088,0.0985846084195886,0.12434087511170071,0.10000000000000002,0.6842219748523908,0.5621684078286756,0.6619290435025201,191,0.3280076486314033
0.2,70783,0.20004239204160074,0.7999576079583992,0.4508163447799683,0.5491836552200317,0.19923411761822177,0.19551482219483168,0.20199999999999999,0.7951033528821725,0.6615964691267759,0.7773142097846149,191,0.3280076486314033
0.3,106173,0.30005934885824104,0.699940651141759,0.5375786979139463,0.46242130208605364,0.29020775213799194,0.2931402910547843,0.2948888888888889,0.8524159146702982,0.7445954897551813,0.8396673218411191,191,0.3280076486314033
0.5,176928,0.5000226090888538,0.49997739091114624,0.6947802048249982,0.3052197951750017,0.48517419500077347,0.49359524141976563,0.4871111111111112,0.9162562521997545,0.8528812683692908,0.9096984385323416,191,0.3280076486314033
0.75,265397,0.7500480443138141,0.2499519556861859,0.8638801597235226,0.13611984027647744,0.7384702157962562,0.7468659281638712,0.7393333333333333,0.9664670807305971,0.9401508714471725,0.9636306939551643,191,0.3280076486314033
1.0,353840,1.0,0.0,1.0,6.908054375445419e-17,1.0,1.0,1.0,1.0,1.0,1.0,191,0.3280076486314033
0.0,0,0.0,1.0,0.26191017193450705,0.738089828065493,0.010875658244192085,0.09493499333578921,0.014222222222222223,0.34683176722158043,0.41277833597756136,0.35345912172438604,192,0.32800122952141325
0.01,3558,0.010055392267691612,0.9899446077323084,0.2719138544568066,0.7280861455431934,0.015729856486738438,0.09803367723876251,0.018888888888888893,0.4186237554434267,0.4419522272322775,0.41636678436654034,192,0.32800122952141325
0.05,17709,0.050048044313814155,0.9499519556861858,0.3111449548271991,0.6888550451728009,0.05051732750342561,0.10944713788024352,0.05022222222222221,0.5692582966335956,0.5035763815341087,0.545182551002983,192,0.32800122952141325
0.1,35401,0.10004804431381416,0.8999519556861858,0.3590375230679733,0.6409624769320268,0.10273127184078364,0.1273678154051107,0.09977777777777778,0.6849052108012279,0.5613854577569922,0.6615722680709045,192,0.32800122952141325
0.2,70783,0.20004239204160074,0.7999576079583992,0.45159925676848467,0.5484007432315153,0.21657355431887632,0.20318112951531875,0.212,0.8021408315642014,0.6643220945605152,0.7841439818075904,192,0.32800122952141325
0.3,106173,0.30005934885824104,0.699940651141759,0.5379501198291347,0.4620498801708654,0.31750990349786634,0.303937255962465,0.3171111111111112,0.8584750305950812,0.7487295833116988,0.8459038915513479,192,0.32800122952141325
0.5,176928,0.5000226090888538,0.49997739091114624,0.6947022060490127,0.3052977939509874,0.5063788918072976,0.505702643010585,0.5075555555555555,0.9220336100481733,0.8574565433662369,0.9153175267206486,192,0.32800122952141325
0.75,265397,0.7500480443138141,0.2499519556861859,0.8633217793641185,0.1366782206358815,0.7571473443067489,0.754086298598534,0.7553333333333334,0.9700414095881301,0.9429668211455878,0.9672575326978268,192,0.32800122952141325
1.0,353840,1.0,0.0,1.0,6.908054375445419e-17,1.0,1.0,1.0,1.0,1.0,1.0,192,0.32800122952141325
0.0,0,0.0,1.0,0.26191017193450705,0.738089828065493,0.010875658244192085,0.09493499333578921,0.014222222222222223,0.34683176722158043,0.41277833597756136,0.35345912172438604,193,0.32791754820111113
0.01,3558,0.010055392267691612,0.9899446077323084,0.2717371794858838,0.7282628205141162,0.018230655994711416,0.09710087389789493,0.021333333333333336,0.4190179334899489,0.44195505915342276,0.4163571503171328,193,0.32791754820111113
0.05,17709,0.050048044313814155,0.9499519556861858,0.3108184199213064,0.6891815800786938,0.05114989206919619,0.10819424481854104,0.04933333333333332,0.5722479878262685,0.5037387808845377,0.5473593191924018,193,0.32791754820111113
0.1,35401,0.10004804431381416,0.8999519556861858,0.3590192602968251,0.6409807397031748,0.09500025790072042,0.12563052960894333,0.09355555555555556,0.6832493629419042,0.5606204042960059,0.6610154925610603,193,0.32791754820111113
0.2,70783,0.20004239204160074,0.7999576079583992,0.4507511524281413,0.5492488475718587,0.19473404805814873,0.20218001845558678,0.19644444444444445,0.7934117486301986,0.663021977634343,0.7766261856643576,193,0.32791754820111113
0.3,106173,0.30005934885824104,0.699940651141759,0.5372960266725564,0.4627039733274437,0.29900739577820673,0.3020163891510312,0.29866666666666664,0.8524215131909109,0.7474481494469428,0.8402667124066491,193,0.32791754820111113
0.5,176928,0.5000226090888538,0.49997739091114624,0.6954797725761507,0.30452022742384927,0.5001257313475466,0.5088549410429014,0.5011111111111111,0.9184236483012626,0.8575357438496214,0.9121622393050641,193,0.32791754820111113
0.75,265397,0.7500480443138141,0.2499519556861859,0.8637703581428249,0.13622964185717523,0.7495270082181622,0.7544392524919823,0.7488888888888888,0.9676148050686748,0.9421734757832708,0.9648530273122478,193,0.32791754820111113
1.0,353840,1.0,0.0,1.0,6.908054375445419e-17,1.0,1.0,1.0,1.0,1.0,1.0,193,0.32791754820111113
0.0,0,0.0,1.0,0.26191017193450705,0.738089828065493,0.010875658244192085,0.09493499333578921,0.014222222222222223,0.34683176722158043,0.41277833597756136,0.35345912172438604,194,0.3280262299543607
0.01,3558,0.010055392267691612,0.9899446077323084,0.2719453132224498,0.7280546867775501,0.015451003785787155,0.09706307053621975,0.01688888888888889,0.41360314998002834,0.4394988726353039,0.41082740455457245,194,0.3280262299543607
0.05,17709,0.050048044313814155,0.9499519556861858,0.31059697464025354,0.6894030253597464,0.042936056840736286,0.10585761819399792,0.04222222222222223,0.5582109410523542,0.498846159427209,0.5353696290493933,194,0.3280262299543607
0.1,35401,0.10004804431381416,0.8999519556861858,0.3588039909934595,0.6411960090065405,0.09158256591150636,0.1235373044903692,0.0911111111111111,0.6753664688324247,0.5571727556503787,0.6533657619548678,194,0.3280262299543607
0.2,70783,0.20004239204160074,0.7999576079583992,0.4504723816193301,0.5495276183806699,0.19261177131963428,0.19629432215627365,0.19466666666666665,0.7877438986138098,0.6579520652087507,0.7711116454349987,194,0.3280262299543607
0.3,106173,0.30005934885824104,0.699940651141759,0.5366854708283407,0.4633145291716592,0.297703028832106,0.29622205350316677,0.30044444444444446,0.8511971168547002,0.7451645324274949,0.839036997115805,194,0.3280262299543607
0.5,176928,0.5000226090888538,0.49997739091114624,0.6953777991804037,0.3046222008195961,0.49800101851033873,0.4942454354651258,0.49644444444444447,0.9193703276414172,0.8551707427635103,0.9128816371175702,194,0.3280262299543607
0.75,265397,0.7500480443138141,0.2499519556861859,0.8639888406162624,0.13601115938373784,0.7512145644597036,0.7418928914291871,0.7497777777777779,0.9680510723466565,0.9404282703219473,0.9652191387945215,194,0.3280262299543607
1.0,353840,1.0,0.0,1.0,6.908054375445419e-17,1.0,1.0,1.0,1.0,1.0,1.0,194,0.3280262299543607
0.0,0,0.0,1.0,0.26191017193450705,0.738089828065493,0.010875658244192085,0.09493499333578921,0.014222222222222223,0.34683176722158043,0.41277833597756136,0.35345912172438604,195,0.32761462203750236
0.01,3558,0.010055392267691612,0.9899446077323084,0.2717996501469551,0.7282003498530449,0.014609964501949114,0.09763082208851996,0.018444444444444447,0.41501820678164725,0.44011889172031504,0.412725055786441,195,0.32761462203750236
0.05,17709,0.050048044313814155,0.9499519556861858,0.31083382151753214,0.6891661784824678,0.04884409741821823,0.11021753491663779,0.051333333333333335,0.5702527645695084,0.5033339199182312,0.5460195734826905,195,0.32761462203750236
0.1,35401,0.10004804431381416,0.8999519556861858,0.35862565535632873,0.6413743446436713,0.09392433315982583,0.1308269485084763,0.09577777777777777,0.6837327330995477,0.560766188884655,0.6610858913818062,195,0.32761462203750236
0.2,70783,0.20004239204160074,0.7999576079583992,0.4507365994538536,0.5492634005461464,0.19431573726153886,0.20661457003449163,0.19777777777777775,0.791538512746454,0.6629922027919577,0.775626919080905,195,0.32761462203750236
0.3,106173,0.30005934885824104,0.699940651141759,0.5379045842536766,0.46209541574632335,0.29066023471377017,0.3073112960829696,0.2946666666666667,0.8492944217308822,0.7484597583908,0.8378075330275243,195,0.32761462203750236
0.5,176928,0.5000226090888538,0.49997739091114624,0.6959920082675023,0.3040079917324976,0.49430404327963734,0.5074622736977001,0.4964444444444445,0.9196642139554191,0.8575564717054373,0.9132309774181228,195,0.32761462203750236
0.75,265397,0.7500480443138141,0.2499519556861859,0.8642708478384787,0.13572915216152148,0.75362926340851,0.7563414590470728,0.754,0.9689922857245433,0.9432050230073132,0.9662628352835907,195,0.32761462203750236
1.0,353840,1.0,0.0,1.0,6.908054375445419e-17,1.0,1.0,1.0,1.0,1.0,1.0,195,0.32761462203750236
0.0,0,0.0,1.0,0.26191017193450705,0.738089828065493,0.010875658244192085,0.09493499333578921,0.014222222222222223,0.34683176722158043,0.41277833597756136,0.35345912172438604,196,0.32778497745108776
0.01,3558,0.010055392267691612,0.9899446077323084,0.27182558437410403,0.728174415625896,0.01885866450372731,0.09729986351479192,0.022,0.4192853822766586,0.4416795921941779,0.4164523276691597,196,0.32778497745108776
0.05,17709,0.050048044313814155,0.9499519556861858,0.3119069740552592,0.6880930259447408,0.04971846438632485,0.10666055240858402,0.05333333333333333,0.5692837007540333,0.502643380315745,0.5449365850748835,196,0.32778497745108776
0.1,35401,0.10004804431381416,0.8999519556861858,0.36024306480515716,0.6397569351948428,0.09890327476704715,0.12411535236254283,0.1,0.6822278049016742,0.5586948909422198,0.6586105852667548,196,0.32778497745108776
0.2,70783,0.20004239204160074,0.7999576079583992,0.4506584670570014,0.5493415329429986,0.19239080640545358,0.19466757457212952,0.19311111111111115,0.7894449890303785,0.6576987380437082,0.7721210448401513,196,0.32778497745108776
0.3,106173,0.30005934885824104,0.699940651141759,0.5377324330162672,0.4622675669837327,0.28978240193777005,0.2934374948850967,0.2902222222222222,0.8491594369264628,0.743020614061103,0.8365440564371979,196,0.32778497745108776
0.5,176928,0.5000226090888538,0.49997739091114624,0.6954514377205877,0.3045485622794121,0.4897980833653591,0.49253874991071084,0.48844444444444446,0.9170926613034941,0.8523891152718345,0.9103386380726189,196,0.32778497745108776
0.75,265397,0.7500480443138141,0.2499519556861859,0.8635294804365278,0.13647051956347206,0.7472580853953079,0.7498686756682141,0.7499999999999999,0.9683144185392205,0.9411939544427456,0.9654715230756736,196,0.32778497745108776
1.0,353840,1.0,0.0,1.0,6.908054375445419e-17,1.0,1.0,1.0,1.0,1.0,1.0,196,0.32778497745108776
0.0,0,0.0,1.0,0.26191017193450705,0.738089828065493,0.010875658244192085,0.09493499333578921,0.014222222222222223,0.34683176722158043,0.41277833597756136,0.35345912172438604,197,0.32761157334295243
0.01,3558,0.010055392267691612,0.9899446077323084,0.2719146110080808,0.7280853889919192,0.01733174809389483,0.09858753756539744,0.021333333333333336,0.420956007423515,0.4426846512066706,0.41844848063368606,197,0.32761157334295243
0.05,17709,0.050048044313814155,0.9499519556861858,0.3108419179527939,0.6891580820472061,0.043013120167650784,0.10895381747627932,0.04733333333333333,0.5674400544661318,0.5021289896649479,0.5435709259256615,197,0.32761157334295243
0.1,35401,0.10004804431381416,0.8999519556861858,0.35832961790562595,0.641670382094374,0.09307676973787896,0.12815074741137683,0.09755555555555555,0.6832955356256869,0.5609967503796124,0.6609336115470829,197,0.32761157334295243
0.2,70783,0.20004239204160074,0.7999576079583992,0.45075492630147135,0.5492450736985285,0.19249678356161723,0.20412521460534283,0.19688888888888886,0.7933743609742467,0.6629137652408224,0.7769978464205031,197,0.32761157334295243
0.3,106173,0.30005934885824104,0.699940651141759,0.537606255225108,0.46239374477489203,0.2985985134429815,0.30377676485495664,0.30133333333333334,0.8534999362925063,0.7482348578961533,0.8414863146493359,197,0.32761157334295243
0.5,176928,0.5000226090888538,0.49997739091114624,0.6954990008656943,0.3045009991343058,0.49655142006550645,0.5055605347705904,0.4953333333333334,0.9205087922586347,0.8576308370829777,0.9138030841893277,197,0.32761157334295243
0.75,265397,0.7500480443138141,0.2499519556861859,0.8649742679160501,0.13502573208395,0.7607454647845119,0.7553365610409655,0.7575555555555558,0.9699291537036983,0.9436612484764229,0.9671957605890779,197,0.32761157334295243
1.0,353840,1.0,0.0,1.0,6.908054375445419e-17,1.0,1.0,1.0,1.0,1.0,1.0,197,0.32761157334295243
0.0,0,0.0,1.0,0.26191017193450705,0.738089828065493,0.010875658244192085,0.09493499333578921,0.014222222222222223,0.34683176722158043,0.41277833597756136,0.35345912172438604,198,0.32769904852703685
0.01,3558,0.010055392267691612,0.9899446077323084,0.2719350710914761,0.7280649289085239,0.01592096644104753,0.0966164741170164,0.019333333333333334,0.4165021555197897,0.44076886262287046,0.4141654207536109,198,0.32769904852703685
0.05,17709,0.050048044313814155,0.9499519556861858,0.31106868443513064,0.6889313155648693,0.05189670141836332,0.10890006371982698,0.05088888888888887,0.5711198442805657,0.5045889605990946,0.5468266927868104,198,0.32769904852703685
0.1,35401,0.10004804431381416,0.8999519556861858,0.35902671366747546,0.6409732863325244,0.10050892998427231,0.1232526703878246,0.09911111111111114,0.6818150584947938,0.5607438936319037,0.6595099959509466,198,0.32769904852703685
0.2,70783,0.20004239204160074,0.7999576079583992,0.45060751953963113,0.5493924804603689,0.2017085328621356,0.19645838893908427,0.1991111111111111,0.7925633341594379,0.661600843060323,0.7753655348537168,198,0.32769904852703685
0.3,106173,0.30005934885824104,0.699940651141759,0.5372931725942663,0.46270682740573366,0.29659154131712995,0.2934962848332777,0.2953333333333334,0.8498545787385011,0.744835885259408,0.8372296615938191,198,0.32769904852703685
0.5,176928,0.5000226090888538,0.49997739091114624,0.6961192287186384,0.3038807712813615,0.49518535923358914,0.4950931499863338,0.4955555555555556,0.9191592416281471,0.8548239871303097,0.9122995083613025,198,0.32769904852703685
0.75,265397,0.7500480443138141,0.2499519556861859,0.8640609546082543,0.1359390453917457,0.7517219131311784,0.749567959812942,0.7528888888888888,0.9677431735386289,0.9414653755819414,0.965221351271758,198,0.32769904852703685
1.0,353840,1.0,0.0,1.0,6.908054375445419e-17,1.0,1.0,1.0,1.0,1.0,1.0,198,0.32769904852703685
0.0,0,0.0,1.0,0.26191017193450705,0.738089828065493,0.010875658244192085,0.09493499333578921,0.014222222222222223,0.34683176722158043,0.41277833597756136,0.35345912172438604,199,0.3271670188212413
0.01,3558,0.010055392267691612,0.9899446077323084,0.2718524046576116,0.7281475953423884,0.012913876378781986,0.09724758399698835,0.017333333333333333,0.4148634989681283,0.440623487519973,0.41281043541899665,199,0.3271670188212413
0.05,17709,0.050048044313814155,0.9499519556861858,0.31114784142564367,0.6888521585743562,0.04755910475172232,0.10634632260351427,0.04711111111111111,0.5647017685766664,0.5014599043099714,0.5411992248187791,199,0.3271670188212413
0.1,35401,0.10004804431381416,0.8999519556861858,0.35950132607015095,0.6404986739298489,0.09474412315533244,0.123241562639995,0.09377777777777777,0.6766621182617687,0.557924194384777,0.6545972456587907,199,0.3271670188212413
0.2,70783,0.20004239204160074,0.7999576079583992,0.45149067084858385,0.5485093291514161,0.19490405851653184,0.19684260819047342,0.19111111111111115,0.7922378550629874,0.6604880541357022,0.7750600819936325,199,0.3271670188212413
0.3,106173,0.30005934885824104,0.699940651141759,0.5379626492227904,0.46203735077720953,0.29338663651487523,0.29847167689384163,0.29000000000000004,0.8511888498741603,0.7457883748822364,0.8388144874070431,199,0.3271670188212413
0.5,176928,0.5000226090888538,0.49997739091114624,0.6962776543297383,0.3037223456702617,0.4972383702869746,0.49894696287109885,0.49244444444444446,0.9203990986850521,0.8558275322058659,0.9132414274849682,199,0.3271670188212413
0.75,265397,0.7500480443138141,0.2499519556861859,0.8651432520594877,0.1348567479405124,0.7548569231990172,0.7521100272680802,0.7533333333333333,0.9694128069475141,0.9428383081884519,0.9665299111894774,199,0.3271670188212413
1.0,353840,1.0,0.0,1.0,6.908054375445419e-17,1.0,1.0,1.0,1.0,1.0,1.0,199,0.3271670188212413
